1581422084844246,E28068900000000018344AC51516,1,-74.5,1
1581422085103417,E28068900000000018344AC51516,1,-74.5,1
1581422085150654,E28068900000000018344AC51516,1,-75.0,1
1581422085380950,E28068900000000018344AC51516,1,-76.0,1
1581422085446780,E28068900000000018344AC51516,1,-74.5,1
1581422085962217,3005FB63AC1F3681EC8814481516,1,-68.0,1
1581422085975358,3005FB63AC1F3681EC8813181516,1,-68.5,1
1581422086005106,3005FB63AC1F3681EC8814481516,1,-68.0,1
1581422086154528,3005FB63AC1F3681EC8813181516,3,-65.0,1
1581422086268094,3005FB63AC1F3681EC8813181516,1,-67.5,1
1581422086300516,3005FB63AC1F3681EC8813181516,1,-67.0,1
1581422086390854,3005FB63AC1F3681EC8814481516,3,-65.0,1
1581422086413358,3005FB63AC1F3681EC88134B1516,3,-69.5,1
1581422086435205,3005FB63AC1F3681EC8814481516,3,-64.0,1
1581422086445893,3005FB63AC1F3681EC88134B1516,3,-69.0,1
1581422086542835,3005FB63AC1F3681EC8813181516,1,-61.5,1
1581422086546372,3005FB63AC1F3681EC8813AD1516,1,-64.0,1
1581422086552789,3005FB63AC1F3681EC8814481516,1,-62.0,1
1581422086566956,3005FB63AC1F3681EC88145A1516,1,-65.5,1
1581422086595130,2005FB63EAC13681E4EC0F501516,1,-67.0,1
1581422086602385,3005FB63AC1F3681EC8813AD1516,1,-64.0,1
1581422086603489,3005FB63AC1F3681EC8814481516,1,-60.5,1
1581422086607731,3005FB63AC1F3681EC8813181516,1,-60.5,1
1581422086634485,3005FB63AC1F3681EC88145A1516,1,-64.5,1
1581422086731109,3005FB63AC1F3681EC8814481516,3,-63.5,1
1581422086749897,3005FB63AC1F3681EC8813181516,3,-66.5,1
1581422086785412,3005FB63AC1F3681EC8814481516,3,-65.5,1
1581422086795169,3005FB63AC1F3681EC8813181516,3,-67.0,1
1581422086896185,3005FB63AC1F3681EC88155C1516,1,-63.5,1
1581422086920979,2005FB63EAC13681E4EC0FD21516,1,-68.0,1
1581422086930720,3005FB63AC1F3681EC8813181516,1,-65.5,1
1581422086978796,3005FB63AC1F3681EC88155C1516,1,-65.5,1
1581422086997069,3005FB63AC1F3681EC8813181516,1,-67.0,1
1581422087103521,3005FB63AC1F3681EC8814481516,3,-66.0,1
1581422087224225,3005FB63AC1F3681EC8813181516,1,-60.5,1
1581422087243707,3005FB63AC1F3681EC88155C1516,1,-65.0,1
1581422087265197,3005FB63AC1F3681EC8813181516,1,-61.0,1
1581422087285424,3005FB63AC1F3681EC8814481516,1,-66.0,1
1581422087295018,3005FB63AC1F3681EC88155C1516,1,-64.5,1
1581422087342824,3005FB63AC1F3681EC8813181516,2,-66.5,1
1581422087354035,3005FB63AC1F3681EC88155C1516,2,-64.0,1
1581422087387571,3005FB63AC1F3681EC8813181516,2,-66.0,1
1581422087400622,3005FB63AC1F3681EC88155C1516,2,-63.0,1
1581422087557068,3005FB63AC1F3681EC8813181516,1,-59.0,1
1581422087574097,2005FB63EAC13681E4EC0F501516,1,-65.5,1
1581422087603028,3005FB63AC1F3681EC8813181516,1,-59.0,1
1581422087621174,2005FB63EAC13681E4EC0F501516,1,-65.5,1
1581422087853859,3005FB63AC1F3681EC8814481516,1,-62.0,1
1581422087867475,3005FB63AC1F3681EC8813181516,1,-65.5,1
1581422087895917,3005FB63AC1F3681EC8814481516,1,-61.5,1
1581422087908017,3005FB63AC1F3681EC8813181516,1,-65.0,1
1581422088010881,3005FB63AC1F3681EC8813181516,3,-60.5,1
1581422088038106,3005FB63AC1F3681EC8814481516,3,-65.0,1
1581422088047697,2005FB63EAC13681E4EC0F501516,3,-67.5,1
1581422088062492,3005FB63AC1F3681EC8813181516,3,-60.5,1
1581422088080601,3005FB63AC1F3681EC8814481516,3,-65.0,1
1581422088289967,3005FB63AC1F3681EC88155C1516,1,-62.5,1
1581422088293783,2005FB63EAC13681E5C602E81516,1,-62.0,1
1581422088296008,3005FB63AC1F3681EC8813181516,1,-61.5,1
1581422088314175,3005FB63AC1F3681EC8813AD1516,1,-68.0,1
1581422088334493,2005FB63EAC13681E5C602E81516,1,-61.5,1
1581422088337771,3005FB63AC1F3681EC88155C1516,1,-61.5,1
1581422088339757,3005FB63AC1F3681EC8813181516,1,-59.5,1
1581422088356100,3005FB63AC1F3681EC8813AD1516,1,-68.5,1
1581422088377234,3005FB63AC1F3681EC88155C1516,2,-62.5,1
1581422088415620,3005FB63AC1F3681EC88155C1516,2,-62.5,1
1581422088579276,3005FB63AC1F3681EC8814481516,1,-62.5,1
1581422088584937,3005FB63AC1F3681EC8813181516,1,-60.0,1
1581422088589320,3005FB63AC1F3681EC88155C1516,1,-61.0,1
1581422088604821,2005FB63EAC13681E5C602E81516,1,-64.5,1
1581422088618037,2005FB63EAC13681E4EC0F4B1516,1,-66.5,1
1581422088637599,3005FB63AC1F3681EC8814481516,1,-63.5,1
1581422088640425,3005FB63AC1F3681EC88155C1516,1,-61.0,1
1581422088653458,2005FB63EAC13681E4EC0F4B1516,1,-67.5,1
1581422088664783,3005FB63AC1F3681EC8813181516,1,-60.5,1
1581422088677734,2005FB63EAC13681E5C602E81516,1,-65.5,1
1581422088692788,3005FB63AC1F3681EC88155C1516,2,-63.5,1
1581422088724006,2005FB63AC1F3681AB1005CE1516,2,-65.5,1
1581422088760239,3005FB63AC1F3681EC88155C1516,2,-66.0,1
1581422088776807,2005FB63AC1F3681AB1005CE1516,2,-64.5,1
1581422088930476,3005FB63AC1F3681EC8813181516,1,-60.0,1
1581422088936337,3005FB63AC1F3681EC88155C1516,1,-63.0,1
1581422088937717,2005FB63EAC13681E4EC0F4B1516,1,-62.5,1
1581422088995002,3005FB63AC1F3681EC8813181516,1,-60.5,1
1581422089019830,2005FB63EAC13681E4EC0F4B1516,1,-64.0,1
1581422089044769,3005FB63AC1F3681EC88155C1516,1,-63.0,1
1581422089081744,2005FB63AC1F3681AB1005CE1516,2,-65.0,1
1581422089118229,2005FB63AC1F3681AB1005CE1516,2,-66.0,1
1581422089278495,3005FB63AC1F3681EC8812AB1516,1,-62.5,1
1581422089311703,2005FB63EAC13681E4EC0F4B1516,1,-65.0,1
1581422089321340,3005FB63AC1F3681EC8814481516,1,-65.5,1
1581422089337726,3005FB63AC1F3681EC8812AB1516,1,-63.5,1
1581422089584027,3005FB63AC1F3681EC8814481516,1,-62.5,1
1581422089621154,3005FB63AC1F3681EC8813AD1516,1,-66.0,1
1581422089637768,3005FB63AC1F3681EC8814481516,1,-61.5,1
1581422089657009,3005FB63AC1F3681EC8813AD1516,1,-66.0,1
1581422089681082,2005FB63EAC13681E5C602E81516,1,-66.0,1
1581422089894942,2005FB63EAC13681E5C602E81516,1,-60.5,1
1581422089897767,1007CEA7AC1F3681EAC5106D1516,1,-59.0,1
1581422089899106,3005FB63AC1F3681EC8813181516,1,-61.0,1
1581422089902420,3005FB63AC1F3681EC8813AD1516,1,-60.0,1
1581422089933715,3005FB63AC1F3681EC88155C1516,1,-66.0,1
1581422089948198,1532FB63AC1F3681EC8804681516,1,-66.0,1
1581422089963488,1007CEA7AC1F3681EAC5106D1516,1,-57.5,1
1581422089964607,2005FB63EAC13681E5C602E81516,1,-59.5,1
1581422089965980,3005FB63AC1F3681EC8813181516,1,-59.5,1
1581422089968641,3005FB63AC1F3681EC88155C1516,1,-63.5,1
1581422089971467,2005FB63EAC13681E4EC0F4B1516,1,-60.5,1
1581422089972996,3005FB63AC1F3681EC8813AD1516,1,-60.5,1
1581422090214360,2005FB63EAC13681E5C602E81516,1,-60.5,1
1581422090218859,3005FB63AC1F3681EC8813181516,1,-60.0,1
1581422090219980,3005FB63AC1F3681EC8811B01516,1,-60.0,1
1581422090225289,3005FB63AC1F3681EC88155C1516,1,-60.0,1
1581422090250985,1532FB63AC1F3681EC8804681516,1,-65.0,1
1581422090257122,2005FB63EAC13681E4EC0F501516,1,-64.0,1
1581422090265467,3005FB63AC1F3681EC88155C1516,1,-60.0,1
1581422090267500,3005FB63AC1F3681EC8813181516,1,-61.5,1
1581422090268574,3005FB63AC1F3681EC8811B01516,1,-60.0,1
1581422090274757,2005FB63EAC13681E5C602E81516,1,-61.0,1
1581422090303783,1532FB63AC1F3681EC8804681516,1,-65.0,1
1581422090518234,3005FB63AC1F3681EC8813181516,1,-59.0,1
1581422090535734,3005FB63AC1F3681EC8812DB1516,1,-59.5,1
1581422090538678,2005FB63AC1F3681AB1005CE1516,1,-63.5,1
1581422090541657,2005FB63EAC13681E5C602E81516,1,-61.0,1
1581422090608028,3005FB63AC1F3681EC8813181516,1,-57.0,1
1581422090609649,2005FB63AC1F3681AB1005CE1516,1,-63.5,1
1581422090612979,2005FB63EAC13681E5C602E81516,1,-60.0,1
1581422090631818,3005FB63AC1F3681EC8812DB1516,1,-61.0,1
1581422090860618,2005FB63AC1F3681AB1005CE1516,1,-62.5,1
1581422090863363,2005FB63EAC13681E4EC0F4C1516,1,-62.0,1
1581422090873453,3005FB63AC1F3681EC8814481516,1,-62.5,1
1581422090875412,1532FB63AC1F3681EC8804681516,1,-61.5,1
1581422090896784,90134BC1F1CE3781AEA1000B1516,1,-66.0,1
1581422090906303,2005FB63EAC13681E4EC0F4F1516,1,-64.5,1
1581422090916073,90134BC1F1CE3781AEA100051516,1,-66.0,1
1581422090924991,3005FB63AC1F3681EC8814481516,1,-62.0,1
1581422090926121,2005FB63AC1F3681AB1005CE1516,1,-62.5,1
1581422090929114,1532FB63AC1F3681EC8804681516,1,-61.5,1
1581422090950848,2005FB63EAC13681E4EC0F4C1516,1,-64.5,1
1581422090960552,90134BC1F1CE3781AEA1000B1516,1,-66.0,1
1581422091179752,2005FB63EAC13681E5C602E81516,1,-61.5,1
1581422091181479,3005FB63AC1F3681EC8813181516,1,-62.0,1
1581422091184677,3005FB63AC1F3681EC88149C1516,1,-64.0,1
1581422091187712,90134BC1F1CE3781AEA100051516,1,-65.0,1
1581422091189465,1532FB63AC1F3681EC8804681516,1,-61.0,1
1581422091222978,3005FB63AC1F3681EC8814481516,1,-64.5,1
1581422091235362,90134BC1F1CE3781AEA100011516,1,-66.0,1
1581422091242127,1532FB63AC1F3681EC8804681516,1,-61.0,1
1581422091249639,3005FB63AC1F3681EC8813181516,1,-62.5,1
1581422091251314,2005FB63EAC13681E5C602E81516,1,-61.5,1
1581422091252396,90134BC1F1CE3781AEA100051516,1,-65.5,1
1581422091265243,3005FB63AC1F3681EC88149C1516,1,-65.5,1
1581422091278591,3005FB63AC1F3681EC8814481516,1,-63.0,1
1581422091508399,2005FB63EAC13681E5C602E81516,1,-62.0,1
1581422091527878,3005FB63AC1F3681EC88155C1516,1,-65.0,1
1581422091537605,3005FB63AC1F3681EC8813181516,1,-66.0,1
1581422091557425,90134BC1F1CE3781AEA100051516,1,-67.0,1
1581422091569712,2005FB63EAC13681E5C602E81516,1,-61.5,1
1581422091570819,3005FB63AC1F3681EC88155C1516,1,-63.0,1
1581422091803292,3005FB63AC1F3681EC88149C1516,1,-63.5,1
1581422091831272,1532FB63AC1F3681EC8804681516,1,-66.0,1
1581422091878387,90134BC1F1CE3781AEA100051516,1,-65.0,1
1581422091890628,3005FB63AC1F3681EC88149C1516,1,-64.5,1
1581422091916051,1532FB63AC1F3681EC8804681516,1,-65.5,1
1581422092293816,3005FB63AC1F3681EC8813181516,1,-63.5,1
1581422092309663,3005FB63AC1F3681EC8813181516,1,-62.5,1
1581422092570812,3005FB63AC1F3681EC88149C1516,1,-66.5,1
1581422092605439,3005FB63AC1F3681EC88149C1516,1,-66.5,1
1581422093076015,3005FB63AC1F3681EC8814481516,1,-61.5,1
1581422093102310,3005FB63AC1F3681EC8814481516,1,-62.0,1
1581422093871316,2005FB63AC1F3681AB1005CE1516,1,-65.5,1
1581422093882646,3005FB63AC1F3681EC88155C1516,1,-66.5,1
1581422093920388,3005FB63AC1F3681EC88155C1516,1,-67.0,1
1581422093930303,2005FB63AC1F3681AB1005CE1516,1,-66.0,1
