1581421158621173,90134BC1F1CE3781AEA1001118,2,-65.5,1
1581421158632506,7336CEF1C1FE3682DEA1005118,2,-64.5,1
1581421158666111,7336CEF1C1FE3682DEA1005118,2,-64.5,1
1581421158677277,90134BC1F1CE3781AEA1001118,2,-65.5,1
1581421158730283,3005FB63AC1F3681EC88149C18,3,-68.5,1
1581421158746802,2005FB63AC1F3681AB1004E318,3,-69.0,1
1581421158782671,2005FB63AC1F3681AB1004E318,3,-69.0,1
1581421158797858,3005FB63AC1F3681EC88149C18,3,-68.0,1
1581421158963107,7336CEF1C1FE3682DEA1005118,2,-65.0,1
1581421159005777,7336CEF1C1FE3682DEA1005118,2,-65.0,1
1581421159068387,2005FB63AC1F3681AB1004E318,3,-69.0,1
1581421159103627,2005FB63AC1F3681AB1004E318,3,-69.5,1
1581421159344448,2005FB63AC1F3681AB1004E318,3,-69.0,1
1581421159377493,2005FB63AC1F3681AB1004E318,3,-69.0,1
1581421159557060,90134BC1F1CE3781AEA1001118,2,-65.0,1
1581421159575670,7336CEF1C1FE3682DEA1004F18,2,-65.0,1
1581421159607545,90134BC1F1CE3781AEA1001118,2,-65.0,1
1581421159617417,7336CEF1C1FE3682DEA1004F18,2,-65.0,1
1581421159861806,7336CEF1C1FE3682DEA1004F18,2,-63.5,1
1581421159900777,7336CEF1C1FE3682DEA1004F18,2,-64.0,1
1581421159942538,3005FB63AC1F3681EC88149C18,3,-68.0,1
1581421160418903,90134BC1F1CE3781AEA1001118,2,-66.0,1
1581421160800250,2005FB63AC1F3681AB1004E318,3,-68.5,1
1581421160834263,2005FB63AC1F3681AB1004E318,3,-68.5,1
1581421161077243,2005FB63AC1F3681AB1004E318,3,-68.5,1
1581421161107160,2005FB63AC1F3681AB1004E318,3,-68.0,1
1581421161335408,3005FB63AC1F3681EC88149C18,3,-66.0,1
1581421161347003,2005FB63AC1F3681AB1004E318,3,-69.0,1
1581421161385825,2005FB63AC1F3681AB1004E318,3,-69.5,1
1581421161400938,3005FB63AC1F3681EC88149C18,3,-67.0,1
1581421161632226,2005FB63AC1F3681AB1004E318,3,-70.5,1
1581421161672518,2005FB63AC1F3681AB1004E318,3,-70.5,1
1581421161833065,3005FB63AC1F3681EC8812DB18,2,-64.5,1
1581421161879178,3005FB63AC1F3681EC8812DB18,2,-64.5,1
1581421161903089,3005FB63AC1F3681EC8812DB18,3,-62.0,1
1581421161912907,3005FB63AC1F3681EC8814A818,3,-60.5,1
1581421161926294,2005FB63EAC13681E4EC0FEC18,3,-65.5,1
1581421161931841,2005FB63AC1F3681AB1004E318,3,-70.0,1
1581421161937332,3005FB63AC1F3681EC88149C18,3,-68.0,1
1581421161945087,3005FB63AC1F3681EC8814A818,3,-60.0,1
1581421161948587,3005FB63AC1F3681EC8812DB18,3,-62.0,1
1581421161962026,2005FB63AC1F3681AB1004E318,3,-69.5,1
1581421161971677,2005FB63EAC13681E4EC0FEC18,3,-65.0,1
1581421162149666,3005FB63AC1F3681EC88149C18,2,-66.0,1
1581421162161070,3005FB63AC1F3681EC8812DB18,2,-66.0,1
1581421162203914,3005FB63AC1F3681EC88149C18,2,-67.5,1
1581421162218912,3005FB63AC1F3681EC8812DB18,2,-65.5,1
1581421162250369,3005FB63AC1F3681EC8814A818,3,-60.0,1
1581421162265533,3005FB63AC1F3681EC88149C18,3,-68.0,1
1581421162293234,2005FB63EAC13681E4EC0FEC18,3,-66.5,1
1581421162304685,3005FB63AC1F3681EC8814A818,3,-59.0,1
1581421162603573,3005FB63AC1F3681EC8812DB18,2,-64.5,1
1581421162638162,3005FB63AC1F3681EC8812DB18,2,-65.0,1
1581421162698818,3005FB63AC1F3681EC8815B918,3,-63.5,1
1581421162723338,3005FB63AC1F3681EC8815B918,3,-64.0,1
1581421163978594,7336CEF1C1FE3682DEA1004F18,2,-64.5,1
1581421163990331,90134BC1F1CE3781AEA1001118,2,-65.0,1
1581421163999896,7336CEF1C1FE3682DEA1005118,2,-66.0,1
1581421164021291,7336CEF1C1FE3682DEA1004F18,2,-64.0,1
1581421164035805,90134BC1F1CE3781AEA1001118,2,-65.0,1
1581421164065883,3005FB63AC1F3681EC88149C18,3,-64.0,1
1581421164106951,3005FB63AC1F3681EC88149C18,3,-63.5,1
1581421164209840,3005FB63AC1F3681EC88149C18,1,-64.0,1
1581421164237231,3005FB63AC1F3681EC88149C18,1,-64.0,1
1581421164297886,3005FB63AC1F3681EC88149C18,2,-66.5,1
1581421164328980,3005FB63AC1F3681EC88149C18,2,-67.0,1
1581421164361522,3005FB63AC1F3681EC88149C18,3,-61.5,1
1581421164377626,7336CEF1C1FE3682DEA1004F18,3,-66.0,1
1581421164389254,3005FB63AC1F3681EC88149018,3,-68.5,1
1581421164405447,90134BC1F1CE3781AEA1001518,3,-64.5,1
1581421164427541,7336CEF1C1FE3682DEA1004F18,3,-64.0,1
1581421164447801,3005FB63AC1F3681EC88149C18,3,-65.0,1
1581421164545991,3005FB63AC1F3681EC88149C18,1,-67.5,1
1581421164603084,3005FB63AC1F3681EC88155C18,2,-62.5,1
1581421164608278,3005FB63AC1F3681EC8812DB18,2,-63.0,1
1581421164621263,3005FB63AC1F3681EC88134B18,2,-64.5,1
1581421164662432,3005FB63AC1F3681EC8812DB18,2,-63.0,1
1581421164677720,3005FB63AC1F3681EC88134B18,2,-64.5,1
1581421164688963,3005FB63AC1F3681EC88155C18,2,-64.5,1
1581421164733846,7336CEF1C1FE3682DEA1004E18,3,-65.0,1
1581421164743552,7336CEF1C1FE3682DEA1004F18,3,-64.5,1
1581421164765086,7336CEF1C1FE3682DEA1004918,3,-63.5,1
1581421164772397,7336CEF1C1FE3682DEA1004F18,3,-62.5,1
1581421164784049,7336CEF1C1FE3682DEA1004E18,3,-64.0,1
1581421164890807,7336CEF1C1FE3682DEA1004918,1,-65.5,1
1581421164962972,7336CEF1C1FE3682DEA1004918,1,-65.5,1
1581421165010748,3005FB63AC1F3681EC8812DB18,2,-65.0,1
1581421165046034,3005FB63AC1F3681EC8812DB18,2,-65.5,1
1581421165080024,7336CEF1C1FE3682DEA1004E18,3,-61.0,1
1581421165084741,90134BC1F1CE3781AEA1001118,3,-61.0,1
1581421165087181,7336CEF1C1FE3682DEA1004918,3,-62.5,1
1581421165088864,7336CEF1C1FE3682DEA1004F18,3,-60.5,1
1581421165096998,90134BC1F1CE3781AEA1001518,3,-69.5,1
1581421165109197,7336CEF1C1FE3682DEA1005118,3,-64.0,1
1581421165124229,7336CEF1C1FE3682DEA1005118,3,-62.5,1
1581421165125953,90134BC1F1CE3781AEA1001118,3,-60.5,1
1581421165127320,7336CEF1C1FE3682DEA1004918,3,-63.0,1
1581421165128848,7336CEF1C1FE3682DEA1004E18,3,-60.5,1
1581421165130572,7336CEF1C1FE3682DEA1004F18,3,-60.0,1
1581421165145163,90134BC1F1CE3781AEA1001518,3,-69.0,1
1581421165346543,90134BC1F1CE3781AEA1000E18,2,-65.0,1
1581421165379492,90134BC1F1CE3781AEA1000E18,2,-65.5,1
1581421165410049,7336CEF1C1FE3682DEA1004E18,3,-60.5,1
1581421165411382,90134BC1F1CE3781AEA1001118,3,-61.5,1
1581421165414956,7336CEF1C1FE3682DEA1004F18,3,-60.0,1
1581421165420566,90134BC1F1CE3781AEA1001518,3,-64.0,1
1581421165421678,7336CEF1C1FE3682DEA1004918,3,-61.5,1
1581421165435769,7336CEF1C1FE3682DEA1004B18,3,-67.5,1
1581421165448872,3005FB63AC1F3681EC8814C118,3,-65.5,1
1581421165460140,7336CEF1C1FE3682DEA1005118,3,-65.0,1
1581421165467670,90134BC1F1CE3781AEA1001518,3,-63.5,1
1581421165470591,7336CEF1C1FE3682DEA1004E18,3,-61.0,1
1581421165471745,7336CEF1C1FE3682DEA1004918,3,-61.0,1
1581421165473878,90134BC1F1CE3781AEA1001118,3,-62.0,1
1581421165478267,7336CEF1C1FE3682DEA1004F18,3,-60.5,1
1581421165494454,7336CEF1C1FE3682DEA1004B18,3,-66.0,1
1581421165507769,3005FB63AC1F3681EC8814C118,3,-66.5,1
1581421165661886,7336CEF1C1FE3682DEA1004F18,2,-62.0,1
1581421165663448,90134BC1F1CE3781AEA1001118,2,-63.0,1
1581421165682367,7336CEF1C1FE3682DEA1005118,2,-63.5,1
1581421165692146,7336CEF1C1FE3682DEA1004E18,2,-66.0,1
1581421165709918,90134BC1F1CE3781AEA1001118,2,-62.5,1
1581421165714239,7336CEF1C1FE3682DEA1004F18,2,-62.0,1
1581421165731068,7336CEF1C1FE3682DEA1005118,2,-64.0,1
1581421165749266,7336CEF1C1FE3682DEA1004E18,2,-65.5,1
1581421165773693,90134BC1F1CE3781AEA1001518,3,-62.0,1
1581421165774789,7336CEF1C1FE3682DEA1004918,3,-61.0,1
1581421165798628,7336CEF1C1FE3682DEA1004E18,3,-65.0,1
1581421165808219,7336CEF1C1FE3682DEA1004B18,3,-64.5,1
1581421165823042,3025AB20CA1F3681CF10111518,3,-64.5,1
1581421165832341,90134BC1F1CE3781AEA1001518,3,-62.5,1
1581421165839146,7336CEF1C1FE3682DEA1004918,3,-61.5,1
1581421165873486,7336CEF1C1FE3682DEA1004B18,3,-65.5,1
1581421166052461,90134BC1F1CE3781AEA1001118,2,-65.5,1
1581421166072474,7336CEF1C1FE3682DEA1004F18,2,-64.5,1
1581421166093729,90134BC1F1CE3781AEA1001118,2,-66.0,1
1581421166143500,90134BC1F1CE3781AEA1001518,3,-63.0,1
1581421166145210,7336CEF1C1FE3682DEA1004918,3,-63.5,1
1581421166164385,7336CEF1C1FE3682DEA1004B18,3,-65.5,1
1581421166177388,3025AB20CA1F3681CF10111518,3,-65.0,1
1581421166192249,7336CEF1C1FE3682DEA1004F18,3,-64.5,1
1581421166229783,7336CEF1C1FE3682DEA1004918,3,-66.0,1
1581421166241834,90134BC1F1CE3781AEA1001518,3,-67.0,1
1581421166511824,3005FB63AC1F3681EC88149C18,2,-67.0,1
1581421166534629,3005FB63AC1F3681EC8814C118,2,-63.0,1
1581421166557795,3005FB63AC1F3681EC88149C18,2,-67.5,1
1581421166603117,7336CEF1C1FE3682DEA1004F18,3,-60.5,1
1581421166628948,90134BC1F1CE3781AEA1001118,3,-62.5,1
1581421166640180,7336CEF1C1FE3682DEA1005118,3,-64.5,1
1581421166649158,7336CEF1C1FE3682DEA1004F18,3,-60.5,1
1581421166674438,90134BC1F1CE3781AEA1001118,3,-64.0,1
1581421166684189,7336CEF1C1FE3682DEA1004E18,3,-64.5,1
1581421166842674,7336CEF1C1FE3682DEA1004918,2,-62.5,1
1581421166849070,3005FB63AC1F3681EC8812DB18,2,-63.0,1
1581421166877996,1007CEA7AC1F3681EAC5106D18,2,-65.0,1
1581421166891148,3005FB63AC1F3681EC8805A918,2,-67.0,1
1581421166897497,90134BC1F1CE3781AEA1001518,2,-62.5,1
1581421166898891,7336CEF1C1FE3682DEA1004918,2,-62.0,1
1581421166911845,3005FB63AC1F3681EC8812DB18,2,-62.0,1
1581421166924420,7336CEF1C1FE3682DEA1004B18,2,-65.0,1
1581421166990766,3005FB63AC1F3681EC8811B018,3,-64.5,1
1581421167002154,7336CEF1C1FE3682DEA1004F18,3,-64.5,1
1581421167038678,7336CEF1C1FE3682DEA1004F18,3,-64.0,1
1581421167263007,7336CEF1C1FE3682DEA1004F18,3,-61.5,1
1581421167283499,7336CEF1C1FE3682DEA1004918,3,-65.0,1
1581421167293258,3005FB63AC1F3681EC8805A918,3,-66.0,1
1581421167302744,90134BC1F1CE3781AEA1001118,3,-64.5,1
1581421167312387,7336CEF1C1FE3682DEA1004F18,3,-62.0,1
1581421167327695,7336CEF1C1FE3682DEA1004918,3,-65.0,1
1581421167506004,3025AB20CA1F3681CF10111518,2,-68.0,1
1581421167515874,3005FB63AC1F3681EC88149C18,2,-66.5,1
1581421167555534,3025AB20CA1F3681CF10111518,2,-67.5,1
1581421167581406,3005FB63AC1F3681EC8814A818,3,-61.0,1
1581421167582548,2005FB63AC1F3681AB1004E318,3,-65.0,1
1581421167619616,7336CEF1C1FE3682DEA1004F18,3,-64.0,1
1581421167664250,7336CEF1C1FE3682DEA1004F18,3,-65.0,1
1581421167678333,2005FB63AC1F3681AB1004E318,3,-70.0,1
1581421167850076,90134BC1F1CE3781AEA1001918,2,-66.5,1
1581421167871405,3005FB63AC1F3681EC88145818,2,-67.5,1
1581421167946244,3005FB63AC1F3681EC8815B918,3,-64.0,1
1581421167955839,3025AB20CA1F3681CF10111518,3,-65.5,1
1581421167965466,90134BC1F1CE3781AEA1001518,3,-64.0,1
1581421167987778,3025AB20CA1F3681CF10111518,3,-65.5,1
1581421168005874,3005FB63AC1F3681EC8815B918,3,-63.0,1
1581421168017598,90134BC1F1CE3781AEA1001918,3,-69.0,1
1581421168182191,7336CEF1C1FE3682DEA1005118,2,-66.0,1
1581421168191947,7336CEF1C1FE3682DEA1004F18,2,-66.0,1
1581421168201502,90134BC1F1CE3781AEA1001118,2,-66.0,1
1581421168227036,7336CEF1C1FE3682DEA1004F18,2,-66.0,1
1581421168258580,7336CEF1C1FE3682DEA1004E18,3,-62.5,1
1581421168261047,7336CEF1C1FE3682DEA1004F18,3,-62.5,1
1581421168262429,7336CEF1C1FE3682DEA1004918,3,-64.0,1
1581421168292519,90134BC1F1CE3781AEA1001518,3,-67.0,1
1581421168315405,90134BC1F1CE3781AEA1001118,3,-64.5,1
1581421168323164,7336CEF1C1FE3682DEA1004F18,3,-62.5,1
1581421168347366,7336CEF1C1FE3682DEA1005118,3,-65.5,1
1581421168365967,7336CEF1C1FE3682DEA1004918,3,-66.0,1
1581421168375681,7336CEF1C1FE3682DEA1004E18,3,-64.0,1
1581421168540796,7336CEF1C1FE3682DEA1005118,2,-65.5,1
1581421168552142,3005FB63AC1F3681EC8814C118,2,-64.5,1
1581421168563427,7336CEF1C1FE3682DEA1004F18,2,-63.5,1
1581421168588543,7336CEF1C1FE3682DEA1005118,2,-65.0,1
1581421168601679,7336CEF1C1FE3682DEA1004E18,2,-65.5,1
1581421168629335,7336CEF1C1FE3682DEA1004F18,3,-62.0,1
1581421168636451,3005FB63AC1F3681EC8811B018,3,-63.0,1
1581421168662079,3005FB63AC1F3681EC8812DB18,3,-63.5,1
1581421168671880,7336CEF1C1FE3682DEA1004E18,3,-64.5,1
1581421168685905,3005FB63AC1F3681EC8811B018,3,-62.5,1
1581421168696365,7336CEF1C1FE3682DEA1004F18,3,-63.0,1
1581421168726540,3005FB63AC1F3681EC8812DB18,3,-64.5,1
1581421168880483,7336CEF1C1FE3682DEA1004F18,2,-62.0,1
1581421168901765,90134BC1F1CE3781AEA1001118,2,-64.0,1
1581421168915673,7336CEF1C1FE3682DEA1004918,2,-65.5,1
1581421168946689,7336CEF1C1FE3682DEA1004918,2,-65.5,1
1581421168957923,7336CEF1C1FE3682DEA1004F18,2,-63.5,1
1581421168969139,90134BC1F1CE3781AEA1001118,2,-64.5,1
1581421168991585,3005FB63AC1F3681EC8805AA18,3,-62.5,1
1581421169014518,3005FB63AC1F3681EC8815B918,3,-63.5,1
1581421169061655,3005FB63AC1F3681EC8805AA18,3,-64.0,1
1581421169084475,3005FB63AC1F3681EC8815B918,3,-63.5,1
1581421169229765,7336CEF1C1FE3682DEA1004F18,2,-61.5,1
1581421169247851,7336CEF1C1FE3682DEA1004E18,2,-64.5,1
1581421169293642,7336CEF1C1FE3682DEA1004F18,2,-62.0,1
1581421169316301,90134BC1F1CE3781AEA1001118,2,-62.5,1
1581421169370386,3005FB63AC1F3681EC8811B018,3,-66.5,1
1581421169383537,3005FB63AC1F3681EC8805AA18,3,-68.0,1
1581421169410912,3005FB63AC1F3681EC8815B918,3,-64.0,1
1581421169584718,7336CEF1C1FE3682DEA1005118,2,-61.0,1
1581421169587846,7336CEF1C1FE3682DEA1004F18,2,-61.5,1
1581421169603841,3005FB63AC1F3681EC8805A918,2,-65.5,1
1581421169635827,3005FB63AC1F3681EC8814C118,2,-63.5,1
1581421169642952,7336CEF1C1FE3682DEA1005118,2,-61.0,1
1581421169644383,3005FB63AC1F3681EC8812DB18,2,-64.5,1
1581421169650251,90134BC1F1CE3781AEA1001118,2,-60.5,1
1581421169652205,7336CEF1C1FE3682DEA1004F18,2,-61.5,1
1581421169670934,3005FB63AC1F3681EC8805A918,2,-66.0,1
1581421169682368,7336CEF1C1FE3682DEA1004E18,2,-64.5,1
1581421169738288,3005FB63AC1F3681EC88134B18,3,-67.0,1
1581421169934376,7336CEF1C1FE3682DEA1005018,2,-61.0,1
1581421169938426,3025AB20CA1F3681CF10111818,2,-62.0,1
1581421169954702,2005FB63EAC13681E4EC0FD218,2,-62.0,1
1581421169964369,7336CEF1C1FE3682DEA1004F18,2,-65.5,1
1581421169977196,7336CEF1C1FE3682DEA1005118,2,-63.5,1
1581421169986117,7336CEF1C1FE3682DEA1005018,2,-61.5,1
1581421169987452,3025AB20CA1F3681CF10111818,2,-61.0,1
1581421170004869,2005FB63EAC13681E4EC0FD218,2,-62.0,1
1581421170023378,7336CEF1C1FE3682DEA1004F18,2,-66.0,1
1581421170378739,7336CEF1C1FE3682DEA1005118,2,-64.0,1
1581421170419707,7336CEF1C1FE3682DEA1005118,2,-64.0,1
1581421170655943,7336CEF1C1FE3682DEA1004F18,2,-65.5,1
1581421170687153,7336CEF1C1FE3682DEA1005118,2,-64.5,1
1581421170696752,90134BC1F1CE3781AEA1001118,2,-65.5,1
1581421170723772,7336CEF1C1FE3682DEA1004F18,2,-66.0,1
1581421170741833,7336CEF1C1FE3682DEA1005118,2,-64.5,1
1581421170951598,7336CEF1C1FE3682DEA1005118,2,-62.0,1
1581421170995353,7336CEF1C1FE3682DEA1005118,2,-62.0,1
