3005 FB63 AC1F 3681 EC88 0468,-63,1580218397869485,1
3005 FB63 AC1F 3681 EC88 0468,-60,1580218397880904,1
3005 FB63 AC1F 3681 EC88 0468,-57,1580218397897911,1
2453 9000 3869,-55,1580218397900673,1
3005 FB63 AC1F 3681 EC88 0468,-58,1580218397902933,1
3005 FB63 AC1F 3681 EC88 0468,-57,5,1580218397904845,1
3005 FB63 AC1F 3681 EC88 0468,-57,5,1580218397905940,1
3000 0000 0000 0000 0001 786A,-41,5,1580218397907018,1
3000 0000 0000 0000 0001 7864,-60,1580218397908673,1
3000 0000 0000 0000 0001 7863,-55,5,1580218397910135,1
3000 0000 0000 0000 0001 7874,-59,1580218397912686,1
3005 FB63 AC1F 3681 EC88 0468,-55,1580218397913908,1
3000 0000 0000 0000 0001 7861,-60,5,1580218397915014,1
3000 0000 0000 0000 0001 7877,-54,5,1580218397916341,1
3005 FB63 AC1F 3681 EC88 0468,-60,1580218397927323,1
3000 0000 0000 0000 0001 787B,-63,1580218397933590,1
3000 0000 0000 0000 0001 7874,-62,1580218397955229,2
3000 0000 0000 0000 0001 7879,-61,1580218397956611,2
3000 0000 0000 0000 0001 7868,-55,1580218397958449,2
3000 0000 0000 0000 0001 7877,-52,1580218397960781,2
3005 FB63 AC1F 3681 EC88 0468,-50,5,1580218397963229,2
3000 0000 0000 0000 0001 7870,-52,5,1580218397964370,2
3000 0000 0000 0000 0001 7871,-60,5,1580218397965516,2
3000 0000 0000 0000 0001 7873,-58,5,1580218397967486,2
3000 0000 0000 0000 0001 7872,-53,1580218397968599,2
3000 0000 0000 0000 0001 7875,-51,1580218397969686,2
2453 9000 3869,-51,1580218397971136,2
3000 0000 0000 0000 0001 787B,-49,5,1580218397973519,2
3000 0000 0000 0000 0001 7864,-59,1580218397975884,2
3000 0000 0000 0000 0001 7863,-55,1580218397976991,2
3000 0000 0000 0000 0001 7876,-54,5,1580218397978744,2
3000 0000 0000 0000 0001 787A,-56,1580218397979917,2
3005 FB63 AC1F 3681 EC88 0468,-63,1580218397988306,2
3000 0000 0000 0000 0001 7875,-51,1580218398005543,2
3000 0000 0000 0000 0001 7872,-53,1580218398006687,2
3005 FB63 AC1F 3681 EC88 0468,-50,5,1580218398007811,2
3000 0000 0000 0000 0001 7870,-52,5,1580218398008907,2
3000 0000 0000 0000 0001 7868,-54,5,1580218398010005,2
3000 0000 0000 0000 0001 7871,-61,1580218398012074,2
3000 0000 0000 0000 0001 787B,-49,5,1580218398013224,2
3000 0000 0000 0000 0001 7863,-55,1580218398014829,2
3000 0000 0000 0000 0001 787A,-56,1580218398016416,2
3000 0000 0000 0000 0001 7879,-61,1580218398018511,2
3000 0000 0000 0000 0001 7877,-51,5,1580218398019594,2
3000 0000 0000 0000 0001 7864,-59,1580218398021178,2
2453 9000 3869,-51,1580218398022183,2
3000 0000 0000 0000 0001 7873,-58,5,1580218398023550,2
3000 0000 0000 0000 0001 7876,-54,1580218398025715,2
3000 0000 0000 0000 0001 7874,-62,1580218398027689,2
3005 FB63 AC1F 3681 EC88 0468,-62,5,1580218398050483,2
3000 0000 0000 0000 0001 7868,-50,1580218398076599,3
3005 FB63 AC1F 3681 EC88 0468,-57,5,1580218398080019,3
3000 0000 0000 0000 0001 7863,-56,1580218398081341,3
3000 0000 0000 0000 0001 7872,-61,1580218398082484,3
3005 FB63 AC1F 3681 EC88 0468,-56,5,1580218398084067,3
3005 FB63 AC1F 3681 EC88 0468,-52,5,1580218398086593,3
3000 0000 0000 0000 0001 7875,-58,5,1580218398090423,3
3005 FB63 AC1F 3681 EC88 0468,-56,1580218398093254,3
3005 FB63 AC1F 3681 EC88 0468,-56,1580218398095793,3
3000 0000 0000 0000 0001 7873,-64,5,1580218398120085,3
3000 0000 0000 0000 0001 785C,-63,1580218398129674,3
3000 0000 0000 0000 0001 7864,-65,5,1580218398141115,3
3000 0000 0000 0000 0001 7868,-50,1580218398149638,3
3005 FB63 AC1F 3681 EC88 0468,-56,1580218398151026,3
3000 0000 0000 0000 0001 7863,-56,1580218398152153,3
3005 FB63 AC1F 3681 EC88 0468,-57,5,1580218398153720,3
3000 0000 0000 0000 0001 7875,-58,5,1580218398154812,3
3005 FB63 AC1F 3681 EC88 0468,-52,1580218398156141,3
3005 FB63 AC1F 3681 EC88 0468,-56,1580218398157487,3
3000 0000 0000 0000 0001 7872,-61,1580218398159688,3
3005 FB63 AC1F 3681 EC88 0468,-56,1580218398164771,3
3000 0000 0000 0000 0001 785C,-63,1580218398179935,3
3000 0000 0000 0000 0001 7873,-64,5,1580218398195131,3
3000 0000 0000 0000 0001 787A,-56,5,1580218398217865,4
3000 0000 0000 0000 0001 7868,-53,1580218398218964,4
3000 0000 0000 0000 0001 7874,-60,5,1580218398221049,4
3000 0000 0000 0000 0001 7864,-57,1580218398223159,4
3000 0000 0000 0000 0001 7876,-59,1580218398224769,4
3000 0000 0000 0000 0001 7863,-55,1580218398226132,4
3000 0000 0000 0000 0001 7870,-58,5,1580218398228071,4
3000 0000 0000 0000 0001 7875,-62,5,1580218398231041,4
3000 0000 0000 0000 0001 7872,-55,1580218398234364,4
3005 FB63 AC1F 3681 EC88 0468,-64,5,1580218398253221,4
3000 0000 0000 0000 0001 7863,-55,1580218398273844,4
3000 0000 0000 0000 0001 7868,-53,1580218398275895,4
3000 0000 0000 0000 0001 7864,-57,1580218398277899,4
3000 0000 0000 0000 0001 7874,-60,1580218398279243,4
3000 0000 0000 0000 0001 7876,-59,1580218398280356,4
3000 0000 0000 0000 0001 7875,-62,1580218398281459,4
3000 0000 0000 0000 0001 7872,-55,1580218398284095,4
3000 0000 0000 0000 0001 7870,-58,5,1580218398286124,4
3000 0000 0000 0000 0001 787A,-57,1580218398287199,4
3005 FB63 AC1F 3681 EC88 0468,-56,5,1580218398318147,1
3000 0000 0000 0000 0001 7864,-60,1580218398319304,1
3005 FB63 AC1F 3681 EC88 0468,-57,5,1580218398321167,1
3005 FB63 AC1F 3681 EC88 0468,-57,5,1580218398322259,1
3005 FB63 AC1F 3681 EC88 0468,-55,1580218398324350,1
3000 0000 0000 0000 0001 7877,-54,5,1580218398327975,1
2453 9000 3869,-55,1580218398330124,1
3000 0000 0000 0000 0001 7861,-60,1580218398331500,1
3000 0000 0000 0000 0001 7874,-59,1580218398332633,1
3000 0000 0000 0000 0001 786A,-41,5,1580218398333783,1
3000 0000 0000 0000 0001 787B,-62,1580218398335150,1
3005 FB63 AC1F 3681 EC88 0468,-58,5,1580218398336602,1
3000 0000 0000 0000 0001 7863,-55,5,1580218398337950,1
3005 FB63 AC1F 3681 EC88 0468,-60,1580218398362122,1
3000 0000 0000 0000 0001 7870,-64,5,1580218398372010,1
3005 FB63 AC1F 3681 EC88 0468,-57,5,1580218398383234,1
2453 9000 3869,-55,5,1580218398384431,1
3000 0000 0000 0000 0001 7864,-60,1580218398386282,1
3000 0000 0000 0000 0001 7877,-54,5,1580218398387610,1
3000 0000 0000 0000 0001 7863,-55,5,1580218398388730,1
3000 0000 0000 0000 0001 787B,-62,1580218398390564,1
3005 FB63 AC1F 3681 EC88 0468,-58,1580218398392931,1
3005 FB63 AC1F 3681 EC88 0468,-57,5,1580218398394253,1
3000 0000 0000 0000 0001 7861,-60,5,1580218398395400,1
3000 0000 0000 0000 0001 786A,-41,5,1580218398397947,1
3000 0000 0000 0000 0001 7874,-59,1580218398400632,1
3005 FB63 AC1F 3681 EC88 0468,-55,1580218398402114,1
3005 FB63 AC1F 3681 EC88 0468,-57,5,1580218398418534,1
3005 FB63 AC1F 3681 EC88 0468,-63,1580218398429999,1
3005 FB63 AC1F 3681 EC88 0468,-60,1580218398439654,1
3000 0000 0000 0000 0001 7871,-61,1580218398455154,2
3000 0000 0000 0000 0001 7875,-50,5,1580218398456658,2
3000 0000 0000 0000 0001 7864,-59,5,1580218398457799,2
3000 0000 0000 0000 0001 7863,-55,1580218398458920,2
3000 0000 0000 0000 0001 787B,-49,5,1580218398461010,2
3000 0000 0000 0000 0001 7868,-55,1580218398462119,2
2453 9000 3869,-51,1580218398463142,2
3000 0000 0000 0000 0001 787A,-56,1580218398464316,2
3000 0000 0000 0000 0001 7872,-53,1580218398465401,2
3000 0000 0000 0000 0001 7876,-54,1580218398467057,2
3000 0000 0000 0000 0001 7874,-62,5,1580218398468247,2
3005 FB63 AC1F 3681 EC88 0468,-50,5,1580218398469367,2
3000 0000 0000 0000 0001 7879,-61,1580218398470742,2
3000 0000 0000 0000 0001 7877,-52,1580218398472335,2
3000 0000 0000 0000 0001 7873,-58,5,1580218398474414,2
3000 0000 0000 0000 0001 7871,-60,5,1580218398500319,2
3000 0000 0000 0000 0001 7879,-60,5,1580218398501404,2
3000 0000 0000 0000 0001 787A,-56,1580218398502476,2
2453 9000 3869,-51,1580218398503683,2
3000 0000 0000 0000 0001 787B,-49,5,1580218398505560,2
3000 0000 0000 0000 0001 7863,-55,1580218398506967,2
3000 0000 0000 0000 0001 7877,-52,1580218398509037,2
3000 0000 0000 0000 0001 7874,-62,1580218398512089,2
3000 0000 0000 0000 0001 7864,-59,1580218398513230,2
3000 0000 0000 0000 0001 7875,-50,5,1580218398514289,2
3000 0000 0000 0000 0001 7873,-58,5,1580218398515641,2
3000 0000 0000 0000 0001 7876,-54,5,1580218398517306,2
3005 FB63 AC1F 3681 EC88 0468,-51,1580218398518658,2
3000 0000 0000 0000 0001 7868,-55,1580218398520596,2
3000 0000 0000 0000 0001 7872,-53,5,1580218398524305,2
3000 0000 0000 0000 0001 7870,-52,5,1580218398525375,2
3005 FB63 AC1F 3681 EC88 0468,-62,5,1580218398539117,2
3005 FB63 AC1F 3681 EC88 0468,-56,1580218398569980,3
3005 FB63 AC1F 3681 EC88 0468,-56,1580218398572130,3
3005 FB63 AC1F 3681 EC88 0468,-56,1580218398573475,3
3005 FB63 AC1F 3681 EC88 0468,-52,1580218398577493,3
3000 0000 0000 0000 0001 7872,-61,1580218398578654,3
3000 0000 0000 0000 0001 7868,-50,1580218398579795,3
3005 FB63 AC1F 3681 EC88 0468,-58,1580218398581377,3
3000 0000 0000 0000 0001 7863,-56,1580218398583972,3
3000 0000 0000 0000 0001 7875,-58,5,1580218398585671,3
3000 0000 0000 0000 0001 785B,-60,1580218398598836,3
3000 0000 0000 0000 0001 7870,-64,1580218398608593,3
3000 0000 0000 0000 0001 7864,-65,5,1580218398622767,3
3005 FB63 AC1F 3681 EC88 0468,-56,5,1580218398631114,3
3005 FB63 AC1F 3681 EC88 0468,-56,1580218398632235,3
3005 FB63 AC1F 3681 EC88 0468,-52,1580218398633279,3
3005 FB63 AC1F 3681 EC88 0468,-56,1580218398635609,3
3000 0000 0000 0000 0001 7863,-56,1580218398637211,3
3000 0000 0000 0000 0001 7868,-50,1580218398638310,3
3005 FB63 AC1F 3681 EC88 0468,-58,1580218398641556,3
3000 0000 0000 0000 0001 7872,-61,1580218398642671,3
3000 0000 0000 0000 0001 7875,-58,5,1580218398644301,3
3000 0000 0000 0000 0001 7870,-64,5,1580218398658368,3
3000 0000 0000 0000 0001 785B,-60,5,1580218398671426,3
3000 0000 0000 0000 0001 7875,-62,5,1580218398698416,4
3000 0000 0000 0000 0001 787A,-57,1580218398699502,4
3000 0000 0000 0000 0001 7872,-55,1580218398702088,4
3000 0000 0000 0000 0001 7864,-57,1580218398703230,4
3000 0000 0000 0000 0001 7863,-55,1580218398704820,4
3000 0000 0000 0000 0001 7870,-58,5,1580218398707731,4
3000 0000 0000 0000 0001 7876,-59,1580218398710343,4
3000 0000 0000 0000 0001 7868,-53,1580218398711714,4
3000 0000 0000 0000 0001 7874,-60,1580218398713175,4
3000 0000 0000 0000 0001 7876,-59,1580218398735165,4
3000 0000 0000 0000 0001 7872,-55,1580218398736536,4
3000 0000 0000 0000 0001 7870,-58,1580218398737622,4
3000 0000 0000 0000 0001 7868,-53,1580218398739261,4
3000 0000 0000 0000 0001 787A,-57,1580218398744010,4
3000 0000 0000 0000 0001 7875,-62,5,1580218398745671,4
3000 0000 0000 0000 0001 7863,-55,1580218398747261,4
3000 0000 0000 0000 0001 7864,-57,5,1580218398748945,4
3000 0000 0000 0000 0001 7874,-60,1580218398750061,4
3000 0000 0000 0000 0001 7877,-54,5,1580218398782849,1
3000 0000 0000 0000 0001 7863,-55,5,1580218398784198,1
3000 0000 0000 0000 0001 7874,-59,1580218398785917,1
3000 0000 0000 0000 0001 7861,-60,1580218398788116,1
3005 FB63 AC1F 3681 EC88 0468,-58,5,1580218398791437,1
3000 0000 0000 0000 0001 786A,-41,5,1580218398794082,1
3005 FB63 AC1F 3681 EC88 0468,-57,1580218398795484,1
3005 FB63 AC1F 3681 EC88 0468,-57,5,1580218398798275,1
3000 0000 0000 0000 0001 787B,-61,5,1580218398799602,1
3005 FB63 AC1F 3681 EC88 0468,-55,1580218398800709,1
3005 FB63 AC1F 3681 EC88 0468,-57,5,1580218398801818,1
2453 9000 3869,-55,5,1580218398802813,1
3000 0000 0000 0000 0001 7864,-60,5,1580218398803924,1
3005 FB63 AC1F 3681 EC88 0468,-63,5,1580218398815438,1
3005 FB63 AC1F 3681 EC88 0468,-57,1580218398841144,1
3000 0000 0000 0000 0001 7863,-55,5,1580218398842860,1
3005 FB63 AC1F 3681 EC88 0468,-55,1580218398844195,1
3005 FB63 AC1F 3681 EC88 0468,-57,5,1580218398846544,1
3000 0000 0000 0000 0001 7877,-54,5,1580218398848098,1
3000 0000 0000 0000 0001 786A,-41,1580218398849464,1
3000 0000 0000 0000 0001 7861,-60,1580218398851548,1
3000 0000 0000 0000 0001 787B,-62,1580218398853327,1
3005 FB63 AC1F 3681 EC88 0468,-57,5,1580218398854418,1
3000 0000 0000 0000 0001 7874,-59,1580218398856033,1
2453 9000 3869,-55,5,1580218398857639,1
3000 0000 0000 0000 0001 7864,-61,1580218398870645,1
3005 FB63 AC1F 3681 EC88 0468,-63,1580218398881808,1
3005 FB63 AC1F 3681 EC88 0468,-60,1580218398893172,1
3000 0000 0000 0000 0001 7879,-61,1580218398908071,2
3000 0000 0000 0000 0001 7876,-54,1580218398909767,2
3000 0000 0000 0000 0001 7868,-54,5,1580218398911130,2
3000 0000 0000 0000 0001 7873,-58,5,1580218398912228,2
3000 0000 0000 0000 0001 7875,-50,5,1580218398913599,2
3000 0000 0000 0000 0001 7874,-62,5,1580218398914901,2
3000 0000 0000 0000 0001 7872,-53,1580218398916015,2
3005 FB63 AC1F 3681 EC88 0468,-50,5,1580218398917082,2
3000 0000 0000 0000 0001 7870,-52,5,1580218398918705,2
3000 0000 0000 0000 0001 7877,-52,1580218398922422,2
3000 0000 0000 0000 0001 787B,-49,5,1580218398923811,2
2453 9000 3869,-51,1580218398924815,2
3000 0000 0000 0000 0001 7863,-55,1580218398926284,2
3000 0000 0000 0000 0001 7864,-59,5,1580218398927609,2
3000 0000 0000 0000 0001 787A,-55,5,1580218398928978,2
3000 0000 0000 0000 0001 7871,-60,5,1580218398930036,2
3005 FB63 AC1F 3681 EC88 0468,-62,5,1580218398944152,2
3000 0000 0000 0000 0001 7877,-52,1580218398967603,2
3000 0000 0000 0000 0001 7864,-59,5,1580218398969881,2
3000 0000 0000 0000 0001 7863,-55,5,1580218398972083,2
3000 0000 0000 0000 0001 7872,-53,1580218398973197,2
3000 0000 0000 0000 0001 7868,-55,1580218398974778,2
2453 9000 3869,-51,1580218398975984,2
3000 0000 0000 0000 0001 7871,-61,1580218398978078,2
3000 0000 0000 0000 0001 7879,-60,5,1580218398979161,2
3000 0000 0000 0000 0001 7876,-54,1580218398980330,2
3000 0000 0000 0000 0001 7870,-52,5,1580218398981416,2
3005 FB63 AC1F 3681 EC88 0468,-51,1580218398983219,2
3000 0000 0000 0000 0001 7873,-58,5,1580218398984330,2
3000 0000 0000 0000 0001 787B,-49,1580218398985407,2
3000 0000 0000 0000 0001 7875,-50,5,1580218398986769,2
3000 0000 0000 0000 0001 7874,-62,5,1580218398988142,2
3000 0000 0000 0000 0001 787A,-56,1580218398989359,2
3005 FB63 AC1F 3681 EC88 0468,-62,5,1580218399010914,2
3000 0000 0000 0000 0001 7863,-56,1580218399034260,3
3005 FB63 AC1F 3681 EC88 0468,-52,1580218399037093,3
3000 0000 0000 0000 0001 7868,-50,1580218399038205,3
3005 FB63 AC1F 3681 EC88 0468,-56,1580218399039297,3
3000 0000 0000 0000 0001 7875,-58,5,1580218399043247,3
3000 0000 0000 0000 0001 7872,-61,1580218399044333,3
3005 FB63 AC1F 3681 EC88 0468,-56,1580218399046411,3
3005 FB63 AC1F 3681 EC88 0468,-58,1580218399048347,3
3005 FB63 AC1F 3681 EC88 0468,-56,5,1580218399050764,3
3000 0000 0000 0000 0001 785C,-63,1580218399073066,3
3000 0000 0000 0000 0001 7870,-64,1580218399082872,3
3000 0000 0000 0000 0001 785B,-60,5,1580218399092426,3
3005 FB63 AC1F 3681 EC88 0468,-52,5,1580218399101452,3
3005 FB63 AC1F 3681 EC88 0468,-56,1580218399102786,3
3000 0000 0000 0000 0001 7872,-60,5,1580218399104329,3
3000 0000 0000 0000 0001 7868,-50,1580218399105399,3
3005 FB63 AC1F 3681 EC88 0468,-56,1580218399106946,3
3000 0000 0000 0000 0001 7863,-55,5,1580218399108081,3
3005 FB63 AC1F 3681 EC88 0468,-57,5,1580218399111951,3
3005 FB63 AC1F 3681 EC88 0468,-56,5,1580218399113332,3
3000 0000 0000 0000 0001 7875,-58,5,1580218399115418,3
3000 0000 0000 0000 0001 7870,-64,1580218399128860,3
3000 0000 0000 0000 0001 785C,-63,1580218399141904,3
3000 0000 0000 0000 0001 7875,-62,1580218399168181,4
3000 0000 0000 0000 0001 7868,-53,1580218399169219,4
3000 0000 0000 0000 0001 7870,-58,5,1580218399170577,4
3000 0000 0000 0000 0001 7863,-55,1580218399172170,4
3000 0000 0000 0000 0001 7864,-57,1580218399173525,4
3000 0000 0000 0000 0001 7876,-59,1580218399175106,4
3000 0000 0000 0000 0001 7872,-55,1580218399177005,4
3000 0000 0000 0000 0001 787A,-57,1580218399179477,4
3000 0000 0000 0000 0001 7874,-60,1580218399181790,4
3005 FB63 AC1F 3681 EC88 0468,-64,5,1580218399201035,4
3000 0000 0000 0000 0001 7875,-62,1580218399221829,4
3000 0000 0000 0000 0001 7872,-54,5,1580218399223685,4
3000 0000 0000 0000 0001 7868,-53,1580218399224798,4
3000 0000 0000 0000 0001 7874,-60,1580218399226652,4
3000 0000 0000 0000 0001 7863,-55,1580218399227792,4
3000 0000 0000 0000 0001 787A,-57,1580218399229889,4
3000 0000 0000 0000 0001 7870,-58,5,1580218399231048,4
3000 0000 0000 0000 0001 7876,-59,5,1580218399233627,4
3000 0000 0000 0000 0001 7864,-57,1580218399238124,4
3005 FB63 AC1F 3681 EC88 0468,-64,5,1580218399255864,4
3000 0000 0000 0000 0001 786A,-41,1580218399282602,1
2453 9000 3869,-55,5,1580218399284949,1
3000 0000 0000 0000 0001 7877,-54,5,1580218399286346,1
3005 FB63 AC1F 3681 EC88 0468,-55,1580218399287468,1
3000 0000 0000 0000 0001 787B,-62,1580218399289571,1
3005 FB63 AC1F 3681 EC88 0468,-57,5,1580218399290709,1
3000 0000 0000 0000 0001 7863,-55,5,1580218399292258,1
3005 FB63 AC1F 3681 EC88 0468,-57,1580218399293371,1
3000 0000 0000 0000 0001 7861,-60,1580218399295050,1
3005 FB63 AC1F 3681 EC88 0468,-57,5,1580218399297465,1
3000 0000 0000 0000 0001 7864,-59,5,1580218399299118,1
3000 0000 0000 0000 0001 7874,-59,1580218399302701,1
3005 FB63 AC1F 3681 EC88 0468,-63,1580218399319051,1
3000 0000 0000 0000 0001 7870,-65,1580218399330666,1
3005 FB63 AC1F 3681 EC88 0468,-55,1580218399348644,1
2453 9000 3869,-55,1580218399350108,1
3000 0000 0000 0000 0001 7863,-55,5,1580218399351823,1
3000 0000 0000 0000 0001 7874,-59,1580218399353197,1
3005 FB63 AC1F 3681 EC88 0468,-58,1580218399355779,1
3000 0000 0000 0000 0001 7861,-60,5,1580218399356885,1
3000 0000 0000 0000 0001 786A,-41,5,1580218399358505,1
3005 FB63 AC1F 3681 EC88 0468,-56,5,1580218399359648,1
3000 0000 0000 0000 0001 7877,-55,1580218399360804,1
3005 FB63 AC1F 3681 EC88 0468,-57,5,1580218399362181,1
3000 0000 0000 0000 0001 787B,-62,1580218399365838,1
3005 FB63 AC1F 3681 EC88 0468,-57,5,1580218399368339,1
3000 0000 0000 0000 0001 7864,-60,5,1580218399370533,1
3005 FB63 AC1F 3681 EC88 0468,-60,1580218399383423,1
3005 FB63 AC1F 3681 EC88 0468,-63,1580218399396588,1
3000 0000 0000 0000 0001 7870,-65,1580218399406402,1
3000 0000 0000 0000 0001 7875,-50,5,1580218399420880,2
3000 0000 0000 0000 0001 787A,-56,1580218399422237,2
2453 9000 3869,-51,1580218399423203,2
3000 0000 0000 0000 0001 7864,-59,5,1580218399424302,2
3000 0000 0000 0000 0001 7872,-53,1580218399426551,2
3000 0000 0000 0000 0001 7876,-54,1580218399429352,2
3000 0000 0000 0000 0001 7868,-55,1580218399430663,2
3000 0000 0000 0000 0001 7877,-52,1580218399432300,2
3000 0000 0000 0000 0001 7873,-58,5,1580218399433354,2
3000 0000 0000 0000 0001 7863,-55,5,1580218399436426,2
3000 0000 0000 0000 0001 7879,-61,1580218399437941,2
3000 0000 0000 0000 0001 7874,-62,5,1580218399440950,2
3005 FB63 AC1F 3681 EC88 0468,-50,5,1580218399442658,2
3000 0000 0000 0000 0001 787B,-49,5,1580218399444011,2
3005 FB63 AC1F 3681 EC88 0468,-63,5,1580218399452731,2
3000 0000 0000 0000 0001 7871,-62,1580218399461556,2
3000 0000 0000 0000 0001 7877,-52,1580218399475800,2
3000 0000 0000 0000 0001 7876,-54,1580218399477625,2
3000 0000 0000 0000 0001 7873,-58,5,1580218399478735,2
3000 0000 0000 0000 0001 7874,-62,1580218399481453,2
3000 0000 0000 0000 0001 7879,-61,1580218399484003,2
3000 0000 0000 0000 0001 7875,-51,1580218399485086,2
2453 9000 3869,-51,1580218399486024,2
3000 0000 0000 0000 0001 7871,-61,1580218399487623,2
3000 0000 0000 0000 0001 7870,-52,5,1580218399488978,2
3000 0000 0000 0000 0001 7863,-55,1580218399490096,2
3000 0000 0000 0000 0001 7872,-53,1580218399491511,2
3000 0000 0000 0000 0001 7864,-59,5,1580218399493223,2
3000 0000 0000 0000 0001 787A,-56,1580218399494908,2
3000 0000 0000 0000 0001 787B,-49,5,1580218399496030,2
3005 FB63 AC1F 3681 EC88 0468,-51,1580218399497153,2
3000 0000 0000 0000 0001 7868,-55,1580218399498849,2
3005 FB63 AC1F 3681 EC88 0468,-63,1580218399517656,2
3005 FB63 AC1F 3681 EC88 0468,-56,5,1580218399545240,3
3000 0000 0000 0000 0001 7868,-50,1580218399547035,3
3000 0000 0000 0000 0001 7863,-55,5,1580218399548156,3
3005 FB63 AC1F 3681 EC88 0468,-52,1580218399556275,3
3000 0000 0000 0000 0001 7875,-58,5,1580218399560062,3
3005 FB63 AC1F 3681 EC88 0468,-57,5,1580218399561672,3
3005 FB63 AC1F 3681 EC88 0468,-56,1580218399564977,3
3000 0000 0000 0000 0001 7872,-60,5,1580218399566337,3
3005 FB63 AC1F 3681 EC88 0468,-56,1580218399567442,3
3000 0000 0000 0000 0001 785B,-60,1580218399579636,3
3000 0000 0000 0000 0001 785C,-63,1580218399589227,3
3000 0000 0000 0000 0001 7870,-64,1580218399599024,3
3005 FB63 AC1F 3681 EC88 0468,-56,1580218399608286,3
3000 0000 0000 0000 0001 7868,-50,1580218399609668,3
3005 FB63 AC1F 3681 EC88 0468,-56,5,1580218399611007,3
3005 FB63 AC1F 3681 EC88 0468,-52,1580218399612863,3
3000 0000 0000 0000 0001 7875,-58,5,1580218399614801,3
3000 0000 0000 0000 0001 7863,-56,1580218399616648,3
3005 FB63 AC1F 3681 EC88 0468,-57,5,1580218399618107,3
3005 FB63 AC1F 3681 EC88 0468,-56,1580218399620070,3
3000 0000 0000 0000 0001 7872,-60,5,1580218399621716,3
3000 0000 0000 0000 0001 785C,-63,5,1580218399632100,3
3000 0000 0000 0000 0001 785B,-61,1580218399638429,3
3000 0000 0000 0000 0001 787A,-57,1580218399660208,4
3000 0000 0000 0000 0001 7872,-55,1580218399661369,4
3000 0000 0000 0000 0001 7875,-62,1580218399663953,4
3000 0000 0000 0000 0001 7868,-53,1580218399667549,4
3000 0000 0000 0000 0001 7876,-59,5,1580218399669260,4
3000 0000 0000 0000 0001 7864,-57,5,1580218399673170,4
3000 0000 0000 0000 0001 7863,-55,1580218399674248,4
3000 0000 0000 0000 0001 7874,-60,1580218399675351,4
3000 0000 0000 0000 0001 7870,-58,1580218399676465,4
3005 FB63 AC1F 3681 EC88 0468,-64,5,1580218399698514,4
3000 0000 0000 0000 0001 7876,-59,1580218399714469,4
3000 0000 0000 0000 0001 7864,-57,1580218399717025,4
3000 0000 0000 0000 0001 7868,-53,1580218399719032,4
3000 0000 0000 0000 0001 7875,-62,5,1580218399720181,4
3000 0000 0000 0000 0001 7863,-55,1580218399721529,4
3000 0000 0000 0000 0001 7870,-58,1580218399722928,4
3000 0000 0000 0000 0001 7872,-55,1580218399724101,4
3000 0000 0000 0000 0001 7874,-60,1580218399725562,4
3000 0000 0000 0000 0001 787A,-57,1580218399726862,4
3005 FB63 AC1F 3681 EC88 0468,-64,5,1580218399737807,4
3000 0000 0000 0000 0001 7864,-59,5,1580218399768888,1
3005 FB63 AC1F 3681 EC88 0468,-57,1580218399771000,1
3000 0000 0000 0000 0001 786A,-41,1580218399772349,1
3000 0000 0000 0000 0001 7863,-55,5,1580218399774851,1
3005 FB63 AC1F 3681 EC88 0468,-57,5,1580218399776474,1
3000 0000 0000 0000 0001 7877,-54,5,1580218399778086,1
2453 9000 3869,-55,5,1580218399779290,1
3005 FB63 AC1F 3681 EC88 0468,-58,1580218399781597,1
3005 FB63 AC1F 3681 EC88 0468,-54,5,1580218399782660,1
3005 FB63 AC1F 3681 EC88 0468,-57,5,1580218399787973,1
3000 0000 0000 0000 0001 7874,-58,5,1580218399789091,1
3005 FB63 AC1F 3681 EC88 0468,-60,1580218399811890,1
3000 0000 0000 0000 0001 787B,-63,1580218399821522,1
3000 0000 0000 0000 0001 7870,-65,1580218399831483,1
3000 0000 0000 0000 0001 7864,-60,1580218399838751,1
3000 0000 0000 0000 0001 7874,-59,1580218399841732,1
3005 FB63 AC1F 3681 EC88 0468,-55,1580218399842839,1
3000 0000 0000 0000 0001 786A,-41,1580218399844431,1
2453 9000 3869,-55,5,1580218399846154,1
3005 FB63 AC1F 3681 EC88 0468,-58,1580218399847235,1
3000 0000 0000 0000 0001 7877,-55,1580218399848348,1
3005 FB63 AC1F 3681 EC88 0468,-57,5,1580218399849682,1
3000 0000 0000 0000 0001 787B,-61,5,1580218399850890,1
3000 0000 0000 0000 0001 7863,-55,5,1580218399852221,1
3005 FB63 AC1F 3681 EC88 0468,-56,5,1580218399853338,1
3005 FB63 AC1F 3681 EC88 0468,-57,5,1580218399855744,1
3005 FB63 AC1F 3681 EC88 0468,-60,1580218399870774,1
3005 FB63 AC1F 3681 EC88 0468,-51,1580218399899004,2
3000 0000 0000 0000 0001 7879,-61,1580218399900176,2
3000 0000 0000 0000 0001 7863,-55,1580218399902053,2
3000 0000 0000 0000 0001 7872,-53,1580218399903383,2
3000 0000 0000 0000 0001 7874,-63,1580218399905403,2
3000 0000 0000 0000 0001 7871,-61,1580218399906801,2
3000 0000 0000 0000 0001 7864,-59,5,1580218399907928,2
3000 0000 0000 0000 0001 7875,-51,1580218399909287,2
3000 0000 0000 0000 0001 7877,-52,1580218399910852,2
3000 0000 0000 0000 0001 7870,-52,5,1580218399911994,2
2453 9000 3869,-51,1580218399914011,2
3000 0000 0000 0000 0001 7868,-55,1580218399915105,2
3000 0000 0000 0000 0001 787B,-49,1580218399916215,2
3000 0000 0000 0000 0001 7873,-58,5,1580218399917780,2
3000 0000 0000 0000 0001 7876,-54,1580218399920730,2
3000 0000 0000 0000 0001 787A,-56,1580218399922756,2
3005 FB63 AC1F 3681 EC88 0468,-63,1580218399952286,2
3000 0000 0000 0000 0001 7876,-54,1580218399964905,2
3000 0000 0000 0000 0001 7877,-51,5,1580218399967354,2
3000 0000 0000 0000 0001 7870,-52,5,1580218399969614,2
3000 0000 0000 0000 0001 7875,-51,1580218399970973,2
3000 0000 0000 0000 0001 7873,-58,5,1580218399972068,2
3000 0000 0000 0000 0001 7864,-59,5,1580218399973164,2
3005 FB63 AC1F 3681 EC88 0468,-51,1580218399974557,2
3000 0000 0000 0000 0001 7863,-55,5,1580218399976606,2
3000 0000 0000 0000 0001 7872,-53,1580218399977721,2
2453 9000 3869,-51,1580218399978787,2
3000 0000 0000 0000 0001 7871,-61,1580218399981281,2
3000 0000 0000 0000 0001 787B,-49,5,1580218399982418,2
3000 0000 0000 0000 0001 7868,-55,1580218399983669,2
3000 0000 0000 0000 0001 787A,-56,1580218399984800,2
3000 0000 0000 0000 0001 7874,-63,1580218399995319,2
3000 0000 0000 0000 0001 7879,-62,1580218400005041,2
3005 FB63 AC1F 3681 EC88 0468,-63,1580218400023073,2
3005 FB63 AC1F 3681 EC88 0468,-56,5,1580218400038083,3
3000 0000 0000 0000 0001 7875,-58,5,1580218400046306,3
3000 0000 0000 0000 0001 7868,-50,1580218400047647,3
3005 FB63 AC1F 3681 EC88 0468,-57,5,1580218400048787,3
3005 FB63 AC1F 3681 EC88 0468,-52,1580218400049899,3
3000 0000 0000 0000 0001 7863,-56,1580218400051009,3
3000 0000 0000 0000 0001 7872,-61,1580218400052987,3
3005 FB63 AC1F 3681 EC88 0468,-55,5,1580218400054179,3
3000 0000 0000 0000 0001 785C,-63,1580218400069424,3
3000 0000 0000 0000 0001 7873,-64,5,1580218400079454,3
3000 0000 0000 0000 0001 785B,-60,5,1580218400089018,3
3000 0000 0000 0000 0001 7863,-55,5,1580218400098221,3
3005 FB63 AC1F 3681 EC88 0468,-57,5,1580218400099562,3
3005 FB63 AC1F 3681 EC88 0468,-56,5,1580218400100688,3
3005 FB63 AC1F 3681 EC88 0468,-56,1580218400101780,3
3000 0000 0000 0000 0001 7875,-58,5,1580218400103183,3
3000 0000 0000 0000 0001 7868,-50,1580218400105204,3
3005 FB63 AC1F 3681 EC88 0468,-52,1580218400106275,3
3005 FB63 AC1F 3681 EC88 0468,-56,1580218400110230,3
3000 0000 0000 0000 0001 7872,-60,5,1580218400111919,3
3000 0000 0000 0000 0001 7873,-64,5,1580218400126081,3
3000 0000 0000 0000 0001 785C,-63,1580218400140822,3
3000 0000 0000 0000 0001 7874,-60,1580218400163415,4
3000 0000 0000 0000 0001 7863,-55,5,1580218400165792,4
3000 0000 0000 0000 0001 7876,-59,1580218400168552,4
3000 0000 0000 0000 0001 7870,-58,5,1580218400170476,4
3000 0000 0000 0000 0001 7868,-53,1580218400171587,4
3000 0000 0000 0000 0001 7872,-54,5,1580218400172686,4
3000 0000 0000 0000 0001 787A,-57,1580218400173817,4
3000 0000 0000 0000 0001 7864,-57,5,1580218400179720,4
3000 0000 0000 0000 0001 7875,-63,1580218400194920,4
3005 FB63 AC1F 3681 EC88 0468,-64,5,1580218400208059,4
3000 0000 0000 0000 0001 7872,-54,5,1580218400224955,4
3000 0000 0000 0000 0001 7875,-62,1580218400226058,4
3000 0000 0000 0000 0001 7870,-58,5,1580218400228292,4
3000 0000 0000 0000 0001 7876,-59,1580218400230356,4
3000 0000 0000 0000 0001 787A,-57,1580218400231700,4
3000 0000 0000 0000 0001 7868,-53,5,1580218400233312,4
3000 0000 0000 0000 0001 7863,-55,1580218400234750,4
3000 0000 0000 0000 0001 7864,-57,5,1580218400236387,4
3000 0000 0000 0000 0001 7874,-60,1580218400237761,4
3005 FB63 AC1F 3681 EC88 0468,-64,5,1580218400256691,4
3000 0000 0000 0000 0001 786A,-41,5,1580218400283473,1
3005 FB63 AC1F 3681 EC88 0468,-58,1580218400284929,1
3005 FB63 AC1F 3681 EC88 0468,-57,5,1580218400286049,1
3005 FB63 AC1F 3681 EC88 0468,-57,5,1580218400287414,1
3000 0000 0000 0000 0001 7863,-55,5,1580218400288507,1
3000 0000 0000 0000 0001 7874,-59,1580218400290569,1
3000 0000 0000 0000 0001 7864,-60,1580218400291625,1
3005 FB63 AC1F 3681 EC88 0468,-54,5,1580218400292960,1
3005 FB63 AC1F 3681 EC88 0468,-57,1580218400296929,1
2453 9000 3869,-55,5,1580218400297880,1
3000 0000 0000 0000 0001 7877,-55,1580218400298964,1
3000 0000 0000 0000 0001 787B,-61,5,1580218400300089,1
3000 0000 0000 0000 0001 7861,-60,1580218400302365,1
3005 FB63 AC1F 3681 EC88 0468,-63,1580218400322162,1
3005 FB63 AC1F 3681 EC88 0468,-60,1580218400333539,1
2453 9000 3869,-55,1580218400356506,1
3005 FB63 AC1F 3681 EC88 0468,-57,5,1580218400358329,1
3005 FB63 AC1F 3681 EC88 0468,-55,1580218400359680,1
3000 0000 0000 0000 0001 7877,-55,1580218400361008,1
3005 FB63 AC1F 3681 EC88 0468,-58,5,1580218400362401,1
3000 0000 0000 0000 0001 7874,-58,5,1580218400364273,1
3000 0000 0000 0000 0001 7861,-60,1580218400365407,1
3005 FB63 AC1F 3681 EC88 0468,-57,5,1580218400369676,1
3000 0000 0000 0000 0001 786A,-41,5,1580218400370826,1
3000 0000 0000 0000 0001 787B,-61,5,1580218400371921,1
3005 FB63 AC1F 3681 EC88 0468,-57,5,1580218400373014,1
3000 0000 0000 0000 0001 7863,-55,1580218400374392,1
3000 0000 0000 0000 0001 7864,-59,5,1580218400375718,1
3005 FB63 AC1F 3681 EC88 0468,-63,1580218400398402,1
3005 FB63 AC1F 3681 EC88 0468,-60,1580218400409854,1
3000 0000 0000 0000 0001 7864,-59,1580218400432178,2
3000 0000 0000 0000 0001 7876,-54,1580218400434897,2
3000 0000 0000 0000 0001 787A,-56,1580218400436254,2
3000 0000 0000 0000 0001 787B,-49,1580218400437631,2
3000 0000 0000 0000 0001 7875,-51,1580218400438975,2
3000 0000 0000 0000 0001 7877,-51,5,1580218400440015,2
2453 9000 3869,-51,1580218400440936,2
3005 FB63 AC1F 3681 EC88 0468,-51,1580218400442088,2
3000 0000 0000 0000 0001 7872,-53,1580218400443260,2
3000 0000 0000 0000 0001 7863,-55,1580218400445614,2
3000 0000 0000 0000 0001 7870,-52,5,1580218400446870,2
3000 0000 0000 0000 0001 7874,-62,1580218400449099,2
3000 0000 0000 0000 0001 7873,-58,5,1580218400450208,2
3000 0000 0000 0000 0001 7871,-61,1580218400451675,2
3000 0000 0000 0000 0001 7868,-55,1580218400453466,2
3000 0000 0000 0000 0001 7879,-61,1580218400454552,2
3005 FB63 AC1F 3681 EC88 0468,-63,1580218400469243,2
3000 0000 0000 0000 0001 7871,-61,1580218400491156,2
3000 0000 0000 0000 0001 7874,-62,1580218400492245,2
3000 0000 0000 0000 0001 7875,-50,5,1580218400494156,2
3000 0000 0000 0000 0001 787B,-49,5,1580218400495306,2
3000 0000 0000 0000 0001 787A,-56,1580218400497391,2
3000 0000 0000 0000 0001 7876,-54,1580218400499877,2
3000 0000 0000 0000 0001 7868,-55,1580218400500944,2
3000 0000 0000 0000 0001 7872,-53,1580218400503768,2
3000 0000 0000 0000 0001 7863,-55,1580218400504949,2
2453 9000 3869,-51,1580218400505910,2
3000 0000 0000 0000 0001 7870,-52,5,1580218400508834,2
3000 0000 0000 0000 0001 7877,-52,1580218400510288,2
3000 0000 0000 0000 0001 7879,-61,1580218400511633,2
3000 0000 0000 0000 0001 7873,-58,1580218400513684,2
3005 FB63 AC1F 3681 EC88 0468,-50,5,1580218400515006,2
3000 0000 0000 0000 0001 7864,-59,5,1580218400516462,2
3005 FB63 AC1F 3681 EC88 0468,-63,1580218400536174,2
3005 FB63 AC1F 3681 EC88 0468,-57,5,1580218400561355,3
3005 FB63 AC1F 3681 EC88 0468,-56,1580218400562893,3
3000 0000 0000 0000 0001 7863,-56,1580218400564498,3
3005 FB63 AC1F 3681 EC88 0468,-56,1580218400565631,3
3000 0000 0000 0000 0001 7868,-50,1580218400570935,3
3005 FB63 AC1F 3681 EC88 0468,-52,5,1580218400572075,3
3000 0000 0000 0000 0001 7872,-60,5,1580218400576600,3
3005 FB63 AC1F 3681 EC88 0468,-55,5,1580218400581419,3
3000 0000 0000 0000 0001 7875,-58,1580218400582509,3
3000 0000 0000 0000 0001 7864,-65,5,1580218400608089,3
3000 0000 0000 0000 0001 785C,-63,1580218400617683,3
3000 0000 0000 0000 0001 785B,-60,5,1580218400627204,3
3000 0000 0000 0000 0001 7875,-58,5,1580218400634076,3
3005 FB63 AC1F 3681 EC88 0468,-56,1580218400636773,3
3005 FB63 AC1F 3681 EC88 0468,-52,1580218400638788,3
3005 FB63 AC1F 3681 EC88 0468,-57,5,1580218400640141,3
3000 0000 0000 0000 0001 7863,-56,1580218400641236,3
3000 0000 0000 0000 0001 7872,-61,1580218400642851,3
3000 0000 0000 0000 0001 7868,-50,5,1580218400644204,3
3005 FB63 AC1F 3681 EC88 0468,-56,1580218400645800,3
3005 FB63 AC1F 3681 EC88 0468,-55,5,1580218400649547,3
3000 0000 0000 0000 0001 785C,-63,5,1580218400660901,3
3000 0000 0000 0000 0001 7864,-65,5,1580218400670634,3
3000 0000 0000 0000 0001 7875,-62,1580218400707481,4
3000 0000 0000 0000 0001 7864,-57,5,1580218400710257,4
3000 0000 0000 0000 0001 7863,-55,1580218400712789,4
3000 0000 0000 0000 0001 7868,-53,5,1580218400714413,4
3000 0000 0000 0000 0001 7872,-55,1580218400715539,4
3000 0000 0000 0000 0001 787A,-57,1580218400717170,4
3000 0000 0000 0000 0001 7874,-60,1580218400718400,4
3000 0000 0000 0000 0001 7870,-58,5,1580218400719473,4
3000 0000 0000 0000 0001 7876,-59,5,1580218400720570,4
3005 FB63 AC1F 3681 EC88 0468,-65,5,1580218400742198,4
3000 0000 0000 0000 0001 7868,-53,1580218400757710,4
3000 0000 0000 0000 0001 7870,-58,1580218400760162,4
3000 0000 0000 0000 0001 7872,-54,5,1580218400761747,4
3000 0000 0000 0000 0001 7876,-59,1580218400762845,4
3000 0000 0000 0000 0001 7874,-60,1580218400764660,4
3000 0000 0000 0000 0001 7863,-55,1580218400766562,4
3000 0000 0000 0000 0001 7875,-62,5,1580218400768554,4
3000 0000 0000 0000 0001 787A,-57,1580218400770895,4
3000 0000 0000 0000 0001 7864,-57,1580218400772510,4
3005 FB63 AC1F 3681 EC88 0468,-64,5,1580218400789967,4
3000 0000 0000 0000 0001 7877,-55,1580218400816033,1
3000 0000 0000 0000 0001 7861,-60,5,1580218400818164,1
3000 0000 0000 0000 0001 786A,-41,5,1580218400823353,1
3005 FB63 AC1F 3681 EC88 0468,-57,5,1580218400824817,1
2453 9000 3869,-55,5,1580218400825813,1
3005 FB63 AC1F 3681 EC88 0468,-54,5,1580218400828450,1
3000 0000 0000 0000 0001 7864,-60,1580218400831219,1
3005 FB63 AC1F 3681 EC88 0468,-57,1580218400834107,1
3000 0000 0000 0000 0001 7874,-59,1580218400835896,1
3000 0000 0000 0000 0001 7863,-55,5,1580218400837026,1
3005 FB63 AC1F 3681 EC88 0468,-57,5,1580218400838295,1
3005 FB63 AC1F 3681 EC88 0468,-58,1580218400841094,1
3005 FB63 AC1F 3681 EC88 0468,-60,1580218400852084,1
3005 FB63 AC1F 3681 EC88 0468,-63,1580218400875655,1
3000 0000 0000 0000 0001 787B,-63,1580218400888737,1
3000 0000 0000 0000 0001 7863,-55,5,1580218400895969,1
3000 0000 0000 0000 0001 7864,-60,1580218400897352,1
3000 0000 0000 0000 0001 786A,-41,5,1580218400899980,1
3000 0000 0000 0000 0001 7861,-60,1580218400901587,1
2453 9000 3869,-55,1580218400903023,1
3005 FB63 AC1F 3681 EC88 0468,-57,1580218400904877,1
3005 FB63 AC1F 3681 EC88 0468,-58,1580218400905972,1
3000 0000 0000 0000 0001 7874,-59,1580218400907060,1
3005 FB63 AC1F 3681 EC88 0468,-55,1580218400908624,1
3000 0000 0000 0000 0001 7877,-55,1580218400910918,1
3005 FB63 AC1F 3681 EC88 0468,-58,1580218400911997,1
3005 FB63 AC1F 3681 EC88 0468,-57,5,1580218400913117,1
3005 FB63 AC1F 3681 EC88 0468,-63,1580218400931564,1
3005 FB63 AC1F 3681 EC88 0468,-60,1580218400948212,1
3000 0000 0000 0000 0001 787A,-55,5,1580218400968077,2
3000 0000 0000 0000 0001 787B,-49,5,1580218400969438,2
3000 0000 0000 0000 0001 7863,-55,5,1580218400971286,2
3000 0000 0000 0000 0001 7871,-60,5,1580218400972339,2
2453 9000 3869,-51,1580218400973320,2
3000 0000 0000 0000 0001 7874,-62,5,1580218400974410,2
3000 0000 0000 0000 0001 7876,-54,1580218400976203,2
3000 0000 0000 0000 0001 7872,-53,1580218400977832,2
3000 0000 0000 0000 0001 7864,-59,5,1580218400979386,2
3000 0000 0000 0000 0001 7873,-58,5,1580218400980509,2
3000 0000 0000 0000 0001 7877,-52,1580218400982741,2
3000 0000 0000 0000 0001 7870,-52,5,1580218400984363,2
3005 FB63 AC1F 3681 EC88 0468,-51,1580218400985930,2
3000 0000 0000 0000 0001 7868,-55,1580218400988353,2
3000 0000 0000 0000 0001 7875,-51,1580218400990901,2
3000 0000 0000 0000 0001 7879,-61,1580218400994382,2
3005 FB63 AC1F 3681 EC88 0468,-63,1580218401033262,2
3005 FB63 AC1F 3681 EC88 0468,-64,5,1580218401043015,2
3000 0000 0000 0000 0001 7879,-60,5,1580218401054404,2
3000 0000 0000 0000 0001 787B,-49,5,1580218401055484,2
3000 0000 0000 0000 0001 7863,-55,5,1580218401058829,2
3000 0000 0000 0000 0001 7872,-53,5,1580218401061094,2
3000 0000 0000 0000 0001 7868,-55,1580218401062446,2
3000 0000 0000 0000 0001 7875,-51,1580218401064310,2
3005 FB63 AC1F 3681 EC88 0468,-51,1580218401065405,2
3000 0000 0000 0000 0001 7876,-54,1580218401067567,2
3000 0000 0000 0000 0001 7870,-52,5,1580218401068677,2
3000 0000 0000 0000 0001 787A,-55,5,1580218401069995,2
2453 9000 3869,-51,1580218401070959,2
3000 0000 0000 0000 0001 7877,-52,1580218401072621,2
3000 0000 0000 0000 0001 7874,-62,5,1580218401073824,2
3000 0000 0000 0000 0001 7864,-59,5,1580218401075206,2
3000 0000 0000 0000 0001 7871,-61,1580218401076362,2
3000 0000 0000 0000 0001 7873,-58,5,1580218401079504,2
3005 FB63 AC1F 3681 EC88 0468,-63,1580218401094999,2
3005 FB63 AC1F 3681 EC88 0468,-64,5,1580218401111544,2
3005 FB63 AC1F 3681 EC88 0468,-52,1580218401135174,3
3000 0000 0000 0000 0001 7875,-58,1580218401139143,3
3000 0000 0000 0000 0001 7868,-50,1580218401140298,3
3000 0000 0000 0000 0001 7872,-60,5,1580218401142736,3
3000 0000 0000 0000 0001 7863,-55,5,1580218401144085,3
3005 FB63 AC1F 3681 EC88 0468,-56,1580218401145253,3
3005 FB63 AC1F 3681 EC88 0468,-56,5,1580218401146360,3
3005 FB63 AC1F 3681 EC88 0468,-58,1580218401147699,3
3005 FB63 AC1F 3681 EC88 0468,-56,5,1580218401149914,3
3000 0000 0000 0000 0001 785C,-63,1580218401166921,3
3000 0000 0000 0000 0001 785B,-60,5,1580218401176498,3
3000 0000 0000 0000 0001 7864,-66,1580218401186199,3
3000 0000 0000 0000 0001 7872,-60,5,1580218401193180,3
3005 FB63 AC1F 3681 EC88 0468,-58,1580218401194735,3
3000 0000 0000 0000 0001 7875,-58,1580218401196604,3
3005 FB63 AC1F 3681 EC88 0468,-52,1580218401198745,3
3005 FB63 AC1F 3681 EC88 0468,-55,5,1580218401200127,3
3000 0000 0000 0000 0001 7868,-50,1580218401202006,3
3005 FB63 AC1F 3681 EC88 0468,-56,5,1580218401204731,3
3005 FB63 AC1F 3681 EC88 0468,-56,1580218401206317,3
3000 0000 0000 0000 0001 7863,-55,5,1580218401207755,3
3000 0000 0000 0000 0001 785C,-63,1580218401225736,3
3000 0000 0000 0000 0001 785B,-60,5,1580218401235466,3
3000 0000 0000 0000 0001 7872,-55,1580218401261551,4
3000 0000 0000 0000 0001 7876,-58,5,1580218401262720,4
3000 0000 0000 0000 0001 7863,-55,1580218401265048,4
3000 0000 0000 0000 0001 7874,-60,1580218401267718,4
3000 0000 0000 0000 0001 787A,-57,1580218401269002,4
3000 0000 0000 0000 0001 7870,-58,5,1580218401270158,4
3000 0000 0000 0000 0001 7875,-62,1580218401271763,4
3000 0000 0000 0000 0001 7864,-57,1580218401273316,4
3000 0000 0000 0000 0001 7868,-53,1580218401274712,4
3005 FB63 AC1F 3681 EC88 0468,-64,5,1580218401303191,4
3000 0000 0000 0000 0001 7875,-62,1580218401313687,4
3000 0000 0000 0000 0001 7874,-60,1580218401316171,4
3000 0000 0000 0000 0001 7868,-53,1580218401318109,4
3000 0000 0000 0000 0001 7876,-59,1580218401319264,4
3000 0000 0000 0000 0001 787A,-57,1580218401320379,4
3000 0000 0000 0000 0001 7870,-58,5,1580218401321706,4
3000 0000 0000 0000 0001 7864,-57,1580218401324584,4
3000 0000 0000 0000 0001 7872,-55,1580218401326918,4
3000 0000 0000 0000 0001 7863,-55,1580218401328054,4
3005 FB63 AC1F 3681 EC88 0468,-64,5,1580218401344023,4
3000 0000 0000 0000 0001 7864,-59,5,1580218401370820,1
3000 0000 0000 0000 0001 786A,-41,5,1580218401372525,1
3005 FB63 AC1F 3681 EC88 0468,-57,5,1580218401374102,1
3005 FB63 AC1F 3681 EC88 0468,-57,5,1580218401375222,1
3005 FB63 AC1F 3681 EC88 0468,-55,1580218401376542,1
3000 0000 0000 0000 0001 7861,-60,5,1580218401377637,1
3005 FB63 AC1F 3681 EC88 0468,-57,5,1580218401378802,1
3000 0000 0000 0000 0001 7877,-54,5,1580218401379900,1
2453 9000 3869,-55,5,1580218401381109,1
3000 0000 0000 0000 0001 7874,-59,1580218401382226,1
3000 0000 0000 0000 0001 7863,-55,5,1580218401384802,1
3000 0000 0000 0000 0001 787B,-62,1580218401388811,1
3005 FB63 AC1F 3681 EC88 0468,-57,1580218401389895,1
3005 FB63 AC1F 3681 EC88 0468,-60,1580218401401210,1
3005 FB63 AC1F 3681 EC88 0468,-56,1580218401424472,1
3005 FB63 AC1F 3681 EC88 0468,-63,5,1580218401436000,1
2453 9000 3869,-55,5,1580218401443708,1
3005 FB63 AC1F 3681 EC88 0468,-57,1580218401445058,1
3005 FB63 AC1F 3681 EC88 0468,-57,5,1580218401446165,1
3005 FB63 AC1F 3681 EC88 0468,-55,1580218401448030,1
3005 FB63 AC1F 3681 EC88 0468,-58,1580218401449366,1
3000 0000 0000 0000 0001 7863,-55,5,1580218401451197,1
3000 0000 0000 0000 0001 786A,-41,5,1580218401452576,1
3000 0000 0000 0000 0001 787B,-62,1580218401454140,1
3000 0000 0000 0000 0001 7864,-60,1580218401455284,1
3000 0000 0000 0000 0001 7877,-55,1580218401460588,1
3005 FB63 AC1F 3681 EC88 0468,-57,5,1580218401462089,1
3000 0000 0000 0000 0001 7861,-59,5,1580218401464250,1
3000 0000 0000 0000 0001 7874,-59,1580218401465339,1
3005 FB63 AC1F 3681 EC88 0468,-56,1580218401482037,1
3005 FB63 AC1F 3681 EC88 0468,-60,1580218401491803,1
3000 0000 0000 0000 0001 7876,-54,1580218401519453,2
3005 FB63 AC1F 3681 EC88 0468,-51,1580218401521707,2
3000 0000 0000 0000 0001 7877,-51,5,1580218401523360,2
2453 9000 3869,-51,1580218401524298,2
3000 0000 0000 0000 0001 7879,-61,1580218401525385,2
3000 0000 0000 0000 0001 7875,-51,1580218401526472,2
3000 0000 0000 0000 0001 7874,-62,5,1580218401528131,2
3000 0000 0000 0000 0001 787B,-49,5,1580218401529237,2
3000 0000 0000 0000 0001 7872,-53,1580218401530323,2
3000 0000 0000 0000 0001 7870,-52,5,1580218401531707,2
3000 0000 0000 0000 0001 7863,-55,5,1580218401532759,2
3000 0000 0000 0000 0001 7868,-55,1580218401534773,2
3000 0000 0000 0000 0001 787A,-56,1580218401535906,2
3000 0000 0000 0000 0001 7864,-59,5,1580218401537014,2
3000 0000 0000 0000 0001 7873,-58,5,1580218401538070,2
3000 0000 0000 0000 0001 7871,-61,1580218401540174,2
3005 FB63 AC1F 3681 EC88 0468,-62,5,1580218401558416,2
3005 FB63 AC1F 3681 EC88 0468,-64,5,1580218401569775,2
3000 0000 0000 0000 0001 7871,-60,5,1580218401587058,2
3000 0000 0000 0000 0001 7864,-59,1580218401589544,2
3000 0000 0000 0000 0001 787B,-49,5,1580218401591052,2
3000 0000 0000 0000 0001 7875,-51,1580218401592409,2
3000 0000 0000 0000 0001 7873,-58,5,1580218401593775,2
3000 0000 0000 0000 0001 787A,-56,1580218401595847,2
3000 0000 0000 0000 0001 7876,-54,1580218401597183,2
2453 9000 3869,-51,1580218401599108,2
3005 FB63 AC1F 3681 EC88 0468,-51,1580218401600192,2
3000 0000 0000 0000 0001 7863,-55,5,1580218401603902,2
3000 0000 0000 0000 0001 7872,-53,1580218401605102,2
3000 0000 0000 0000 0001 7877,-52,1580218401606483,2
3000 0000 0000 0000 0001 7870,-52,5,1580218401607611,2
3000 0000 0000 0000 0001 7868,-55,1580218401609431,2
3000 0000 0000 0000 0001 7874,-62,5,1580218401610665,2
3000 0000 0000 0000 0001 7879,-60,5,1580218401611733,2
3005 FB63 AC1F 3681 EC88 0468,-63,1580218401622898,2
3005 FB63 AC1F 3681 EC88 0468,-64,5,1580218401635943,2
3000 0000 0000 0000 0001 7868,-50,1580218401786924,3
3005 FB63 AC1F 3681 EC88 0468,-58,1580218401788053,3
3000 0000 0000 0000 0001 7872,-60,5,1580218401789142,3
3005 FB63 AC1F 3681 EC88 0468,-56,1580218401794076,3
3005 FB63 AC1F 3681 EC88 0468,-56,5,1580218401795195,3
3000 0000 0000 0000 0001 7875,-58,5,1580218401796563,3
3005 FB63 AC1F 3681 EC88 0468,-52,1580218401797649,3
3000 0000 0000 0000 0001 7863,-55,5,1580218401801476,3
3005 FB63 AC1F 3681 EC88 0468,-56,1580218401804690,3
3000 0000 0000 0000 0001 7864,-66,1580218401817047,3
3000 0000 0000 0000 0001 785B,-61,1580218401826589,3
3000 0000 0000 0000 0001 7870,-65,1580218401839757,3
3000 0000 0000 0000 0001 7875,-58,5,1580218401846527,3
3005 FB63 AC1F 3681 EC88 0468,-52,1580218401847670,3
3005 FB63 AC1F 3681 EC88 0468,-58,1580218401849553,3
3000 0000 0000 0000 0001 7872,-60,5,1580218401852265,3
3005 FB63 AC1F 3681 EC88 0468,-56,1580218401854074,3
3000 0000 0000 0000 0001 7868,-50,1580218401855428,3
3005 FB63 AC1F 3681 EC88 0468,-56,1580218401856790,3
3000 0000 0000 0000 0001 7863,-55,5,1580218401858524,3
3005 FB63 AC1F 3681 EC88 0468,-56,5,1580218401860112,3
3000 0000 0000 0000 0001 785B,-61,1580218401883064,3
3000 0000 0000 0000 0001 7864,-66,1580218401899614,3
3000 0000 0000 0000 0001 7863,-55,5,1580218401917403,4
3000 0000 0000 0000 0001 7868,-53,1580218401925163,4
3000 0000 0000 0000 0001 7864,-57,1580218401926675,4
3000 0000 0000 0000 0001 7874,-60,1580218401928513,4
3000 0000 0000 0000 0001 787A,-57,1580218401930212,4
3000 0000 0000 0000 0001 7870,-58,5,1580218401931610,4
3000 0000 0000 0000 0001 7876,-59,1580218401933605,4
3000 0000 0000 0000 0001 7872,-55,1580218401934947,4
3000 0000 0000 0000 0001 7875,-63,1580218401945519,4
3000 0000 0000 0000 0001 7876,-59,1580218401974175,4
3000 0000 0000 0000 0001 7868,-53,1580218401975514,4
3000 0000 0000 0000 0001 7864,-57,5,1580218401976854,4
3000 0000 0000 0000 0001 7872,-55,1580218401977925,4
3000 0000 0000 0000 0001 7863,-55,1580218401979293,4
3000 0000 0000 0000 0001 7875,-61,5,1580218401980625,4
3000 0000 0000 0000 0001 7870,-58,5,1580218401982210,4
3000 0000 0000 0000 0001 7874,-60,1580218401987086,4
3000 0000 0000 0000 0001 787A,-57,1580218401990141,4
2453 9000 3869,-55,5,1580218402022496,1
3000 0000 0000 0000 0001 7864,-60,1580218402024748,1
3005 FB63 AC1F 3681 EC88 0468,-54,5,1580218402026381,1
3005 FB63 AC1F 3681 EC88 0468,-58,1580218402028458,1
3000 0000 0000 0000 0001 786A,-41,1580218402029594,1
3000 0000 0000 0000 0001 7877,-54,5,1580218402031190,1
3005 FB63 AC1F 3681 EC88 0468,-57,5,1580218402033088,1
3000 0000 0000 0000 0001 7863,-55,5,1580218402034181,1
3005 FB63 AC1F 3681 EC88 0468,-57,5,1580218402036930,1
3005 FB63 AC1F 3681 EC88 0468,-57,5,1580218402038898,1
3000 0000 0000 0000 0001 7874,-59,1580218402041201,1
3000 0000 0000 0000 0001 7861,-60,1580218402042922,1
3000 0000 0000 0000 0001 787B,-61,5,1580218402046323,1
3005 FB63 AC1F 3681 EC88 0468,-60,1580218402063196,1
3000 0000 0000 0000 0001 7870,-65,1580218402076328,1
3005 FB63 AC1F 3681 EC88 0468,-63,5,1580218402085959,1
3005 FB63 AC1F 3681 EC88 0468,-55,1580218402094133,1
3005 FB63 AC1F 3681 EC88 0468,-57,5,1580218402095828,1
3000 0000 0000 0000 0001 7863,-55,5,1580218402098037,1
3000 0000 0000 0000 0001 7877,-54,5,1580218402099120,1
2453 9000 3869,-56,1580218402100896,1
3005 FB63 AC1F 3681 EC88 0468,-57,5,1580218402102701,1
3000 0000 0000 0000 0001 786A,-41,5,1580218402104275,1
3005 FB63 AC1F 3681 EC88 0468,-57,1580218402105493,1
3000 0000 0000 0000 0001 7874,-59,5,1580218402106624,1
3000 0000 0000 0000 0001 7864,-60,1580218402109198,1
3000 0000 0000 0000 0001 7861,-60,1580218402110288,1
3005 FB63 AC1F 3681 EC88 0468,-58,1580218402111653,1
3000 0000 0000 0000 0001 787B,-61,5,1580218402112935,1
3005 FB63 AC1F 3681 EC88 0468,-60,1580218402129357,1
3000 0000 0000 0000 0001 7870,-64,5,1580218402144460,1
3000 0000 0000 0000 0001 7875,-51,1580218402163825,2
3000 0000 0000 0000 0001 7879,-60,5,1580218402165181,2
3000 0000 0000 0000 0001 7877,-52,1580218402167058,2
2453 9000 3869,-51,5,1580218402169460,2
3005 FB63 AC1F 3681 EC88 0468,-51,1580218402170513,2
3000 0000 0000 0000 0001 7872,-53,5,1580218402172982,2
3000 0000 0000 0000 0001 7864,-59,5,1580218402175000,2
3000 0000 0000 0000 0001 787B,-49,5,1580218402176633,2
3000 0000 0000 0000 0001 7874,-62,5,1580218402177737,2
3000 0000 0000 0000 0001 7873,-58,5,1580218402178802,2
3000 0000 0000 0000 0001 7868,-55,1580218402180166,2
3000 0000 0000 0000 0001 7870,-52,5,1580218402181278,2
3000 0000 0000 0000 0001 7876,-54,1580218402182734,2
3000 0000 0000 0000 0001 7871,-61,1580218402185309,2
3000 0000 0000 0000 0001 787A,-56,1580218402186995,2
3000 0000 0000 0000 0001 7863,-55,5,1580218402188101,2
3005 FB63 AC1F 3681 EC88 0468,-64,5,1580218402198534,2
3005 FB63 AC1F 3681 EC88 0468,-63,1580218402211510,2
3000 0000 0000 0000 0001 7863,-55,5,1580218402237838,2
3000 0000 0000 0000 0001 787A,-56,1580218402239423,2
3000 0000 0000 0000 0001 7875,-51,1580218402240797,2
3005 FB63 AC1F 3681 EC88 0468,-51,1580218402241921,2
3000 0000 0000 0000 0001 7870,-52,1580218402243534,2
3000 0000 0000 0000 0001 7876,-54,1580218402245344,2
3000 0000 0000 0000 0001 7872,-53,1580218402246459,2
3000 0000 0000 0000 0001 787B,-49,1580218402247538,2
3000 0000 0000 0000 0001 7879,-60,5,1580218402249393,2
3000 0000 0000 0000 0001 7874,-62,1580218402251383,2
3000 0000 0000 0000 0001 7873,-58,5,1580218402252491,2
2453 9000 3869,-51,1580218402255151,2
3000 0000 0000 0000 0001 7871,-61,1580218402256326,2
3000 0000 0000 0000 0001 7864,-59,5,1580218402257679,2
3000 0000 0000 0000 0001 7877,-52,1580218402261015,2
3000 0000 0000 0000 0001 7868,-54,5,1580218402262723,2
3005 FB63 AC1F 3681 EC88 0468,-63,5,1580218402272943,2
3005 FB63 AC1F 3681 EC88 0468,-52,1580218402297335,3
3000 0000 0000 0000 0001 7863,-55,5,1580218402299281,3
3000 0000 0000 0000 0001 7872,-60,5,1580218402300997,3
3005 FB63 AC1F 3681 EC88 0468,-56,1580218402302105,3
3005 FB63 AC1F 3681 EC88 0468,-56,1580218402303452,3
3005 FB63 AC1F 3681 EC88 0468,-58,1580218402304547,3
3000 0000 0000 0000 0001 7868,-50,1580218402305848,3
3000 0000 0000 0000 0001 7875,-58,1580218402310087,3
3000 0000 0000 0000 0001 785B,-60,5,1580218402324021,3
3000 0000 0000 0000 0001 7870,-65,1580218402338938,3
3000 0000 0000 0000 0001 7873,-65,1580218402355861,3
3000 0000 0000 0000 0001 7875,-58,5,1580218402362949,3
3005 FB63 AC1F 3681 EC88 0468,-51,5,1580218402365740,3
3000 0000 0000 0000 0001 7868,-50,1580218402367580,3
3000 0000 0000 0000 0001 7863,-56,1580218402368672,3
3005 FB63 AC1F 3681 EC88 0468,-56,1580218402370011,3
3005 FB63 AC1F 3681 EC88 0468,-56,5,1580218402371416,3
3005 FB63 AC1F 3681 EC88 0468,-58,1580218402374355,3
3005 FB63 AC1F 3681 EC88 0468,-56,5,1580218402376501,3
3000 0000 0000 0000 0001 7872,-60,5,1580218402377602,3
3000 0000 0000 0000 0001 785B,-60,5,1580218402388976,3
3000 0000 0000 0000 0001 7870,-65,1580218402398762,3
3000 0000 0000 0000 0001 7875,-62,1580218402435867,4
3000 0000 0000 0000 0001 7864,-57,1580218402437821,4
3000 0000 0000 0000 0001 7863,-55,1580218402439214,4
3000 0000 0000 0000 0001 7870,-58,5,1580218402440327,4
3000 0000 0000 0000 0001 7876,-59,1580218402441369,4
3000 0000 0000 0000 0001 7872,-55,1580218402444288,4
3000 0000 0000 0000 0001 7874,-60,1580218402445623,4
3000 0000 0000 0000 0001 787A,-57,1580218402446739,4
3000 0000 0000 0000 0001 7868,-53,1580218402447847,4
3000 0000 0000 0000 0001 7872,-55,1580218402478346,4
3000 0000 0000 0000 0001 787A,-57,1580218402479450,4
3000 0000 0000 0000 0001 7874,-60,1580218402480808,4
3000 0000 0000 0000 0001 7868,-53,1580218402481892,4
3000 0000 0000 0000 0001 7863,-55,1580218402483184,4
3000 0000 0000 0000 0001 7876,-59,1580218402485292,4
3000 0000 0000 0000 0001 7864,-57,5,1580218402487488,4
3000 0000 0000 0000 0001 7875,-62,1580218402488949,4
3000 0000 0000 0000 0001 7870,-58,1580218402490021,4
3000 0000 0000 0000 0001 787B,-62,1580218402522019,1
3005 FB63 AC1F 3681 EC88 0468,-58,1580218402524701,1
3000 0000 0000 0000 0001 786A,-41,5,1580218402528025,1
3000 0000 0000 0000 0001 7877,-54,5,1580218402529536,1
3005 FB63 AC1F 3681 EC88 0468,-57,1580218402530667,1
2453 9000 3869,-56,1580218402531873,1
3000 0000 0000 0000 0001 7861,-60,1580218402533237,1
3005 FB63 AC1F 3681 EC88 0468,-55,1580218402537407,1
3005 FB63 AC1F 3681 EC88 0468,-57,5,1580218402538828,1
3000 0000 0000 0000 0001 7863,-55,5,1580218402540462,1
3000 0000 0000 0000 0001 7874,-59,5,1580218402542208,1
3005 FB63 AC1F 3681 EC88 0468,-57,5,1580218402543329,1
3000 0000 0000 0000 0001 7864,-60,1580218402544444,1
3000 0000 0000 0000 0001 7870,-64,5,1580218402560415,1
3005 FB63 AC1F 3681 EC88 0468,-63,1580218402575671,1
3005 FB63 AC1F 3681 EC88 0468,-60,1580218402585308,1
3005 FB63 AC1F 3681 EC88 0468,-57,5,1580218402592945,1
2453 9000 3869,-55,5,1580218402594124,1
3000 0000 0000 0000 0001 787B,-61,5,1580218402595434,1
3000 0000 0000 0000 0001 7863,-55,5,1580218402596569,1
3005 FB63 AC1F 3681 EC88 0468,-57,1580218402598411,1
3000 0000 0000 0000 0001 786A,-41,1580218402599504,1
3005 FB63 AC1F 3681 EC88 0468,-54,5,1580218402600627,1
3000 0000 0000 0000 0001 7864,-60,5,1580218402602722,1
3005 FB63 AC1F 3681 EC88 0468,-58,1580218402604257,1
3000 0000 0000 0000 0001 7861,-60,1580218402607456,1
3000 0000 0000 0000 0001 7874,-59,1580218402609226,1
3000 0000 0000 0000 0001 7877,-55,1580218402611312,1
3005 FB63 AC1F 3681 EC88 0468,-58,1580218402615187,1
3005 FB63 AC1F 3681 EC88 0468,-63,1580218402632472,1
3000 0000 0000 0000 0001 7870,-64,5,1580218402649084,1
3000 0000 0000 0000 0001 7864,-59,5,1580218402667118,2
3000 0000 0000 0000 0001 7876,-54,1580218402668189,2
3000 0000 0000 0000 0001 787B,-49,5,1580218402669525,2
2453 9000 3869,-51,5,1580218402671736,2
3005 FB63 AC1F 3681 EC88 0468,-51,1580218402673062,2
3000 0000 0000 0000 0001 7868,-55,1580218402674213,2
3000 0000 0000 0000 0001 7872,-53,1580218402675371,2
3000 0000 0000 0000 0001 787A,-55,5,1580218402677939,2
3000 0000 0000 0000 0001 7879,-61,1580218402679081,2
3000 0000 0000 0000 0001 7870,-52,5,1580218402680520,2
3000 0000 0000 0000 0001 7877,-52,1580218402681616,2
3000 0000 0000 0000 0001 7873,-58,5,1580218402683638,2
3000 0000 0000 0000 0001 7871,-61,1580218402687359,2
3000 0000 0000 0000 0001 7875,-51,1580218402688961,2
3000 0000 0000 0000 0001 7863,-55,5,1580218402690566,2
3000 0000 0000 0000 0001 7874,-62,1580218402693465,2
3005 FB63 AC1F 3681 EC88 0468,-63,1580218402717843,2
3005 FB63 AC1F 3681 EC88 0468,-65,1580218402731914,2
3005 FB63 AC1F 3681 EC88 0468,-51,1580218402752367,2
3000 0000 0000 0000 0001 7870,-52,5,1580218402755315,2
3000 0000 0000 0000 0001 7868,-55,1580218402756610,2
2453 9000 3869,-51,1580218402757589,2
3000 0000 0000 0000 0001 7875,-51,1580218402758679,2
3000 0000 0000 0000 0001 7872,-53,5,1580218402759780,2
3000 0000 0000 0000 0001 7877,-52,1580218402760845,2
3000 0000 0000 0000 0001 787B,-49,5,1580218402761927,2
3000 0000 0000 0000 0001 7874,-62,1580218402763316,2
3000 0000 0000 0000 0001 7864,-59,5,1580218402764726,2
3000 0000 0000 0000 0001 7863,-55,5,1580218402765891,2
3000 0000 0000 0000 0001 787A,-56,1580218402767220,2
3000 0000 0000 0000 0001 7876,-54,1580218402768446,2
3000 0000 0000 0000 0001 7879,-61,1580218402770057,2
3000 0000 0000 0000 0001 7871,-60,5,1580218402773848,2
3000 0000 0000 0000 0001 7873,-58,5,1580218402775002,2
3005 FB63 AC1F 3681 EC88 0468,-63,1580218402796502,2
3005 FB63 AC1F 3681 EC88 0468,-64,5,1580218402808029,2
3005 FB63 AC1F 3681 EC88 0468,-51,5,1580218402831162,3
3000 0000 0000 0000 0001 7868,-50,1580218402832275,3
3005 FB63 AC1F 3681 EC88 0468,-58,1580218402833645,3
3005 FB63 AC1F 3681 EC88 0468,-56,1580218402835643,3
3000 0000 0000 0000 0001 7863,-55,5,1580218402837922,3
3000 0000 0000 0000 0001 7875,-58,1580218402839269,3
3005 FB63 AC1F 3681 EC88 0468,-56,1580218402841542,3
3000 0000 0000 0000 0001 7872,-61,1580218402843693,3
3005 FB63 AC1F 3681 EC88 0468,-56,1580218402844785,3
3000 0000 0000 0000 0001 785B,-60,5,1580218402860232,3
3000 0000 0000 0000 0001 787D,-66,5,1580218402869886,3
3000 0000 0000 0000 0001 7870,-65,1580218402881359,3
3005 FB63 AC1F 3681 EC88 0468,-52,1580218402889893,3
3000 0000 0000 0000 0001 7872,-61,1580218402891353,3
3000 0000 0000 0000 0001 7868,-50,1580218402893765,3
3000 0000 0000 0000 0001 7863,-55,5,1580218402895355,3
3005 FB63 AC1F 3681 EC88 0468,-56,5,1580218402897797,3
3005 FB63 AC1F 3681 EC88 0468,-56,1580218402899212,3
3005 FB63 AC1F 3681 EC88 0468,-58,1580218402900566,3
3000 0000 0000 0000 0001 7875,-58,1580218402901657,3
3005 FB63 AC1F 3681 EC88 0468,-56,5,1580218402902758,3
3000 0000 0000 0000 0001 787D,-66,5,1580218402924531,3
3000 0000 0000 0000 0001 785B,-60,5,1580218402934092,3
3000 0000 0000 0000 0001 7876,-59,1580218402957090,4
3000 0000 0000 0000 0001 7868,-53,1580218402960269,4
3000 0000 0000 0000 0001 7872,-55,1580218402961587,4
3000 0000 0000 0000 0001 7863,-55,1580218402962695,4
3000 0000 0000 0000 0001 7870,-58,5,1580218402964065,4
3000 0000 0000 0000 0001 7874,-60,1580218402965210,4
3000 0000 0000 0000 0001 7875,-62,1580218402966703,4
3000 0000 0000 0000 0001 7864,-57,1580218402967799,4
3000 0000 0000 0000 0001 787A,-56,5,1580218402968939,4
3005 FB63 AC1F 3681 EC88 0468,-64,5,1580218402993164,4
3000 0000 0000 0000 0001 7864,-57,5,1580218403004082,4
3000 0000 0000 0000 0001 7868,-53,1580218403006549,4
3000 0000 0000 0000 0001 787A,-57,1580218403007850,4
3000 0000 0000 0000 0001 7870,-58,5,1580218403009232,4
3000 0000 0000 0000 0001 7874,-60,1580218403010594,4
3000 0000 0000 0000 0001 7863,-55,1580218403011974,4
3000 0000 0000 0000 0001 7876,-59,1580218403013598,4
3000 0000 0000 0000 0001 7872,-55,1580218403014967,4
3000 0000 0000 0000 0001 7875,-62,1580218403018045,4
3005 FB63 AC1F 3681 EC88 0468,-64,5,1580218403033990,4
3000 0000 0000 0000 0001 786A,-41,5,1580218403063073,1
3005 FB63 AC1F 3681 EC88 0468,-58,1580218403065207,1
3005 FB63 AC1F 3681 EC88 0468,-55,1580218403067155,1
3005 FB63 AC1F 3681 EC88 0468,-57,5,1580218403070029,1
3005 FB63 AC1F 3681 EC88 0468,-57,5,1580218403072305,1
3000 0000 0000 0000 0001 7863,-55,5,1580218403073811,1
2453 9000 3869,-56,1580218403075684,1
3000 0000 0000 0000 0001 7864,-59,5,1580218403077055,1
3000 0000 0000 0000 0001 7877,-54,5,1580218403078123,1
3000 0000 0000 0000 0001 7861,-60,1580218403079372,1
3000 0000 0000 0000 0001 787B,-61,5,1580218403080453,1
3000 0000 0000 0000 0001 7874,-59,1580218403082269,1
3005 FB63 AC1F 3681 EC88 0468,-58,1580218403083360,1
3005 FB63 AC1F 3681 EC88 0468,-56,1580218403099174,1
3005 FB63 AC1F 3681 EC88 0468,-60,1580218403110621,1
3005 FB63 AC1F 3681 EC88 0468,-63,1580218403120212,1
3005 FB63 AC1F 3681 EC88 0468,-57,1580218403127754,1
3000 0000 0000 0000 0001 786A,-41,5,1580218403129601,1
3000 0000 0000 0000 0001 7861,-59,5,1580218403130677,1
3005 FB63 AC1F 3681 EC88 0468,-57,5,1580218403131798,1
3005 FB63 AC1F 3681 EC88 0468,-55,1580218403134166,1
3000 0000 0000 0000 0001 7874,-59,1580218403135497,1
3000 0000 0000 0000 0001 7863,-55,5,1580218403139035,1
2453 9000 3869,-56,1580218403140891,1
3000 0000 0000 0000 0001 7877,-55,1580218403142259,1
3005 FB63 AC1F 3681 EC88 0468,-58,1580218403143352,1
3005 FB63 AC1F 3681 EC88 0468,-58,1580218403145829,1
3000 0000 0000 0000 0001 787B,-62,1580218403149377,1
3000 0000 0000 0000 0001 7864,-60,1580218403150474,1
3005 FB63 AC1F 3681 EC88 0468,-60,1580218403162945,1
3005 FB63 AC1F 3681 EC88 0468,-56,1580218403172693,1
3000 0000 0000 0000 0001 7864,-59,1580218403209575,2
3000 0000 0000 0000 0001 7863,-55,5,1580218403211796,2
3005 FB63 AC1F 3681 EC88 0468,-51,1580218403214431,2
3000 0000 0000 0000 0001 7870,-52,5,1580218403215758,2
3000 0000 0000 0000 0001 7875,-51,1580218403217128,2
3000 0000 0000 0000 0001 787A,-55,5,1580218403220082,2
3000 0000 0000 0000 0001 787B,-49,5,1580218403221431,2
3000 0000 0000 0000 0001 7868,-55,1580218403222555,2
3000 0000 0000 0000 0001 7876,-54,1580218403225283,2
3000 0000 0000 0000 0001 7872,-53,1580218403226427,2
3000 0000 0000 0000 0001 7877,-52,1580218403227525,2
2453 9000 3869,-51,1580218403229001,2
3000 0000 0000 0000 0001 7874,-62,5,1580218403230505,2
3000 0000 0000 0000 0001 7879,-61,1580218403231819,2
3000 0000 0000 0000 0001 7871,-61,1580218403234035,2
3000 0000 0000 0000 0001 7873,-58,5,1580218403235130,2
3005 FB63 AC1F 3681 EC88 0468,-64,5,1580218403266056,2
3005 FB63 AC1F 3681 EC88 0468,-62,5,1580218403275625,2
3000 0000 0000 0000 0001 7876,-54,1580218403286815,2
3000 0000 0000 0000 0001 7872,-53,1580218403287929,2
3000 0000 0000 0000 0001 7868,-55,1580218403289295,2
3000 0000 0000 0000 0001 7874,-62,5,1580218403290442,2
3005 FB63 AC1F 3681 EC88 0468,-51,1580218403291505,2
3000 0000 0000 0000 0001 7864,-59,5,1580218403293075,2
3000 0000 0000 0000 0001 7863,-55,5,1580218403295887,2
3000 0000 0000 0000 0001 7877,-52,1580218403297221,2
3000 0000 0000 0000 0001 787B,-49,5,1580218403298321,2
3000 0000 0000 0000 0001 7873,-58,5,1580218403299643,2
3000 0000 0000 0000 0001 7870,-52,1580218403300782,2
3000 0000 0000 0000 0001 7879,-61,5,1580218403302664,2
3000 0000 0000 0000 0001 7875,-51,1580218403303968,2
3000 0000 0000 0000 0001 787A,-56,1580218403307640,2
3000 0000 0000 0000 0001 7871,-61,1580218403309095,2
2453 9000 3869,-51,5,1580218403310993,2
3005 FB63 AC1F 3681 EC88 0468,-63,1580218403328574,2
3005 FB63 AC1F 3681 EC88 0468,-65,1580218403343599,2
3000 0000 0000 0000 0001 7863,-55,5,1580218403364672,3
3000 0000 0000 0000 0001 7868,-50,1580218403367602,3
3005 FB63 AC1F 3681 EC88 0468,-56,5,1580218403368764,3
3000 0000 0000 0000 0001 7872,-60,5,1580218403369879,3
3005 FB63 AC1F 3681 EC88 0468,-56,1580218403370977,3
3005 FB63 AC1F 3681 EC88 0468,-52,1580218403375409,3
3000 0000 0000 0000 0001 7875,-58,5,1580218403376627,3
3005 FB63 AC1F 3681 EC88 0468,-58,1580218403378578,3
3005 FB63 AC1F 3681 EC88 0468,-56,5,1580218403380423,3
3000 0000 0000 0000 0001 785C,-63,1580218403396068,3
3000 0000 0000 0000 0001 7864,-65,5,1580218403405756,3
3000 0000 0000 0000 0001 7870,-64,5,1580218403427734,3
3000 0000 0000 0000 0001 7863,-56,1580218403435059,3
3000 0000 0000 0000 0001 7868,-50,1580218403436114,3
3000 0000 0000 0000 0001 7875,-58,1580218403438782,3
3005 FB63 AC1F 3681 EC88 0468,-56,1580218403440461,3
3005 FB63 AC1F 3681 EC88 0468,-56,5,1580218403441583,3
3005 FB63 AC1F 3681 EC88 0468,-52,1580218403442913,3
3005 FB63 AC1F 3681 EC88 0468,-56,1580218403444017,3
3000 0000 0000 0000 0001 7872,-60,5,1580218403447537,3
3005 FB63 AC1F 3681 EC88 0468,-58,1580218403448635,3
3000 0000 0000 0000 0001 7864,-65,5,1580218403459088,3
3000 0000 0000 0000 0001 785C,-63,1580218403475714,3
3000 0000 0000 0000 0001 7868,-53,1580218403500697,4
3000 0000 0000 0000 0001 7875,-62,1580218403502948,4
3000 0000 0000 0000 0001 7870,-58,1580218403504091,4
3000 0000 0000 0000 0001 7864,-57,1580218403505218,4
3000 0000 0000 0000 0001 7872,-55,1580218403506817,4
3000 0000 0000 0000 0001 7876,-58,5,1580218403508184,4
3000 0000 0000 0000 0001 7863,-55,1580218403512338,4
3000 0000 0000 0000 0001 787A,-57,1580218403515409,4
3000 0000 0000 0000 0001 7874,-60,1580218403516898,4
3005 FB63 AC1F 3681 EC88 0468,-64,5,1580218403527253,4
3000 0000 0000 0000 0001 7863,-55,1580218403552969,4
3000 0000 0000 0000 0001 787A,-57,1580218403554131,4
3000 0000 0000 0000 0001 7864,-57,5,1580218403555257,4
3000 0000 0000 0000 0001 7876,-58,5,1580218403556909,4
3000 0000 0000 0000 0001 7875,-62,1580218403557972,4
3000 0000 0000 0000 0001 7874,-60,1580218403559104,4
3000 0000 0000 0000 0001 7872,-54,5,1580218403560488,4
3000 0000 0000 0000 0001 7868,-53,1580218403561615,4
3000 0000 0000 0000 0001 7870,-58,5,1580218403565239,4
3000 0000 0000 0000 0001 787B,-61,1580218403592619,1
3000 0000 0000 0000 0001 7877,-54,5,1580218403593730,1
3000 0000 0000 0000 0001 7864,-60,1580218403595127,1
3005 FB63 AC1F 3681 EC88 0468,-57,5,1580218403596976,1
3000 0000 0000 0000 0001 7863,-55,5,1580218403598337,1
3005 FB63 AC1F 3681 EC88 0468,-58,1580218403600189,1
3000 0000 0000 0000 0001 7874,-59,1580218403602632,1
3000 0000 0000 0000 0001 7861,-60,5,1580218403603711,1
3000 0000 0000 0000 0001 786A,-41,5,1580218403605302,1
3005 FB63 AC1F 3681 EC88 0468,-55,1580218403607181,1
2453 9000 3869,-55,5,1580218403608189,1
3005 FB63 AC1F 3681 EC88 0468,-57,5,1580218403615561,1
3005 FB63 AC1F 3681 EC88 0468,-57,1580218403616917,1
3005 FB63 AC1F 3681 EC88 0468,-60,1580218403632708,1
3005 FB63 AC1F 3681 EC88 0468,-63,1580218403645734,1
3005 FB63 AC1F 3681 EC88 0468,-56,1580218403655439,1
3005 FB63 AC1F 3681 EC88 0468,-57,5,1580218403663127,1
3005 FB63 AC1F 3681 EC88 0468,-55,1580218403667331,1
3000 0000 0000 0000 0001 7874,-59,1580218403668961,1
3000 0000 0000 0000 0001 7863,-55,5,1580218403670591,1
3000 0000 0000 0000 0001 786A,-41,1580218403671713,1
3005 FB63 AC1F 3681 EC88 0468,-57,1580218403672927,1
3000 0000 0000 0000 0001 7877,-54,5,1580218403675214,1
3005 FB63 AC1F 3681 EC88 0468,-58,1580218403676788,1
3005 FB63 AC1F 3681 EC88 0468,-57,5,1580218403678092,1
3000 0000 0000 0000 0001 7861,-60,1580218403679398,1
3000 0000 0000 0000 0001 7864,-60,1580218403681005,1
2453 9000 3869,-55,5,1580218403682857,1
3000 0000 0000 0000 0001 787B,-61,5,1580218403684434,1
3005 FB63 AC1F 3681 EC88 0468,-60,1580218403702039,1
3005 FB63 AC1F 3681 EC88 0468,-63,1580218403715062,1
3000 0000 0000 0000 0001 7864,-59,5,1580218403738822,2
3000 0000 0000 0000 0001 7879,-61,1580218403740148,2
2453 9000 3869,-51,1580218403741156,2
3000 0000 0000 0000 0001 7873,-58,5,1580218403742451,2
3000 0000 0000 0000 0001 7872,-53,1580218403743493,2
3005 FB63 AC1F 3681 EC88 0468,-51,1580218403745128,2
3000 0000 0000 0000 0001 7875,-51,1580218403746217,2
3000 0000 0000 0000 0001 787B,-49,5,1580218403747356,2
3000 0000 0000 0000 0001 7877,-52,1580218403748651,2
3000 0000 0000 0000 0001 7876,-54,1580218403749963,2
3000 0000 0000 0000 0001 7868,-55,1580218403751272,2
3000 0000 0000 0000 0001 787A,-55,5,1580218403752630,2
3000 0000 0000 0000 0001 7870,-52,5,1580218403753745,2
3000 0000 0000 0000 0001 7863,-55,5,1580218403757136,2
3000 0000 0000 0000 0001 7874,-62,1580218403758511,2
3000 0000 0000 0000 0001 7871,-61,1580218403762635,2
3005 FB63 AC1F 3681 EC88 0468,-65,1580218403780910,2
3000 0000 0000 0000 0001 7870,-52,5,1580218403800489,2
3000 0000 0000 0000 0001 7876,-54,1580218403801803,2
3000 0000 0000 0000 0001 7868,-54,5,1580218403803382,2
3000 0000 0000 0000 0001 7875,-51,1580218403804726,2
3005 FB63 AC1F 3681 EC88 0468,-51,1580218403808564,2
3000 0000 0000 0000 0001 7879,-61,1580218403809666,2
3000 0000 0000 0000 0001 7872,-53,1580218403811022,2
3000 0000 0000 0000 0001 787A,-56,1580218403812109,2
3000 0000 0000 0000 0001 787B,-49,5,1580218403814000,2
3000 0000 0000 0000 0001 7871,-61,1580218403815114,2
2453 9000 3869,-51,1580218403816588,2
3000 0000 0000 0000 0001 7877,-51,5,1580218403818198,2
3000 0000 0000 0000 0001 7873,-58,5,1580218403819621,2
3000 0000 0000 0000 0001 7863,-55,5,1580218403821598,2
3000 0000 0000 0000 0001 7874,-62,1580218403823635,2
3000 0000 0000 0000 0001 7864,-59,5,1580218403824830,2
3005 FB63 AC1F 3681 EC88 0468,-63,1580218403850119,2
3005 FB63 AC1F 3681 EC88 0468,-64,5,1580218403861631,2
3005 FB63 AC1F 3681 EC88 0468,-56,5,1580218403880265,3
3000 0000 0000 0000 0001 7875,-58,1580218403882950,3
3000 0000 0000 0000 0001 7863,-56,1580218403886139,3
3005 FB63 AC1F 3681 EC88 0468,-51,5,1580218403887283,3
3000 0000 0000 0000 0001 7868,-50,1580218403889506,3
3005 FB63 AC1F 3681 EC88 0468,-58,1580218403890618,3
3005 FB63 AC1F 3681 EC88 0468,-56,5,1580218403893231,3
3005 FB63 AC1F 3681 EC88 0468,-56,1580218403895523,3
3000 0000 0000 0000 0001 7872,-60,5,1580218403897526,3
3000 0000 0000 0000 0001 785C,-64,1580218403907416,3
3000 0000 0000 0000 0001 7864,-66,1580218403912863,3
3000 0000 0000 0000 0001 7873,-65,1580218403918840,3
3005 FB63 AC1F 3681 EC88 0468,-56,5,1580218403926056,3
3005 FB63 AC1F 3681 EC88 0468,-56,1580218403929023,3
3000 0000 0000 0000 0001 7868,-50,5,1580218403931157,3
3000 0000 0000 0000 0001 7875,-58,5,1580218403932502,3
3005 FB63 AC1F 3681 EC88 0468,-51,5,1580218403933629,3
3005 FB63 AC1F 3681 EC88 0468,-56,5,1580218403934738,3
3005 FB63 AC1F 3681 EC88 0468,-58,1580218403936092,3
3000 0000 0000 0000 0001 7863,-55,5,1580218403937596,3
3000 0000 0000 0000 0001 7872,-60,5,1580218403938716,3
3000 0000 0000 0000 0001 785C,-63,1580218403951910,3
3000 0000 0000 0000 0001 7864,-65,5,1580218403972032,3
3000 0000 0000 0000 0001 7872,-55,1580218403990076,4
3000 0000 0000 0000 0001 7874,-60,1580218403991645,4
3000 0000 0000 0000 0001 7870,-58,5,1580218403993305,4
3000 0000 0000 0000 0001 7863,-55,1580218403994414,4
3000 0000 0000 0000 0001 7864,-57,5,1580218403996803,4
3000 0000 0000 0000 0001 7875,-61,5,1580218403998178,4
3000 0000 0000 0000 0001 7876,-59,1580218403999731,4
3000 0000 0000 0000 0001 7868,-53,1580218404002179,4
3000 0000 0000 0000 0001 787A,-57,1580218404005234,4
3000 0000 0000 0000 0001 7863,-55,1580218404027675,4
3000 0000 0000 0000 0001 7868,-53,1580218404030225,4
3000 0000 0000 0000 0001 7864,-57,1580218404031437,4
3000 0000 0000 0000 0001 7872,-54,5,1580218404033888,4
3000 0000 0000 0000 0001 7870,-58,1580218404035018,4
3000 0000 0000 0000 0001 7875,-62,1580218404036383,4
3000 0000 0000 0000 0001 787A,-57,1580218404037526,4
3000 0000 0000 0000 0001 7876,-58,5,1580218404039223,4
3000 0000 0000 0000 0001 7874,-60,1580218404040568,4
3000 0000 0000 0000 0001 7874,-59,1580218404074267,1
3005 FB63 AC1F 3681 EC88 0468,-57,5,1580218404075347,1
3000 0000 0000 0000 0001 786A,-41,5,1580218404076468,1
3000 0000 0000 0000 0001 7863,-55,5,1580218404077786,1
3000 0000 0000 0000 0001 7861,-60,1580218404079380,1
3005 FB63 AC1F 3681 EC88 0468,-55,1580218404081042,1
3000 0000 0000 0000 0001 7877,-55,1580218404082184,1
3000 0000 0000 0000 0001 787B,-61,5,1580218404083306,1
2453 9000 3869,-56,1580218404086920,1
3005 FB63 AC1F 3681 EC88 0468,-57,5,1580218404094615,1
3005 FB63 AC1F 3681 EC88 0468,-58,1580218404096308,1
3000 0000 0000 0000 0001 7864,-60,1580218404097933,1
3005 FB63 AC1F 3681 EC88 0468,-60,1580218404112639,1
3005 FB63 AC1F 3681 EC88 0468,-58,1580218404122275,1
3005 FB63 AC1F 3681 EC88 0468,-63,5,1580218404133533,1
3000 0000 0000 0000 0001 7877,-55,1580218404140723,1
3000 0000 0000 0000 0001 7863,-55,5,1580218404142255,1
3000 0000 0000 0000 0001 787B,-62,1580218404143607,1
3000 0000 0000 0000 0001 7874,-59,1580218404144697,1
3005 FB63 AC1F 3681 EC88 0468,-57,5,1580218404147252,1
3005 FB63 AC1F 3681 EC88 0468,-57,5,1580218404150273,1
3005 FB63 AC1F 3681 EC88 0468,-57,1580218404152356,1
3000 0000 0000 0000 0001 786A,-41,5,1580218404153719,1
3000 0000 0000 0000 0001 7864,-60,1580218404155104,1
3005 FB63 AC1F 3681 EC88 0468,-55,1580218404159989,1
3005 FB63 AC1F 3681 EC88 0468,-58,1580218404161127,1
2453 9000 3869,-55,5,1580218404162121,1
3000 0000 0000 0000 0001 7861,-60,1580218404163314,1
3005 FB63 AC1F 3681 EC88 0468,-60,1580218404173670,1
3000 0000 0000 0000 0001 7873,-58,5,1580218404205539,2
3000 0000 0000 0000 0001 7871,-61,1580218404207734,2
3000 0000 0000 0000 0001 7874,-62,5,1580218404210818,2
3000 0000 0000 0000 0001 787B,-49,5,1580218404211925,2
3005 FB63 AC1F 3681 EC88 0468,-51,1580218404213289,2
3000 0000 0000 0000 0001 787A,-56,1580218404214661,2
3000 0000 0000 0000 0001 7863,-55,1580218404215743,2
3000 0000 0000 0000 0001 7876,-54,1580218404217594,2
3000 0000 0000 0000 0001 7879,-61,1580218404219037,2
3000 0000 0000 0000 0001 7868,-55,1580218404220115,2
3000 0000 0000 0000 0001 7872,-53,5,1580218404221773,2
3000 0000 0000 0000 0001 7864,-59,5,1580218404224485,2
2453 9000 3869,-51,1580218404225706,2
3000 0000 0000 0000 0001 7870,-52,5,1580218404227545,2
3000 0000 0000 0000 0001 7877,-52,1580218404229112,2
3000 0000 0000 0000 0001 7875,-51,1580218404230159,2
3005 FB63 AC1F 3681 EC88 0468,-65,1580218404283565,2
3005 FB63 AC1F 3681 EC88 0468,-63,1580218404293153,2
3000 0000 0000 0000 0001 7877,-52,1580218404305836,2
3000 0000 0000 0000 0001 7872,-53,5,1580218404307582,2
3000 0000 0000 0000 0001 7875,-51,1580218404310384,2
3000 0000 0000 0000 0001 7876,-54,1580218404311780,2
3000 0000 0000 0000 0001 7873,-58,5,1580218404313172,2
3000 0000 0000 0000 0001 787B,-49,5,1580218404314291,2
3000 0000 0000 0000 0001 7874,-62,1580218404315394,2
3000 0000 0000 0000 0001 7879,-61,1580218404318295,2
2453 9000 3869,-51,5,1580218404319431,2
3000 0000 0000 0000 0001 7868,-55,1580218404320541,2
3000 0000 0000 0000 0001 7870,-52,5,1580218404321670,2
3005 FB63 AC1F 3681 EC88 0468,-51,1580218404324360,2
3000 0000 0000 0000 0001 7863,-55,5,1580218404325509,2
3000 0000 0000 0000 0001 787A,-56,1580218404326610,2
3000 0000 0000 0000 0001 7871,-61,1580218404327881,2
3000 0000 0000 0000 0001 7864,-59,5,1580218404329064,2
3005 FB63 AC1F 3681 EC88 0468,-63,1580218404339394,2
3005 FB63 AC1F 3681 EC88 0468,-65,1580218404361198,2
3005 FB63 AC1F 3681 EC88 0468,-58,1580218404380034,3
3005 FB63 AC1F 3681 EC88 0468,-51,5,1580218404381133,3
3000 0000 0000 0000 0001 7875,-58,1580218404384823,3
3005 FB63 AC1F 3681 EC88 0468,-56,5,1580218404385970,3
3005 FB63 AC1F 3681 EC88 0468,-56,1580218404388188,3
3000 0000 0000 0000 0001 7868,-50,5,1580218404392419,3
3000 0000 0000 0000 0001 7863,-56,1580218404393495,3
3005 FB63 AC1F 3681 EC88 0468,-55,5,1580218404394853,3
3000 0000 0000 0000 0001 7872,-61,1580218404397655,3
3000 0000 0000 0000 0001 785C,-63,1580218404412163,3
3000 0000 0000 0000 0001 785B,-60,5,1580218404421739,3
3000 0000 0000 0000 0001 7873,-64,5,1580218404441421,3
3005 FB63 AC1F 3681 EC88 0468,-55,5,1580218404449231,3
3005 FB63 AC1F 3681 EC88 0468,-58,1580218404451845,3
3000 0000 0000 0000 0001 7863,-55,5,1580218404454457,3
3005 FB63 AC1F 3681 EC88 0468,-56,5,1580218404456432,3
3000 0000 0000 0000 0001 7872,-61,1580218404457534,3
3000 0000 0000 0000 0001 7868,-50,1580218404459068,3
3005 FB63 AC1F 3681 EC88 0468,-52,1580218404460169,3
3000 0000 0000 0000 0001 785B,-60,5,1580218404470512,3
3005 FB63 AC1F 3681 EC88 0468,-57,1580218404485271,3
3000 0000 0000 0000 0001 7875,-58,5,1580218404494743,3
3000 0000 0000 0000 0001 7872,-55,1580218404508576,4
3000 0000 0000 0000 0001 7868,-53,1580218404510771,4
3000 0000 0000 0000 0001 7863,-55,1580218404511878,4
3000 0000 0000 0000 0001 7876,-59,1580218404512989,4
3000 0000 0000 0000 0001 7874,-60,1580218404515061,4
3000 0000 0000 0000 0001 7864,-57,1580218404517793,4
3000 0000 0000 0000 0001 787A,-57,1580218404518907,4
3000 0000 0000 0000 0001 7870,-58,5,1580218404521762,4
3005 FB63 AC1F 3681 EC88 0468,-64,5,1580218404541226,4
3000 0000 0000 0000 0001 7875,-62,1580218404561780,4
3000 0000 0000 0000 0001 7868,-53,1580218404564003,4
3000 0000 0000 0000 0001 7874,-60,1580218404566094,4
3000 0000 0000 0000 0001 7870,-58,5,1580218404568625,4
3000 0000 0000 0000 0001 7872,-55,1580218404571544,4
3000 0000 0000 0000 0001 7863,-55,1580218404572624,4
3000 0000 0000 0000 0001 7864,-57,5,1580218404573722,4
3000 0000 0000 0000 0001 787A,-57,1580218404575068,4
3000 0000 0000 0000 0001 7876,-59,1580218404577892,4
3005 FB63 AC1F 3681 EC88 0468,-64,5,1580218404589890,4
3005 FB63 AC1F 3681 EC88 0468,-57,1580218404620123,1
3000 0000 0000 0000 0001 786A,-41,5,1580218404621459,1
3005 FB63 AC1F 3681 EC88 0468,-55,1580218404624831,1
3005 FB63 AC1F 3681 EC88 0468,-57,5,1580218404626051,1
3000 0000 0000 0000 0001 7877,-55,1580218404627161,1
3000 0000 0000 0000 0001 7861,-60,1580218404628510,1
2453 9000 3869,-56,1580218404632004,1
3005 FB63 AC1F 3681 EC88 0468,-58,1580218404633115,1
3000 0000 0000 0000 0001 787B,-61,5,1580218404634238,1
3000 0000 0000 0000 0001 7863,-55,5,1580218404635373,1
3005 FB63 AC1F 3681 EC88 0468,-57,5,1580218404638491,1
3000 0000 0000 0000 0001 7874,-59,1580218404639595,1
3000 0000 0000 0000 0001 7864,-60,1580218404642448,1
3005 FB63 AC1F 3681 EC88 0468,-56,1580218404655210,1
3000 0000 0000 0000 0001 7870,-65,1580218404666624,1
3005 FB63 AC1F 3681 EC88 0468,-63,1580218404676281,1
3005 FB63 AC1F 3681 EC88 0468,-58,1580218404683960,1
3005 FB63 AC1F 3681 EC88 0468,-57,1580218404685075,1
3000 0000 0000 0000 0001 786A,-41,5,1580218404686126,1
3005 FB63 AC1F 3681 EC88 0468,-57,5,1580218404688983,1
3000 0000 0000 0000 0001 7861,-60,1580218404690876,1
3000 0000 0000 0000 0001 7864,-60,1580218404693310,1
3005 FB63 AC1F 3681 EC88 0468,-55,1580218404694421,1
3000 0000 0000 0000 0001 7877,-55,1580218404696889,1
2453 9000 3869,-56,1580218404697824,1
3005 FB63 AC1F 3681 EC88 0468,-57,5,1580218404699821,1
3000 0000 0000 0000 0001 7863,-55,5,1580218404701185,1
3000 0000 0000 0000 0001 7874,-59,1580218404703989,1
3000 0000 0000 0000 0001 787B,-61,5,1580218404705082,1
3000 0000 0000 0000 0001 7870,-64,5,1580218404724614,1
3005 FB63 AC1F 3681 EC88 0468,-56,1580218404735969,1
3000 0000 0000 0000 0001 7879,-61,1580218404758083,2
3005 FB63 AC1F 3681 EC88 0468,-51,1580218404759263,2
3000 0000 0000 0000 0001 7870,-52,5,1580218404764003,2
3000 0000 0000 0000 0001 787B,-49,1580218404765682,2
3000 0000 0000 0000 0001 787A,-56,1580218404767422,2
3000 0000 0000 0000 0001 7872,-53,1580218404769490,2
3000 0000 0000 0000 0001 7863,-55,5,1580218404770569,2
3000 0000 0000 0000 0001 7876,-54,1580218404771723,2
3000 0000 0000 0000 0001 7877,-52,1580218404772892,2
2453 9000 3869,-51,5,1580218404773871,2
3000 0000 0000 0000 0001 7875,-51,1580218404775216,2
3000 0000 0000 0000 0001 7864,-59,5,1580218404777335,2
3000 0000 0000 0000 0001 7868,-55,1580218404778488,2
3000 0000 0000 0000 0001 7873,-58,5,1580218404789259,2
3005 FB63 AC1F 3681 EC88 0468,-63,1580218404802106,2
3000 0000 0000 0000 0001 7871,-62,1580218404811792,2
3000 0000 0000 0000 0001 7879,-61,1580218404820361,2
3000 0000 0000 0000 0001 7872,-53,1580218404821746,2
3000 0000 0000 0000 0001 7864,-59,5,1580218404822886,2
3000 0000 0000 0000 0001 7876,-54,1580218404824295,2
3000 0000 0000 0000 0001 787A,-55,5,1580218404826410,2
3000 0000 0000 0000 0001 7868,-55,1580218404827490,2
3000 0000 0000 0000 0001 7877,-52,1580218404828600,2
3005 FB63 AC1F 3681 EC88 0468,-51,1580218404831470,2
3000 0000 0000 0000 0001 7870,-52,5,1580218404832545,2
3000 0000 0000 0000 0001 7875,-51,1580218404834560,2
2453 9000 3869,-51,1580218404837103,2
3000 0000 0000 0000 0001 787B,-49,5,1580218404838840,2
3000 0000 0000 0000 0001 7863,-55,5,1580218404840562,2
3000 0000 0000 0000 0001 7873,-58,5,1580218404841643,2
3005 FB63 AC1F 3681 EC88 0468,-62,5,1580218404861193,2
3000 0000 0000 0000 0001 7875,-58,5,1580218404888332,3
3005 FB63 AC1F 3681 EC88 0468,-56,1580218404890745,3
3005 FB63 AC1F 3681 EC88 0468,-56,1580218404892556,3
3005 FB63 AC1F 3681 EC88 0468,-51,5,1580218404893676,3
3000 0000 0000 0000 0001 7863,-55,5,1580218404895446,3
3000 0000 0000 0000 0001 7868,-50,5,1580218404897722,3
3005 FB63 AC1F 3681 EC88 0468,-56,1580218404901467,3
3005 FB63 AC1F 3681 EC88 0468,-58,1580218404902722,3
3000 0000 0000 0000 0001 7872,-60,5,1580218404903884,3
3000 0000 0000 0000 0001 7873,-64,5,1580218404918737,3
3000 0000 0000 0000 0001 7864,-65,5,1580218404928415,3
3000 0000 0000 0000 0001 785B,-60,5,1580218404941339,3
3005 FB63 AC1F 3681 EC88 0468,-56,5,1580218404948193,3
3005 FB63 AC1F 3681 EC88 0468,-56,5,1580218404951504,3
3000 0000 0000 0000 0001 7863,-55,5,1580218404952610,3
3005 FB63 AC1F 3681 EC88 0468,-56,1580218404953679,3
3000 0000 0000 0000 0001 7875,-58,5,1580218404954982,3
3000 0000 0000 0000 0001 7868,-50,1580218404956800,3
3005 FB63 AC1F 3681 EC88 0468,-52,1580218404959184,3
3005 FB63 AC1F 3681 EC88 0468,-58,1580218404960668,3
3000 0000 0000 0000 0001 7872,-60,5,1580218404963579,3
3000 0000 0000 0000 0001 785C,-63,1580218404984004,3
3000 0000 0000 0000 0001 7873,-64,5,1580218404997376,3
3000 0000 0000 0000 0001 7864,-65,5,1580218405008956,3
3000 0000 0000 0000 0001 7875,-62,5,1580218405023310,4
3000 0000 0000 0000 0001 7872,-55,1580218405025251,4
3000 0000 0000 0000 0001 7870,-58,5,1580218405027519,4
3000 0000 0000 0000 0001 7863,-55,1580218405030292,4
3000 0000 0000 0000 0001 7868,-53,1580218405031400,4
3000 0000 0000 0000 0001 7876,-59,1580218405032784,4
3000 0000 0000 0000 0001 787A,-57,5,1580218405034922,4
3000 0000 0000 0000 0001 7874,-60,1580218405037493,4
3000 0000 0000 0000 0001 7876,-59,1580218405062127,4
3000 0000 0000 0000 0001 7875,-62,1580218405063232,4
3000 0000 0000 0000 0001 787A,-57,1580218405066128,4
3000 0000 0000 0000 0001 7874,-60,1580218405068642,4
3000 0000 0000 0000 0001 7868,-53,1580218405069754,4
3000 0000 0000 0000 0001 7870,-59,1580218405070852,4
3000 0000 0000 0000 0001 7872,-55,1580218405071956,4
3000 0000 0000 0000 0001 7864,-57,1580218405073670,4
3000 0000 0000 0000 0001 7863,-55,1580218405075047,4
3000 0000 0000 0000 0001 7861,-60,5,1580218405107998,1
3000 0000 0000 0000 0001 786A,-41,5,1580218405110019,1
3005 FB63 AC1F 3681 EC88 0468,-55,1580218405111143,1
2453 9000 3869,-56,1580218405112350,1
3000 0000 0000 0000 0001 7864,-59,5,1580218405113506,1
3000 0000 0000 0000 0001 7863,-55,5,1580218405114639,1
3005 FB63 AC1F 3681 EC88 0468,-57,5,1580218405115792,1
3000 0000 0000 0000 0001 7877,-55,1580218405116919,1
3005 FB63 AC1F 3681 EC88 0468,-57,5,1580218405118257,1
3000 0000 0000 0000 0001 7874,-59,1580218405119398,1
3005 FB63 AC1F 3681 EC88 0468,-57,1580218405122785,1
3005 FB63 AC1F 3681 EC88 0468,-57,5,1580218405125149,1
3000 0000 0000 0000 0001 787B,-62,1580218405130360,1
3005 FB63 AC1F 3681 EC88 0468,-60,1580218405140715,1
3000 0000 0000 0000 0001 7870,-64,5,1580218405150449,1
3005 FB63 AC1F 3681 EC88 0468,-63,1580218405168307,1
3000 0000 0000 0000 0001 7877,-55,1580218405177434,1
3005 FB63 AC1F 3681 EC88 0468,-57,5,1580218405178799,1
3005 FB63 AC1F 3681 EC88 0468,-58,1580218405180811,1
3000 0000 0000 0000 0001 787B,-61,5,1580218405182163,1
3005 FB63 AC1F 3681 EC88 0468,-57,1580218405183514,1
3005 FB63 AC1F 3681 EC88 0468,-57,5,1580218405184593,1
3000 0000 0000 0000 0001 7863,-55,5,1580218405185669,1
3005 FB63 AC1F 3681 EC88 0468,-54,5,1580218405186823,1
3000 0000 0000 0000 0001 786A,-41,1580218405187931,1
3000 0000 0000 0000 0001 7874,-59,1580218405189064,1
3000 0000 0000 0000 0001 7861,-60,1580218405192226,1
3000 0000 0000 0000 0001 7864,-59,5,1580218405193456,1
2453 9000 3869,-56,1580218405194717,1
3005 FB63 AC1F 3681 EC88 0468,-60,1580218405210749,1
3000 0000 0000 0000 0001 7870,-64,5,1580218405223936,1
3000 0000 0000 0000 0001 7876,-54,1580218405247525,2
3000 0000 0000 0000 0001 7871,-60,5,1580218405248622,2
3000 0000 0000 0000 0001 7863,-55,5,1580218405251663,2
3000 0000 0000 0000 0001 7864,-59,1580218405253906,2
3000 0000 0000 0000 0001 787B,-49,5,1580218405255511,2
3000 0000 0000 0000 0001 787A,-56,1580218405256570,2
3000 0000 0000 0000 0001 7875,-51,1580218405257628,2
2453 9000 3869,-52,5,1580218405258805,2
3000 0000 0000 0000 0001 7874,-62,5,1580218405260846,2
3000 0000 0000 0000 0001 7873,-58,5,1580218405261939,2
3000 0000 0000 0000 0001 7877,-51,5,1580218405263671,2
3000 0000 0000 0000 0001 7870,-52,5,1580218405265025,2
3005 FB63 AC1F 3681 EC88 0468,-51,1580218405266134,2
3000 0000 0000 0000 0001 7868,-54,5,1580218405267257,2
3000 0000 0000 0000 0001 7872,-53,1580218405268360,2
3000 0000 0000 0000 0001 7879,-60,5,1580218405269869,2
3005 FB63 AC1F 3681 EC88 0468,-63,1580218405290226,2
3005 FB63 AC1F 3681 EC88 0468,-65,1580218405305223,2
3000 0000 0000 0000 0001 7870,-52,5,1580218405316369,2
2453 9000 3869,-56,1580218405317331,2
3000 0000 0000 0000 0001 787B,-49,5,1580218405318453,2
3000 0000 0000 0000 0001 7863,-55,5,1580218405320274,2
3000 0000 0000 0000 0001 7872,-53,1580218405321858,2
3000 0000 0000 0000 0001 7864,-59,5,1580218405323711,2
3000 0000 0000 0000 0001 7876,-54,1580218405324824,2
3000 0000 0000 0000 0001 7873,-59,1580218405325918,2
3000 0000 0000 0000 0001 7877,-52,1580218405327300,2
3000 0000 0000 0000 0001 787A,-56,1580218405330701,2
3000 0000 0000 0000 0001 7875,-51,1580218405332004,2
3000 0000 0000 0000 0001 7868,-55,1580218405333568,2
3005 FB63 AC1F 3681 EC88 0468,-51,1580218405335850,2
3000 0000 0000 0000 0001 7879,-61,1580218405336923,2
3000 0000 0000 0000 0001 7871,-61,1580218405338548,2
3000 0000 0000 0000 0001 7874,-62,1580218405343333,2
3005 FB63 AC1F 3681 EC88 0468,-63,1580218405353658,2
3005 FB63 AC1F 3681 EC88 0468,-65,1580218405368546,2
3000 0000 0000 0000 0001 7872,-60,5,1580218405398797,3
3005 FB63 AC1F 3681 EC88 0468,-56,1580218405400812,3
3005 FB63 AC1F 3681 EC88 0468,-52,1580218405401884,3
3000 0000 0000 0000 0001 7875,-58,5,1580218405403754,3
3005 FB63 AC1F 3681 EC88 0468,-58,1580218405404863,3
3005 FB63 AC1F 3681 EC88 0468,-56,5,1580218405407301,3
3000 0000 0000 0000 0001 7868,-50,1580218405408385,3
3005 FB63 AC1F 3681 EC88 0468,-56,5,1580218405413061,3
3000 0000 0000 0000 0001 7863,-56,1580218405414186,3
3000 0000 0000 0000 0001 7864,-65,5,1580218405424961,3
3000 0000 0000 0000 0001 785B,-60,5,1580218405434579,3
3000 0000 0000 0000 0001 7870,-65,1580218405446040,3
3005 FB63 AC1F 3681 EC88 0468,-58,1580218405452926,3
3005 FB63 AC1F 3681 EC88 0468,-56,1580218405455644,3
3000 0000 0000 0000 0001 7868,-50,5,1580218405457696,3
3000 0000 0000 0000 0001 7872,-60,5,1580218405458828,3
3000 0000 0000 0000 0001 7863,-55,5,1580218405459907,3
3005 FB63 AC1F 3681 EC88 0468,-55,5,1580218405461258,3
3000 0000 0000 0000 0001 7875,-58,1580218405463078,3
3005 FB63 AC1F 3681 EC88 0468,-52,1580218405464160,3
3005 FB63 AC1F 3681 EC88 0468,-56,5,1580218405466565,3
3000 0000 0000 0000 0001 7864,-65,5,1580218405488201,3
3000 0000 0000 0000 0001 785B,-60,5,1580218405497834,3
3000 0000 0000 0000 0001 7875,-62,5,1580218405521498,4
3000 0000 0000 0000 0001 7864,-57,1580218405522938,4
3000 0000 0000 0000 0001 787A,-57,1580218405524067,4
3000 0000 0000 0000 0001 7876,-59,1580218405525605,4
3000 0000 0000 0000 0001 7874,-60,1580218405526950,4
3000 0000 0000 0000 0001 7870,-58,1580218405529230,4
3000 0000 0000 0000 0001 7868,-53,1580218405531712,4
3000 0000 0000 0000 0001 7872,-55,1580218405536725,4
3000 0000 0000 0000 0001 7863,-55,1580218405538090,4
3005 FB63 AC1F 3681 EC88 0468,-64,5,1580218405548795,4
3000 0000 0000 0000 0001 7870,-58,5,1580218405688303,4
3000 0000 0000 0000 0001 7864,-57,5,1580218405690031,4
3000 0000 0000 0000 0001 7868,-53,1580218405692819,4
3000 0000 0000 0000 0001 7863,-55,1580218405693928,4
3000 0000 0000 0000 0001 787A,-57,1580218405695029,4
3000 0000 0000 0000 0001 7872,-55,1580218405696176,4
3000 0000 0000 0000 0001 7874,-60,1580218405697292,4
3000 0000 0000 0000 0001 7875,-62,1580218405698427,4
3000 0000 0000 0000 0001 7876,-59,1580218405699537,4
3000 0000 0000 0000 0001 7877,-54,5,1580218405732884,1
3000 0000 0000 0000 0001 7874,-59,1580218405733987,1
3000 0000 0000 0000 0001 7863,-55,5,1580218405735093,1
3005 FB63 AC1F 3681 EC88 0468,-55,1580218405736444,1
3000 0000 0000 0000 0001 7861,-60,1580218405737579,1
3000 0000 0000 0000 0001 7864,-60,1580218405738703,1
2453 9000 3869,-55,5,1580218405741746,1
3005 FB63 AC1F 3681 EC88 0468,-58,1580218405743866,1
3000 0000 0000 0000 0001 786A,-41,5,1580218405745943,1
3000 0000 0000 0000 0001 787B,-61,5,1580218405748833,1
3005 FB63 AC1F 3681 EC88 0468,-57,5,1580218405750155,1
3005 FB63 AC1F 3681 EC88 0468,-57,5,1580218405752391,1
3005 FB63 AC1F 3681 EC88 0468,-56,5,1580218405754815,1
3005 FB63 AC1F 3681 EC88 0468,-56,5,1580218405770471,1
3005 FB63 AC1F 3681 EC88 0468,-60,1580218405781932,1
3000 0000 0000 0000 0001 7870,-64,5,1580218405798357,1
3005 FB63 AC1F 3681 EC88 0468,-57,1580218405807122,1
3000 0000 0000 0000 0001 787B,-61,5,1580218405809565,1
3000 0000 0000 0000 0001 786A,-41,1580218405810915,1
3005 FB63 AC1F 3681 EC88 0468,-58,1580218405812251,1
3000 0000 0000 0000 0001 7877,-55,1580218405813378,1
3005 FB63 AC1F 3681 EC88 0468,-58,1580218405814783,1
3000 0000 0000 0000 0001 7861,-60,5,1580218405816089,1
2453 9000 3869,-56,1580218405817554,1
3005 FB63 AC1F 3681 EC88 0468,-55,1580218405818605,1
3000 0000 0000 0000 0001 7864,-60,1580218405820002,1
3000 0000 0000 0000 0001 7863,-55,5,1580218405821992,1
3000 0000 0000 0000 0001 7874,-59,1580218405823194,1
3005 FB63 AC1F 3681 EC88 0468,-58,1580218405824289,1
3005 FB63 AC1F 3681 EC88 0468,-56,5,1580218405837280,1
3005 FB63 AC1F 3681 EC88 0468,-60,1580218405857354,1
3000 0000 0000 0000 0001 7873,-58,5,1580218405876656,2
3000 0000 0000 0000 0001 7871,-60,5,1580218405877783,2
3005 FB63 AC1F 3681 EC88 0468,-51,1580218405879375,2
3000 0000 0000 0000 0001 7864,-59,5,1580218405880701,2
3000 0000 0000 0000 0001 787B,-49,5,1580218405882051,2
3000 0000 0000 0000 0001 7875,-51,1580218405883140,2
3000 0000 0000 0000 0001 7872,-53,1580218405884240,2
3000 0000 0000 0000 0001 7863,-55,1580218405885563,2
3000 0000 0000 0000 0001 7877,-52,1580218405887669,2
3000 0000 0000 0000 0001 7870,-52,5,1580218405889836,2
3000 0000 0000 0000 0001 7876,-54,1580218405892116,2
2453 9000 3869,-51,1580218405893551,2
3000 0000 0000 0000 0001 787A,-56,1580218405896072,2
3000 0000 0000 0000 0001 7868,-55,1580218405897109,2
3000 0000 0000 0000 0001 7879,-61,1580218405898207,2
3000 0000 0000 0000 0001 7874,-62,1580218405899625,2
3005 FB63 AC1F 3681 EC88 0468,-64,5,1580218405914308,2
3000 0000 0000 0000 0001 7874,-62,1580218405939701,2
3000 0000 0000 0000 0001 7876,-54,1580218405941054,2
3000 0000 0000 0000 0001 7870,-52,5,1580218405942240,2
3000 0000 0000 0000 0001 787A,-56,1580218405944621,2
3000 0000 0000 0000 0001 7872,-53,1580218405946246,2
3000 0000 0000 0000 0001 7864,-59,1580218405947828,2
3000 0000 0000 0000 0001 7879,-61,1580218405948914,2
3000 0000 0000 0000 0001 7873,-58,5,1580218405949965,2
3000 0000 0000 0000 0001 787B,-49,5,1580218405952554,2
3005 FB63 AC1F 3681 EC88 0468,-51,1580218405953959,2
2453 9000 3869,-51,1580218405956995,2
3000 0000 0000 0000 0001 7868,-55,1580218405958389,2
3000 0000 0000 0000 0001 7863,-55,5,1580218405960582,2
3000 0000 0000 0000 0001 7875,-51,1580218405962647,2
3000 0000 0000 0000 0001 7877,-51,5,1580218405963985,2
3000 0000 0000 0000 0001 7871,-61,1580218405966088,2
3005 FB63 AC1F 3681 EC88 0468,-63,5,1580218405981897,2
3000 0000 0000 0000 0001 7868,-50,1580218406001468,3
3000 0000 0000 0000 0001 7863,-55,5,1580218406004296,3
3005 FB63 AC1F 3681 EC88 0468,-56,5,1580218406005684,3
3005 FB63 AC1F 3681 EC88 0468,-52,1580218406007210,3
3005 FB63 AC1F 3681 EC88 0468,-58,1580218406009529,3
3000 0000 0000 0000 0001 7872,-60,1580218406010632,3
3000 0000 0000 0000 0001 7875,-58,1580218406011735,3
3005 FB63 AC1F 3681 EC88 0468,-56,5,1580218406014000,3
3000 0000 0000 0000 0001 7864,-66,1580218406030573,3
3000 0000 0000 0000 0001 7870,-65,1580218406040376,3
3000 0000 0000 0000 0001 785C,-63,1580218406053343,3
3000 0000 0000 0000 0001 7863,-56,1580218406061640,3
3000 0000 0000 0000 0001 7872,-60,5,1580218406062770,3
3005 FB63 AC1F 3681 EC88 0468,-56,1580218406065059,3
3005 FB63 AC1F 3681 EC88 0468,-56,5,1580218406066593,3
3000 0000 0000 0000 0001 7868,-50,5,1580218406067947,3
3005 FB63 AC1F 3681 EC88 0468,-55,5,1580218406069074,3
3005 FB63 AC1F 3681 EC88 0468,-51,5,1580218406070914,3
3000 0000 0000 0000 0001 7875,-58,5,1580218406072876,3
3005 FB63 AC1F 3681 EC88 0468,-58,1580218406074003,3
3000 0000 0000 0000 0001 7864,-66,1580218406092382,3
3000 0000 0000 0000 0001 7870,-65,1580218406107764,3
3000 0000 0000 0000 0001 7868,-53,1580218406127635,4
3000 0000 0000 0000 0001 7876,-59,1580218406128747,4
3000 0000 0000 0000 0001 7863,-55,1580218406131165,4
3000 0000 0000 0000 0001 787A,-56,5,1580218406132293,4
3000 0000 0000 0000 0001 7872,-55,1580218406134436,4
3000 0000 0000 0000 0001 7864,-57,1580218406137176,4
3000 0000 0000 0000 0001 7875,-62,1580218406140666,4
3000 0000 0000 0000 0001 7870,-58,5,1580218406141950,4
3000 0000 0000 0000 0001 7874,-60,1580218406144451,4
3005 FB63 AC1F 3681 EC88 0468,-64,5,1580218406160935,4
3000 0000 0000 0000 0001 7868,-53,1580218406179906,4
3000 0000 0000 0000 0001 7872,-55,1580218406181459,4
3000 0000 0000 0000 0001 7864,-57,1580218406184998,4
3000 0000 0000 0000 0001 7876,-59,1580218406186820,4
3000 0000 0000 0000 0001 7874,-60,1580218406187978,4
3000 0000 0000 0000 0001 7863,-55,1580218406189981,4
3000 0000 0000 0000 0001 7870,-58,5,1580218406191210,4
3000 0000 0000 0000 0001 787A,-57,1580218406193541,4
3000 0000 0000 0000 0001 7875,-62,1580218406196234,4
3005 FB63 AC1F 3681 EC88 0468,-64,5,1580218406213425,4
3000 0000 0000 0000 0001 7863,-55,5,1580218406243717,1
3005 FB63 AC1F 3681 EC88 0468,-57,5,1580218406246412,1
3000 0000 0000 0000 0001 786A,-41,1580218406248004,1
3005 FB63 AC1F 3681 EC88 0468,-55,1580218406249428,1
3000 0000 0000 0000 0001 7874,-59,1580218406251056,1
3005 FB63 AC1F 3681 EC88 0468,-58,1580218406252962,1
3005 FB63 AC1F 3681 EC88 0468,-57,5,1580218406254127,1
2453 9000 3869,-55,5,1580218406255076,1
3000 0000 0000 0000 0001 7877,-55,1580218406256612,1
3000 0000 0000 0000 0001 7861,-60,1580218406257973,1
3005 FB63 AC1F 3681 EC88 0468,-57,5,1580218406260267,1
3000 0000 0000 0000 0001 7864,-60,5,1580218406261609,1
3000 0000 0000 0000 0001 787B,-61,5,1580218406263944,1
3005 FB63 AC1F 3681 EC88 0468,-56,1580218406274396,1
3005 FB63 AC1F 3681 EC88 0468,-60,1580218406292485,1
3005 FB63 AC1F 3681 EC88 0468,-63,1580218406302099,1
3000 0000 0000 0000 0001 786A,-41,5,1580218406309597,1
3000 0000 0000 0000 0001 7861,-60,5,1580218406310677,1
3005 FB63 AC1F 3681 EC88 0468,-57,5,1580218406312041,1
3005 FB63 AC1F 3681 EC88 0468,-57,1580218406313390,1
3000 0000 0000 0000 0001 7863,-55,1580218406314982,1
3000 0000 0000 0000 0001 7864,-59,5,1580218406316565,1
2453 9000 3869,-56,1580218406319695,1
3005 FB63 AC1F 3681 EC88 0468,-57,5,1580218406320852,1
3000 0000 0000 0000 0001 787B,-61,5,1580218406322443,1
3000 0000 0000 0000 0001 7877,-55,1580218406323842,1
3005 FB63 AC1F 3681 EC88 0468,-57,5,1580218406324964,1
3005 FB63 AC1F 3681 EC88 0468,-54,5,1580218406326299,1
3000 0000 0000 0000 0001 7874,-59,1580218406330085,1
3005 FB63 AC1F 3681 EC88 0468,-56,5,1580218406346284,1
3005 FB63 AC1F 3681 EC88 0468,-60,1580218406359574,1
3000 0000 0000 0000 0001 7873,-58,5,1580218406385046,2
3000 0000 0000 0000 0001 7879,-61,1580218406386373,2
3000 0000 0000 0000 0001 7870,-52,5,1580218406388403,2
3005 FB63 AC1F 3681 EC88 0468,-51,1580218406389516,2
3000 0000 0000 0000 0001 787A,-56,1580218406391116,2
3000 0000 0000 0000 0001 7874,-62,5,1580218406392434,2
3000 0000 0000 0000 0001 787B,-49,1580218406393837,2
3000 0000 0000 0000 0001 7876,-54,1580218406394921,2
3000 0000 0000 0000 0001 7872,-53,5,1580218406396249,2
3000 0000 0000 0000 0001 7863,-55,1580218406398480,2
3000 0000 0000 0000 0001 7877,-51,5,1580218406399918,2
3000 0000 0000 0000 0001 7868,-55,1580218406401296,2
2453 9000 3869,-51,1580218406403141,2
3000 0000 0000 0000 0001 7871,-61,1580218406404883,2
3000 0000 0000 0000 0001 7875,-51,1580218406406481,2
3000 0000 0000 0000 0001 7864,-59,1580218406408611,2
3005 FB63 AC1F 3681 EC88 0468,-62,5,1580218406458562,2
3005 FB63 AC1F 3681 EC88 0468,-65,1580218406468392,2
3000 0000 0000 0000 0001 787A,-56,1580218406479921,2
3005 FB63 AC1F 3681 EC88 0468,-51,1580218406481057,2
3000 0000 0000 0000 0001 7870,-52,5,1580218406482885,2
3000 0000 0000 0000 0001 7877,-52,1580218406485174,2
3000 0000 0000 0000 0001 7872,-53,1580218406486503,2
3000 0000 0000 0000 0001 7876,-54,1580218406487614,2
3000 0000 0000 0000 0001 7875,-51,1580218406489201,2
2453 9000 3869,-51,1580218406491148,2
3000 0000 0000 0000 0001 7863,-55,1580218406492242,2
3000 0000 0000 0000 0001 7864,-59,5,1580218406493610,2
3000 0000 0000 0000 0001 787B,-49,1580218406495187,2
3000 0000 0000 0000 0001 7873,-58,5,1580218406496296,2
3000 0000 0000 0000 0001 7868,-55,1580218406497461,2
3000 0000 0000 0000 0001 7879,-61,1580218406501287,2
3000 0000 0000 0000 0001 7871,-61,1580218406502728,2
3000 0000 0000 0000 0001 7874,-62,1580218406504749,2
3005 FB63 AC1F 3681 EC88 0468,-65,1580218406515755,2
3005 FB63 AC1F 3681 EC88 0468,-62,5,1580218406533756,2
3005 FB63 AC1F 3681 EC88 0468,-56,1580218406558034,3
3000 0000 0000 0000 0001 7875,-58,1580218406560220,3
3000 0000 0000 0000 0001 7863,-56,1580218406563681,3
3005 FB63 AC1F 3681 EC88 0468,-51,5,1580218406566297,3
3000 0000 0000 0000 0001 7868,-50,1580218406567894,3
3005 FB63 AC1F 3681 EC88 0468,-58,1580218406569277,3
3005 FB63 AC1F 3681 EC88 0468,-55,5,1580218406570375,3
3000 0000 0000 0000 0001 7872,-60,5,1580218406572695,3
3005 FB63 AC1F 3681 EC88 0468,-56,5,1580218406573858,3
3000 0000 0000 0000 0001 7873,-66,1580218406582015,3
3000 0000 0000 0000 0001 7864,-66,5,1580218406588591,3
3000 0000 0000 0000 0001 785B,-62,1580218406596658,3
3005 FB63 AC1F 3681 EC88 0468,-56,1580218406605073,3
3005 FB63 AC1F 3681 EC88 0468,-56,1580218406606892,3
3005 FB63 AC1F 3681 EC88 0468,-51,5,1580218406608234,3
3005 FB63 AC1F 3681 EC88 0468,-56,1580218406609254,3
3000 0000 0000 0000 0001 7868,-50,1580218406610624,3
3000 0000 0000 0000 0001 7863,-55,5,1580218406611773,3
3005 FB63 AC1F 3681 EC88 0468,-58,1580218406613584,3
3000 0000 0000 0000 0001 7872,-60,5,1580218406615344,3
3000 0000 0000 0000 0001 7875,-58,1580218406617781,3
3000 0000 0000 0000 0001 7873,-65,5,1580218406635456,3
3000 0000 0000 0000 0001 7864,-66,1580218406645296,3
3000 0000 0000 0000 0001 7876,-59,1580218406671570,4
3000 0000 0000 0000 0001 7872,-55,1580218406674275,4
3000 0000 0000 0000 0001 7864,-57,1580218406675830,4
3000 0000 0000 0000 0001 7863,-55,1580218406680221,4
3000 0000 0000 0000 0001 7874,-60,1580218406681990,4
3000 0000 0000 0000 0001 7868,-53,1580218406684497,4
3000 0000 0000 0000 0001 7870,-58,5,1580218406685610,4
3000 0000 0000 0000 0001 787A,-57,1580218406686830,4
3005 FB63 AC1F 3681 EC88 0468,-64,5,1580218406697114,4
3000 0000 0000 0000 0001 7875,-63,1580218406710529,4
3000 0000 0000 0000 0001 7870,-58,1580218406738509,4
3000 0000 0000 0000 0001 7864,-57,1580218406740080,4
3000 0000 0000 0000 0001 7876,-59,1580218406741477,4
3000 0000 0000 0000 0001 7868,-53,1580218406743060,4
3000 0000 0000 0000 0001 7874,-60,1580218406744405,4
3000 0000 0000 0000 0001 7863,-55,1580218406745997,4
3000 0000 0000 0000 0001 7872,-54,5,1580218406747380,4
3000 0000 0000 0000 0001 787A,-57,1580218406751432,4
3000 0000 0000 0000 0001 7875,-63,1580218406761663,4
2453 9000 3869,-56,1580218406792774,1
3000 0000 0000 0000 0001 786A,-41,1580218406799305,1
3005 FB63 AC1F 3681 EC88 0468,-57,1580218406800926,1
3000 0000 0000 0000 0001 7864,-60,1580218406803748,1
3005 FB63 AC1F 3681 EC88 0468,-58,1580218406806478,1
3000 0000 0000 0000 0001 7877,-55,5,1580218406809012,1
3005 FB63 AC1F 3681 EC88 0468,-58,1580218406810316,1
3000 0000 0000 0000 0001 7874,-59,5,1580218406811391,1
3005 FB63 AC1F 3681 EC88 0468,-55,1580218406816569,1
3005 FB63 AC1F 3681 EC88 0468,-57,5,1580218406818339,1
3000 0000 0000 0000 0001 7863,-55,5,1580218406819414,1
3000 0000 0000 0000 0001 7861,-60,1580218406820794,1
3000 0000 0000 0000 0001 787B,-63,1580218406831449,1
3005 FB63 AC1F 3681 EC88 0468,-60,1580218406846445,1
3005 FB63 AC1F 3681 EC88 0468,-63,1580218406861025,1
3000 0000 0000 0000 0001 7877,-55,1580218406868327,1
3000 0000 0000 0000 0001 7874,-59,5,1580218406869917,1
3000 0000 0000 0000 0001 7863,-55,1580218406871024,1
3000 0000 0000 0000 0001 7864,-60,5,1580218406872124,1
3005 FB63 AC1F 3681 EC88 0468,-57,5,1580218406873281,1
2453 9000 3869,-56,1580218406874248,1
3000 0000 0000 0000 0001 786A,-41,5,1580218406875353,1
3005 FB63 AC1F 3681 EC88 0468,-57,5,1580218406876460,1
3005 FB63 AC1F 3681 EC88 0468,-55,5,1580218406877544,1
3005 FB63 AC1F 3681 EC88 0468,-57,5,1580218406879394,1
3005 FB63 AC1F 3681 EC88 0468,-57,5,1580218406880712,1
3000 0000 0000 0000 0001 7861,-60,1580218406886796,1
3000 0000 0000 0000 0001 787B,-63,1580218406905943,1
3005 FB63 AC1F 3681 EC88 0468,-60,1580218406917521,1
3000 0000 0000 0000 0001 7877,-52,1580218406942863,2
3000 0000 0000 0000 0001 787B,-49,1580218406944543,2
3000 0000 0000 0000 0001 7868,-55,1580218406945922,2
3000 0000 0000 0000 0001 7870,-52,5,1580218406947039,2
3000 0000 0000 0000 0