Timestamp, EPC, Antenna, RSSI, Channel, Address
1579699398816988,300000000000000000017882,2,-56,865.7,192.168.0.10
1579699398846169,300000000000000000017882,2,-55.5,865.7,192.168.0.10
1579699398881017,30000000000000000001785C,3,-55,865.7,192.168.0.10
1579699398885020,245390003868,3,-61.5,865.7,192.168.0.10
1579699398894264,245390003869,3,-62.5,865.7,192.168.0.10
1579699398920260,245390003868,3,-61.5,865.7,192.168.0.10
1579699398921361,30000000000000000001785C,3,-55,865.7,192.168.0.10
1579699398957492,300000000000000000017882,4,-58,865.7,192.168.0.10
1579699398959226,300000000000000000017857,4,-56.5,865.7,192.168.0.10
1579699398961407,30000000000000000001785D,4,-59.5,865.7,192.168.0.10
1579699398986597,30000000000000000001785D,4,-60,865.7,192.168.0.10
1579699398988346,300000000000000000017857,4,-56.5,865.7,192.168.0.10
1579699398991653,300000000000000000017882,4,-58,865.7,192.168.0.10
1579699399052328,300000000000000000017882,1,-63,865.7,192.168.0.10
1579699399118046,300000000000000000017882,2,-56,865.7,192.168.0.10
1579699399152806,245390003868,3,-61.5,865.7,192.168.0.10
1579699399155354,30000000000000000001785C,3,-55,865.7,192.168.0.10
1579699399180656,30000000000000000001785C,3,-55,865.7,192.168.0.10
1579699399184640,245390003868,3,-61.5,865.7,192.168.0.10
1579699399213641,245390003869,3,-62.5,865.7,192.168.0.10
1579699399240082,30000000000000000001785D,4,-59.5,865.7,192.168.0.10
1579699399241201,300000000000000000017857,4,-57,865.7,192.168.0.10
1579699399243581,300000000000000000017882,4,-58,865.7,192.168.0.10
1579699399268344,300000000000000000017857,4,-57,865.7,192.168.0.10
1579699399272751,300000000000000000017882,4,-58,865.7,192.168.0.10
1579699399274045,30000000000000000001785D,4,-59.5,865.7,192.168.0.10
1579699399329009,300000000000000000017882,1,-63,865.7,192.168.0.10
1579699399363262,300000000000000000017882,1,-63,865.7,192.168.0.10
1579699399389740,300000000000000000017882,2,-55.5,865.7,192.168.0.10
1579699399422673,300000000000000000017882,2,-55.5,865.7,192.168.0.10
1579699399447766,30000000000000000001785C,3,-55,865.7,192.168.0.10
1579699399450308,245390003868,3,-61.5,865.7,192.168.0.10
1579699399477857,30000000000000000001785C,3,-55,865.7,192.168.0.10
1579699399480517,245390003868,3,-61.5,865.7,192.168.0.10
1579699399513964,30000000000000000001785D,4,-60,865.7,192.168.0.10
1579699399517304,300000000000000000017882,4,-58,865.7,192.168.0.10
1579699399519254,300000000000000000017857,4,-56.5,865.7,192.168.0.10
1579699399544087,300000000000000000017882,4,-58.5,865.7,192.168.0.10
1579699399548803,300000000000000000017857,4,-56.5,865.7,192.168.0.10
1579699399549910,30000000000000000001785D,4,-60,865.7,192.168.0.10
1579699399608980,300000000000000000017882,1,-63,865.7,192.168.0.10
1579699399634821,300000000000000000017882,1,-63,865.7,192.168.0.10
1579699399668457,300000000000000000017882,2,-56,865.7,192.168.0.10
1579699399696246,300000000000000000017882,2,-55.5,865.7,192.168.0.10
1579699399725413,245390003868,3,-61.5,865.7,192.168.0.10
1579699399727173,30000000000000000001785C,3,-54.5,865.7,192.168.0.10
1579699399752947,245390003868,3,-61.5,865.7,192.168.0.10
1579699399756239,30000000000000000001785C,3,-54.5,865.7,192.168.0.10
1579699399789128,300000000000000000017882,4,-58.5,865.7,192.168.0.10
1579699399790533,300000000000000000017857,4,-56.5,865.7,192.168.0.10
1579699399793196,30000000000000000001785D,4,-60,865.7,192.168.0.10
1579699399821493,300000000000000000017882,4,-59,865.7,192.168.0.10
1579699399822615,30000000000000000001785D,4,-60,865.7,192.168.0.10
1579699399825289,300000000000000000017857,4,-56.5,865.7,192.168.0.10
1579699399871405,245390003868,1,-69,865.7,192.168.0.10
1579699399881078,300000000000000000017882,1,-63,865.7,192.168.0.10
1579699399928345,300000000000000000017882,1,-63,865.7,192.168.0.10
1579699399935770,245390003868,1,-69,865.7,192.168.0.10
1579699399970871,300000000000000000017882,2,-56,865.7,192.168.0.10
1579699399993376,300000000000000000017882,2,-55.5,865.7,192.168.0.10
1579699400025704,245390003868,3,-61,865.7,192.168.0.10
1579699400027227,30000000000000000001785C,3,-55,865.7,192.168.0.10
1579699400054124,30000000000000000001785C,3,-54.5,865.7,192.168.0.10
1579699400059692,245390003868,3,-61,865.7,192.168.0.10
1579699400090119,300000000000000000017882,4,-58,865.7,192.168.0.10
1579699400092523,30000000000000000001785D,4,-60,865.7,192.168.0.10
1579699400096371,300000000000000000017857,4,-56.5,865.7,192.168.0.10
1579699400116128,300000000000000000017857,4,-56.5,865.7,192.168.0.10
1579699400118620,300000000000000000017882,4,-58.5,865.7,192.168.0.10
1579699400120084,30000000000000000001785D,4,-60,865.7,192.168.0.10
1579699400177847,300000000000000000017882,1,-63,865.7,192.168.0.10
1579699400219135,300000000000000000017882,1,-63,865.7,192.168.0.10
1579699400241990,300000000000000000017882,2,-56,865.7,192.168.0.10
1579699400267883,300000000000000000017882,2,-56,865.7,192.168.0.10
1579699400297098,245390003868,3,-61.5,865.7,192.168.0.10
1579699400298593,30000000000000000001785C,3,-54,865.7,192.168.0.10
1579699400326394,30000000000000000001785C,3,-54.5,865.7,192.168.0.10
1579699400328596,245390003868,3,-61.5,865.7,192.168.0.10
1579699400362579,300000000000000000017882,4,-58.5,865.7,192.168.0.10
1579699400363689,30000000000000000001785D,4,-60,865.7,192.168.0.10
1579699400365878,300000000000000000017857,4,-57,865.7,192.168.0.10
1579699400391353,300000000000000000017857,4,-56.5,865.7,192.168.0.10
1579699400393503,30000000000000000001785D,4,-60,865.7,192.168.0.10
1579699400394871,300000000000000000017882,4,-58,865.7,192.168.0.10
1579699400492746,300000000000000000017882,2,-56,865.7,192.168.0.10
1579699400518599,300000000000000000017882,2,-56,865.7,192.168.0.10
1579699400554787,245390003868,3,-61.5,865.7,192.168.0.10
1579699400556437,30000000000000000001785C,3,-54.5,865.7,192.168.0.10
1579699400581182,30000000000000000001785C,3,-54.5,865.7,192.168.0.10
1579699400584086,245390003868,3,-62,865.7,192.168.0.10
1579699400616616,300000000000000000017857,4,-57,865.7,192.168.0.10
1579699400619516,30000000000000000001785D,4,-60,865.7,192.168.0.10
1579699400621498,300000000000000000017882,4,-58,865.7,192.168.0.10
1579699400646420,300000000000000000017857,4,-57.5,865.7,192.168.0.10
1579699400650420,30000000000000000001785D,4,-60,865.7,192.168.0.10
1579699400651817,300000000000000000017882,4,-58,865.7,192.168.0.10
1579699400752525,300000000000000000017882,2,-56,865.7,192.168.0.10
1579699400780740,300000000000000000017882,2,-56,865.7,192.168.0.10
1579699400805947,245390003868,3,-60.5,865.7,192.168.0.10
1579699400808459,30000000000000000001785C,3,-54.5,865.7,192.168.0.10
1579699400837945,30000000000000000001785C,3,-55,865.7,192.168.0.10
1579699400839806,245390003868,3,-60,865.7,192.168.0.10
1579699400865689,300000000000000000017857,4,-57,865.7,192.168.0.10
1579699400868968,300000000000000000017882,4,-57.5,865.7,192.168.0.10
1579699400870103,30000000000000000001785D,4,-60,865.7,192.168.0.10
1579699400894358,300000000000000000017882,4,-57.5,865.7,192.168.0.10
1579699400895934,30000000000000000001785D,4,-60,865.7,192.168.0.10
1579699400898153,300000000000000000017857,4,-57,865.7,192.168.0.10
1579699400955737,300000000000000000017882,1,-62.5,865.7,192.168.0.10
1579699400997155,300000000000000000017882,1,-62.5,865.7,192.168.0.10
1579699401020409,300000000000000000017882,2,-56,865.7,192.168.0.10
1579699401050447,300000000000000000017882,2,-56,865.7,192.168.0.10
1579699401079243,30000000000000000001785C,3,-55,865.7,192.168.0.10
1579699401081293,245390003868,3,-60.5,865.7,192.168.0.10
1579699401107268,245390003868,3,-60.5,865.7,192.168.0.10
1579699401108963,30000000000000000001785C,3,-55,865.7,192.168.0.10
1579699401143551,300000000000000000017857,4,-57,865.7,192.168.0.10
1579699401146035,300000000000000000017882,4,-58,865.7,192.168.0.10
1579699401148428,30000000000000000001785D,4,-60.5,865.7,192.168.0.10
1579699401172180,30000000000000000001785D,4,-60,865.7,192.168.0.10
1579699401174885,300000000000000000017857,4,-57,865.7,192.168.0.10
1579699401177309,300000000000000000017882,4,-57.5,865.7,192.168.0.10
1579699401236938,300000000000000000017882,1,-63,865.7,192.168.0.10
1579699401274451,300000000000000000017882,1,-62.5,865.7,192.168.0.10
1579699401295639,300000000000000000017882,2,-55.5,865.7,192.168.0.10
1579699401325122,300000000000000000017882,2,-56,865.7,192.168.0.10
1579699401356883,30000000000000000001785C,3,-55,865.7,192.168.0.10
1579699401360862,245390003868,3,-60.5,865.7,192.168.0.10
1579699401385853,245390003868,3,-60.5,865.7,192.168.0.10
1579699401388519,30000000000000000001785C,3,-55,865.7,192.168.0.10
1579699401423504,300000000000000000017882,4,-57.5,865.7,192.168.0.10
1579699401425681,30000000000000000001785D,4,-60,865.7,192.168.0.10
1579699401427887,300000000000000000017857,4,-57,865.7,192.168.0.10
1579699401455524,300000000000000000017857,4,-57,865.7,192.168.0.10
1579699401456595,300000000000000000017882,4,-57.5,865.7,192.168.0.10
1579699401458642,30000000000000000001785D,4,-60,865.7,192.168.0.10
1579699401505891,300000000000000000017882,1,-63,865.7,192.168.0.10
1579699401547449,300000000000000000017882,1,-62.5,865.7,192.168.0.10
1579699401568180,300000000000000000017882,2,-56,865.7,192.168.0.10
1579699401596446,300000000000000000017882,2,-56,865.7,192.168.0.10
1579699401628555,30000000000000000001785C,3,-55,865.7,192.168.0.10
1579699401631969,245390003868,3,-60.5,865.7,192.168.0.10
1579699401661381,30000000000000000001785C,3,-55.5,865.7,192.168.0.10
1579699401665407,245390003868,3,-60.5,865.7,192.168.0.10
1579699401697877,30000000000000000001785D,4,-60,865.7,192.168.0.10
1579699401699247,300000000000000000017882,4,-57.5,865.7,192.168.0.10
1579699401702563,300000000000000000017857,4,-57.5,865.7,192.168.0.10
1579699401728802,30000000000000000001785D,4,-60.5,865.7,192.168.0.10
1579699401730355,300000000000000000017882,4,-57.5,865.7,192.168.0.10
1579699401734763,300000000000000000017857,4,-57.5,865.7,192.168.0.10
1579699401789151,300000000000000000017882,1,-62.5,865.7,192.168.0.10
1579699401823911,300000000000000000017882,1,-63.5,865.7,192.168.0.10
1579699401843344,300000000000000000017882,2,-56,865.7,192.168.0.10
1579699401868466,300000000000000000017882,2,-56,865.7,192.168.0.10
1579699401903705,245390003868,3,-60.5,865.7,192.168.0.10
1579699401906167,30000000000000000001785C,3,-55,865.7,192.168.0.10
1579699401934637,245390003868,3,-61,865.7,192.168.0.10
1579699401937700,30000000000000000001785C,3,-55.5,865.7,192.168.0.10
1579699401970681,300000000000000000017882,4,-57.5,865.7,192.168.0.10
1579699401974902,300000000000000000017857,4,-57.5,865.7,192.168.0.10
1579699401976053,30000000000000000001785D,4,-60,865.7,192.168.0.10
1579699402001449,300000000000000000017882,4,-58,865.7,192.168.0.10
1579699402003953,300000000000000000017857,4,-57.5,865.7,192.168.0.10
1579699402005304,30000000000000000001785D,4,-60.5,865.7,192.168.0.10
1579699402053080,300000000000000000017882,1,-63,865.7,192.168.0.10
1579699402090785,300000000000000000017882,1,-63,865.7,192.168.0.10
1579699402125945,300000000000000000017882,2,-56,865.7,192.168.0.10
1579699402151785,300000000000000000017882,2,-56,865.7,192.168.0.10
1579699402186288,30000000000000000001785C,3,-55,865.7,192.168.0.10
1579699402189813,245390003868,3,-60.5,865.7,192.168.0.10
1579699402215237,245390003868,3,-60,865.7,192.168.0.10
1579699402218073,30000000000000000001785C,3,-55,865.7,192.168.0.10
1579699402250878,30000000000000000001785D,4,-60,865.7,192.168.0.10
1579699402255592,300000000000000000017882,4,-57.5,865.7,192.168.0.10
1579699402256713,300000000000000000017857,4,-57,865.7,192.168.0.10
1579699402281232,300000000000000000017882,4,-57.5,865.7,192.168.0.10
1579699402282795,300000000000000000017857,4,-57,865.7,192.168.0.10
1579699402286376,30000000000000000001785D,4,-60,865.7,192.168.0.10
1579699402380515,300000000000000000017882,2,-56,865.7,192.168.0.10
1579699402408687,300000000000000000017882,2,-56,865.7,192.168.0.10
1579699402444757,245390003868,3,-61,865.7,192.168.0.10
1579699402445851,30000000000000000001785C,3,-55,865.7,192.168.0.10
1579699402472409,245390003868,3,-60.5,865.7,192.168.0.10
1579699402475304,30000000000000000001785C,3,-55,865.7,192.168.0.10
1579699402509028,300000000000000000017857,4,-56.5,865.7,192.168.0.10
1579699402511240,300000000000000000017882,4,-57.5,865.7,192.168.0.10
1579699402512461,30000000000000000001785D,4,-60,865.7,192.168.0.10
1579699402537749,300000000000000000017857,4,-57,865.7,192.168.0.10
1579699402539981,30000000000000000001785D,4,-60,865.7,192.168.0.10
1579699402541706,300000000000000000017882,4,-58,865.7,192.168.0.10
1579699402714415,300000000000000000017882,1,-63,865.7,192.168.0.10
1579699402755818,300000000000000000017882,1,-63,865.7,192.168.0.10
1579699402785001,300000000000000000017882,2,-56,865.7,192.168.0.10
1579699402804685,300000000000000000017882,2,-55.5,865.7,192.168.0.10
1579699402842896,30000000000000000001785C,3,-54.5,865.7,192.168.0.10
1579699402844999,245390003868,3,-61,865.7,192.168.0.10
1579699402870926,30000000000000000001785C,3,-54.5,865.7,192.168.0.10
1579699402873271,245390003868,3,-60.5,865.7,192.168.0.10
1579699402909810,30000000000000000001785D,4,-60.5,865.7,192.168.0.10
1579699402910920,300000000000000000017882,4,-58,865.7,192.168.0.10
1579699402912042,300000000000000000017857,4,-57,865.7,192.168.0.10
1579699402938692,300000000000000000017882,4,-57.5,865.7,192.168.0.10
1579699402940680,300000000000000000017857,4,-57,865.7,192.168.0.10
1579699402941918,30000000000000000001785D,4,-60.5,865.7,192.168.0.10
1579699403000667,300000000000000000017882,1,-63,865.7,192.168.0.10
1579699403031455,300000000000000000017882,1,-63,865.7,192.168.0.10
1579699403058961,300000000000000000017882,2,-55.5,865.7,192.168.0.10
1579699403084217,300000000000000000017882,2,-55.5,865.7,192.168.0.10
1579699403118268,30000000000000000001785C,3,-55,865.7,192.168.0.10
1579699403121372,245390003868,3,-60.5,865.7,192.168.0.10
1579699403147329,30000000000000000001785C,3,-55,865.7,192.168.0.10
1579699403149588,245390003868,3,-60.5,865.7,192.168.0.10
1579699403181400,300000000000000000017857,4,-57,865.7,192.168.0.10
1579699403184986,300000000000000000017882,4,-57.5,865.7,192.168.0.10
1579699403187778,30000000000000000001785D,4,-60.5,865.7,192.168.0.10
1579699403211546,300000000000000000017857,4,-57.5,865.7,192.168.0.10
1579699403215380,30000000000000000001785D,4,-60.5,865.7,192.168.0.10
1579699403217933,300000000000000000017882,4,-57.5,865.7,192.168.0.10
1579699403265581,300000000000000000017882,1,-63,865.7,192.168.0.10
1579699403303467,300000000000000000017882,1,-63,865.7,192.168.0.10
1579699403336045,300000000000000000017882,2,-55.5,865.7,192.168.0.10
1579699403364162,300000000000000000017882,2,-55.5,865.7,192.168.0.10
1579699403397315,245390003868,3,-60.5,865.7,192.168.0.10
1579699403400006,30000000000000000001785C,3,-55,865.7,192.168.0.10
1579699403425819,30000000000000000001785C,3,-55,865.7,192.168.0.10
1579699403429349,245390003868,3,-60.5,865.7,192.168.0.10
1579699403460999,300000000000000000017857,4,-57,865.7,192.168.0.10
1579699403462570,300000000000000000017882,4,-57.5,865.7,192.168.0.10
1579699403467705,30000000000000000001785D,4,-60.5,865.7,192.168.0.10
1579699403486317,300000000000000000017857,4,-57,865.7,192.168.0.10
1579699403490315,30000000000000000001785D,4,-60.5,865.7,192.168.0.10
1579699403491481,300000000000000000017882,4,-58,865.7,192.168.0.10
1579699403539530,300000000000000000017882,1,-62.5,865.7,192.168.0.10
1579699403582434,300000000000000000017882,1,-62.5,865.7,192.168.0.10
1579699403608349,300000000000000000017882,2,-55.5,865.7,192.168.0.10
1579699403640103,300000000000000000017882,2,-55.5,865.7,192.168.0.10
1579699403667364,30000000000000000001785C,3,-55,865.7,192.168.0.10
1579699403668697,245390003868,3,-61,865.7,192.168.0.10
1579699403695802,30000000000000000001785C,3,-54.5,865.7,192.168.0.10
1579699403698763,245390003868,3,-61,865.7,192.168.0.10
1579699403732581,300000000000000000017857,4,-57,865.7,192.168.0.10
1579699403736349,300000000000000000017882,4,-57.5,865.7,192.168.0.10
1579699403737442,30000000000000000001785D,4,-60.5,865.7,192.168.0.10
1579699403761341,300000000000000000017857,4,-57,865.7,192.168.0.10
1579699403763563,30000000000000000001785D,4,-60.5,865.7,192.168.0.10
1579699403767095,300000000000000000017882,4,-57.5,865.7,192.168.0.10
1579699403813714,300000000000000000017882,1,-63,865.7,192.168.0.10
1579699403851542,300000000000000000017882,1,-63,865.7,192.168.0.10
1579699403885240,300000000000000000017882,2,-55.5,865.7,192.168.0.10
1579699403914698,300000000000000000017882,2,-55.5,865.7,192.168.0.10
1579699403946458,30000000000000000001785C,3,-54.5,865.7,192.168.0.10
1579699403950581,245390003868,3,-61,865.7,192.168.0.10
1579699403978684,30000000000000000001785C,3,-54.5,865.7,192.168.0.10
1579699403980333,245390003868,3,-61,865.7,192.168.0.10
1579699404012693,300000000000000000017857,4,-57,865.7,192.168.0.10
1579699404013805,300000000000000000017882,4,-58,865.7,192.168.0.10
1579699404017964,30000000000000000001785D,4,-60.5,865.7,192.168.0.10
1579699404043075,30000000000000000001785D,4,-60.5,865.7,192.168.0.10
1579699404046681,300000000000000000017882,4,-58,865.7,192.168.0.10
1579699404048402,300000000000000000017857,4,-57,865.7,192.168.0.10
1579699404105602,300000000000000000017882,1,-63,865.7,192.168.0.10
1579699404178281,300000000000000000017882,2,-55.5,865.7,192.168.0.10
1579699404208071,245390003868,3,-61,865.7,192.168.0.10
1579699404210236,30000000000000000001785C,3,-54.5,865.7,192.168.0.10
1579699404236152,245390003868,3,-61,865.7,192.168.0.10
1579699404241184,30000000000000000001785C,3,-55,865.7,192.168.0.10
1579699404272468,30000000000000000001785D,4,-60.5,865.7,192.168.0.10
1579699404276643,300000000000000000017882,4,-58,865.7,192.168.0.10
1579699404278262,300000000000000000017857,4,-57.5,865.7,192.168.0.10
1579699404306519,300000000000000000017857,4,-57.5,865.7,192.168.0.10
1579699404308290,300000000000000000017882,4,-57.5,865.7,192.168.0.10
1579699404309383,30000000000000000001785D,4,-60,865.7,192.168.0.10
1579699404366056,300000000000000000017882,1,-63,865.7,192.168.0.10
1579699404398858,300000000000000000017882,1,-63,865.7,192.168.0.10
1579699404429569,300000000000000000017882,2,-56,865.7,192.168.0.10
1579699404454101,300000000000000000017882,2,-55.5,865.7,192.168.0.10
1579699404485745,30000000000000000001785C,3,-54.5,865.7,192.168.0.10
1579699404488231,245390003868,3,-61,865.7,192.168.0.10
1579699404517593,245390003868,3,-60.5,865.7,192.168.0.10
1579699404519004,30000000000000000001785C,3,-54.5,865.7,192.168.0.10
1579699404553637,30000000000000000001785D,4,-60,865.7,192.168.0.10
1579699404555090,300000000000000000017882,4,-57.5,865.7,192.168.0.10
1579699404556728,300000000000000000017857,4,-57.5,865.7,192.168.0.10
1579699404583697,300000000000000000017882,4,-58,865.7,192.168.0.10
1579699404586516,300000000000000000017857,4,-57.5,865.7,192.168.0.10
1579699404605364,30000000000000000001785D,4,-60.5,865.7,192.168.0.10
1579699404652295,300000000000000000017882,1,-63.5,865.7,192.168.0.10
1579699404692080,300000000000000000017882,1,-63.5,865.7,192.168.0.10
1579699404716797,300000000000000000017882,2,-55.5,865.7,192.168.0.10
1579699404748375,300000000000000000017882,2,-56,865.7,192.168.0.10
1579699404780403,245390003868,3,-61,865.7,192.168.0.10
1579699404784047,30000000000000000001785C,3,-55,865.7,192.168.0.10
1579699404810097,30000000000000000001785C,3,-55,865.7,192.168.0.10
1579699404811939,245390003868,3,-61,865.7,192.168.0.10
1579699404848207,300000000000000000017857,4,-57,865.7,192.168.0.10
1579699404850177,30000000000000000001785D,4,-60.5,865.7,192.168.0.10
1579699404851802,300000000000000000017882,4,-57.5,865.7,192.168.0.10
1579699404877734,300000000000000000017857,4,-57,865.7,192.168.0.10
1579699404880512,30000000000000000001785D,4,-60,865.7,192.168.0.10
1579699404882134,300000000000000000017882,4,-57.5,865.7,192.168.0.10
1579699404970040,300000000000000000017882,2,-55.5,865.7,192.168.0.10
1579699405001921,300000000000000000017882,2,-55.5,865.7,192.168.0.10
1579699405029070,245390003868,3,-60.5,865.7,192.168.0.10
1579699405031805,30000000000000000001785C,3,-54.5,865.7,192.168.0.10
1579699405058683,30000000000000000001785C,3,-54.5,865.7,192.168.0.10
1579699405059647,245390003868,3,-61,865.7,192.168.0.10
1579699405096473,300000000000000000017882,4,-58,865.7,192.168.0.10
1579699405097862,300000000000000000017857,4,-57,865.7,192.168.0.10
1579699405098915,30000000000000000001785D,4,-60.5,865.7,192.168.0.10
1579699405125917,30000000000000000001785D,4,-60.5,865.7,192.168.0.10
1579699405127430,300000000000000000017882,4,-58,865.7,192.168.0.10
1579699405128550,300000000000000000017857,4,-57,865.7,192.168.0.10
1579699405191572,300000000000000000017882,1,-63,865.7,192.168.0.10
1579699405220639,300000000000000000017882,1,-63,865.7,192.168.0.10
1579699405249924,300000000000000000017882,2,-55.5,865.7,192.168.0.10
1579699405269639,300000000000000000017882,2,-55.5,865.7,192.168.0.10
1579699405309115,245390003868,3,-61,865.7,192.168.0.10
1579699405310469,30000000000000000001785C,3,-55,865.7,192.168.0.10
1579699405338183,30000000000000000001785C,3,-55,865.7,192.168.0.10
1579699405340274,245390003868,3,-61,865.7,192.168.0.10
1579699405370731,300000000000000000017882,4,-57.5,865.7,192.168.0.10
1579699405374135,30000000000000000001785D,4,-60,865.7,192.168.0.10
1579699405376922,300000000000000000017857,4,-57,865.7,192.168.0.10
1579699405401894,300000000000000000017857,4,-57,865.7,192.168.0.10
1579699405405862,30000000000000000001785D,4,-60.5,865.7,192.168.0.10
1579699405407507,300000000000000000017882,4,-58,865.7,192.168.0.10
1579699405455396,300000000000000000017882,1,-62.5,865.7,192.168.0.10
1579699405495910,300000000000000000017882,1,-63,865.7,192.168.0.10
1579699405512360,300000000000000000017882,2,-55.5,865.7,192.168.0.10
1579699405537450,300000000000000000017882,2,-55.5,865.7,192.168.0.10
1579699405573499,245390003868,3,-61,865.7,192.168.0.10
1579699405575849,30000000000000000001785C,3,-55,865.7,192.168.0.10
1579699405603488,30000000000000000001785C,3,-54.5,865.7,192.168.0.10
1579699405604721,245390003868,3,-61,865.7,192.168.0.10
1579699405639274,300000000000000000017882,4,-57.5,865.7,192.168.0.10
1579699405640838,300000000000000000017857,4,-56.5,865.7,192.168.0.10
1579699405641990,30000000000000000001785D,4,-60,865.7,192.168.0.10
1579699405661436,300000000000000000017882,4,-58,865.7,192.168.0.10
1579699405663126,300000000000000000017857,4,-57.5,865.7,192.168.0.10
1579699405664190,30000000000000000001785D,4,-60,865.7,192.168.0.10
1579699405720136,300000000000000000017882,1,-63,865.7,192.168.0.10
1579699405763064,300000000000000000017882,1,-63,865.7,192.168.0.10
1579699405784713,300000000000000000017882,2,-55.5,865.7,192.168.0.10
1579699405816438,300000000000000000017882,2,-55.5,865.7,192.168.0.10
1579699405845220,30000000000000000001785C,3,-55,865.7,192.168.0.10
1579699405846197,245390003868,3,-60.5,865.7,192.168.0.10
1579699405871789,245390003868,3,-60.5,865.7,192.168.0.10
1579699405876347,30000000000000000001785C,3,-55,865.7,192.168.0.10
1579699405912098,30000000000000000001785D,4,-60,865.7,192.168.0.10
1579699405913162,300000000000000000017857,4,-57.5,865.7,192.168.0.10
1579699405914475,300000000000000000017882,4,-57.5,865.7,192.168.0.10
1579699405941606,30000000000000000001785D,4,-60,865.7,192.168.0.10
1579699405944130,300000000000000000017857,4,-57.5,865.7,192.168.0.10
1579699405945256,300000000000000000017882,4,-58,865.7,192.168.0.10
1579699405991304,300000000000000000017882,1,-63,865.7,192.168.0.10
1579699406030835,300000000000000000017882,1,-63,865.7,192.168.0.10
1579699406061475,300000000000000000017882,2,-56,865.7,192.168.0.10
1579699406083575,30000000000000000001785D,2,-65,865.7,192.168.0.10
1579699406104554,300000000000000000017882,2,-55.5,865.7,192.168.0.10
1579699406119049,30000000000000000001785D,2,-65,865.7,192.168.0.10
1579699406145595,30000000000000000001785C,3,-55,865.7,192.168.0.10
1579699406149753,245390003868,3,-61.5,865.7,192.168.0.10
1579699406178218,245390003868,3,-61,865.7,192.168.0.10
1579699406179671,30000000000000000001785C,3,-55,865.7,192.168.0.10
1579699406211061,300000000000000000017857,4,-57.5,865.7,192.168.0.10
1579699406213752,300000000000000000017882,4,-58,865.7,192.168.0.10
1579699406215673,30000000000000000001785D,4,-60.5,865.7,192.168.0.10
1579699406242977,300000000000000000017882,4,-58,865.7,192.168.0.10
1579699406245469,300000000000000000017857,4,-57,865.7,192.168.0.10
1579699406247435,30000000000000000001785D,4,-60.5,865.7,192.168.0.10
1579699406307818,300000000000000000017882,1,-63.5,865.7,192.168.0.10
1579699406340426,300000000000000000017882,1,-63.5,865.7,192.168.0.10
1579699406366332,300000000000000000017882,2,-56,865.7,192.168.0.10
1579699406396683,300000000000000000017882,2,-55.5,865.7,192.168.0.10
1579699406430697,30000000000000000001785C,3,-55,865.7,192.168.0.10
1579699406433835,245390003868,3,-61,865.7,192.168.0.10
1579699406572614,30000000000000000001785C,3,-55,865.7,192.168.0.10
1579699406574219,245390003868,3,-61,865.7,192.168.0.10
1579699406599378,300000000000000000017882,4,-58,865.7,192.168.0.10
1579699406601422,30000000000000000001785D,4,-60.5,865.7,192.168.0.10
1579699406604540,300000000000000000017857,4,-57.5,865.7,192.168.0.10
1579699406632567,300000000000000000017882,4,-58,865.7,192.168.0.10
1579699406635174,300000000000000000017857,4,-57,865.7,192.168.0.10
1579699406636508,30000000000000000001785D,4,-60,865.7,192.168.0.10
1579699406694676,300000000000000000017882,1,-63.5,865.7,192.168.0.10
1579699406734244,300000000000000000017882,1,-63,865.7,192.168.0.10
1579699406751144,300000000000000000017882,2,-56,865.7,192.168.0.10
1579699406780349,300000000000000000017882,2,-55.5,865.7,192.168.0.10
1579699406816234,245390003868,3,-61,865.7,192.168.0.10
1579699406819285,30000000000000000001785C,3,-55,865.7,192.168.0.10
1579699406845031,30000000000000000001785C,3,-55,865.7,192.168.0.10
1579699406846846,245390003868,3,-61,865.7,192.168.0.10
1579699406882284,300000000000000000017882,4,-58,865.7,192.168.0.10
1579699406884746,300000000000000000017857,4,-57,865.7,192.168.0.10
1579699406886437,30000000000000000001785D,4,-60.5,865.7,192.168.0.10
1579699406911268,300000000000000000017857,4,-57.5,865.7,192.168.0.10
1579699406914570,300000000000000000017882,4,-58,865.7,192.168.0.10
1579699406916808,30000000000000000001785D,4,-60,865.7,192.168.0.10
1579699406963449,300000000000000000017882,1,-63,865.7,192.168.0.10
1579699407002922,300000000000000000017882,1,-63,865.7,192.168.0.10
1579699407032053,300000000000000000017882,2,-56,865.7,192.168.0.10
1579699407060798,300000000000000000017882,2,-56,865.7,192.168.0.10
1579699407094870,30000000000000000001785C,3,-55,865.7,192.168.0.10
1579699407098130,245390003868,3,-61,865.7,192.168.0.10
1579699407127315,30000000000000000001785C,3,-55,865.7,192.168.0.10
1579699407129162,245390003868,3,-61,865.7,192.168.0.10
1579699407160329,300000000000000000017857,4,-57.5,865.7,192.168.0.10
1579699407163761,30000000000000000001785D,4,-60.5,865.7,192.168.0.10
1579699407166312,300000000000000000017882,4,-57.5,865.7,192.168.0.10
1579699407190571,300000000000000000017882,4,-58,865.7,192.168.0.10
1579699407195184,300000000000000000017857,4,-57.5,865.7,192.168.0.10
1579699407196406,30000000000000000001785D,4,-60,865.7,192.168.0.10
1579699407251806,300000000000000000017882,1,-63,865.7,192.168.0.10
1579699407292953,300000000000000000017882,1,-63,865.7,192.168.0.10
1579699407317386,300000000000000000017882,2,-56,865.7,192.168.0.10
1579699407346750,300000000000000000017882,2,-56,865.7,192.168.0.10
1579699407380485,245390003868,3,-61.5,865.7,192.168.0.10
1579699407382678,30000000000000000001785C,3,-55,865.7,192.168.0.10
1579699407411021,245390003868,3,-61,865.7,192.168.0.10
1579699407412165,30000000000000000001785C,3,-55,865.7,192.168.0.10
1579699407448309,300000000000000000017857,4,-57.5,865.7,192.168.0.10
1579699407450067,300000000000000000017882,4,-58,865.7,192.168.0.10
1579699407451435,30000000000000000001785D,4,-60,865.7,192.168.0.10
1579699407479266,300000000000000000017857,4,-57.5,865.7,192.168.0.10
1579699407480464,300000000000000000017882,4,-57.5,865.7,192.168.0.10
1579699407481841,30000000000000000001785D,4,-60.5,865.7,192.168.0.10
1579699407536708,300000000000000000017882,1,-63.5,865.7,192.168.0.10
1579699407572647,300000000000000000017882,1,-63,865.7,192.168.0.10
1579699407602610,300000000000000000017882,2,-56,865.7,192.168.0.10
1579699407628343,300000000000000000017882,2,-56,865.7,192.168.0.10
1579699407662514,245390003868,3,-61,865.7,192.168.0.10
1579699407666677,30000000000000000001785C,3,-55,865.7,192.168.0.10
1579699407693293,245390003868,3,-61.5,865.7,192.168.0.10
1579699407694447,30000000000000000001785C,3,-55,865.7,192.168.0.10
1579699407730020,300000000000000000017857,4,-57.5,865.7,192.168.0.10
1579699407731955,30000000000000000001785D,4,-60.5,865.7,192.168.0.10
1579699407733905,300000000000000000017882,4,-57.5,865.7,192.168.0.10
1579699407758520,300000000000000000017857,4,-57,865.7,192.168.0.10
1579699407761213,300000000000000000017882,4,-57.5,865.7,192.168.0.10
1579699407763902,30000000000000000001785D,4,-60.5,865.7,192.168.0.10
1579699407810761,300000000000000000017882,1,-63,865.7,192.168.0.10
1579699407858992,300000000000000000017882,1,-63,865.7,192.168.0.10
1579699407881188,300000000000000000017882,2,-56,865.7,192.168.0.10
1579699407913792,300000000000000000017882,2,-56,865.7,192.168.0.10
1579699407945376,30000000000000000001785C,3,-55,865.7,192.168.0.10
1579699407947820,245390003868,3,-61.5,865.7,192.168.0.10
1579699407973026,245390003868,3,-61,865.7,192.168.0.10
1579699407975732,30000000000000000001785C,3,-55,865.7,192.168.0.10
1579699408011190,300000000000000000017882,4,-57.5,865.7,192.168.0.10
1579699408013052,30000000000000000001785D,4,-60,865.7,192.168.0.10
1579699408015795,300000000000000000017857,4,-57,865.7,192.168.0.10
1579699408043628,300000000000000000017857,4,-57.5,865.7,192.168.0.10
1579699408044985,300000000000000000017882,4,-58,865.7,192.168.0.10
1579699408046578,30000000000000000001785D,4,-60,865.7,192.168.0.10
1579699408099423,300000000000000000017882,1,-63,865.7,192.168.0.10
1579699408132027,300000000000000000017882,1,-63,865.7,192.168.0.10
1579699408164045,300000000000000000017882,2,-56,865.7,192.168.0.10
1579699408190855,300000000000000000017882,2,-56,865.7,192.168.0.10
1579699408229191,245390003868,3,-61,865.7,192.168.0.10
1579699408231171,30000000000000000001785C,3,-55,865.7,192.168.0.10
1579699408257151,245390003868,3,-61,865.7,192.168.0.10
1579699408259628,30000000000000000001785C,3,-55,865.7,192.168.0.10
1579699408291452,300000000000000000017857,4,-57.5,865.7,192.168.0.10
1579699408295487,30000000000000000001785D,4,-60,865.7,192.168.0.10
1579699408297711,300000000000000000017882,4,-58,865.7,192.168.0.10
1579699408322705,300000000000000000017882,4,-58,865.7,192.168.0.10
1579699408326287,30000000000000000001785D,4,-60,865.7,192.168.0.10
1579699408327768,300000000000000000017857,4,-57.5,865.7,192.168.0.10
1579699408374607,300000000000000000017882,1,-63.5,865.7,192.168.0.10
1579699408412350,300000000000000000017882,1,-63.5,865.7,192.168.0.10
1579699408445484,300000000000000000017882,2,-56,865.7,192.168.0.10
1579699408459994,30000000000000000001785D,2,-65,865.7,192.168.0.10
1579699408484056,300000000000000000017882,2,-56,865.7,192.168.0.10
1579699408529144,245390003868,3,-60.5,865.7,192.168.0.10
1579699408532821,30000000000000000001785C,3,-55,865.7,192.168.0.10
1579699408557706,30000000000000000001785C,3,-55,865.7,192.168.0.10
1579699408558696,245390003868,3,-61,865.7,192.168.0.10
1579699408595379,300000000000000000017857,4,-57.5,865.7,192.168.0.10
1579699408598673,300000000000000000017882,4,-57.5,865.7,192.168.0.10
1579699408624491,30000000000000000001785D,4,-60.5,865.7,192.168.0.10
1579699408626509,300000000000000000017857,4,-57,865.7,192.168.0.10
1579699408630183,300000000000000000017882,4,-57.5,865.7,192.168.0.10
1579699408720451,300000000000000000017882,2,-55.5,865.7,192.168.0.10
1579699408751491,300000000000000000017882,2,-56,865.7,192.168.0.10
1579699408782904,245390003868,3,-60.5,865.7,192.168.0.10
1579699408787535,30000000000000000001785C,3,-55,865.7,192.168.0.10
1579699408814995,245390003868,3,-60.5,865.7,192.168.0.10
1579699408816288,30000000000000000001785C,3,-55,865.7,192.168.0.10
1579699408853500,300000000000000000017857,4,-57.5,865.7,192.168.0.10
1579699408854594,30000000000000000001785D,4,-60,865.7,192.168.0.10
1579699408855931,300000000000000000017882,4,-58,865.7,192.168.0.10
1579699408881092,30000000000000000001785D,4,-60,865.7,192.168.0.10
1579699408883868,300000000000000000017857,4,-57.5,865.7,192.168.0.10
1579699408884951,300000000000000000017882,4,-57.5,865.7,192.168.0.10
1579699408977334,300000000000000000017882,2,-56,865.7,192.168.0.10
1579699409004052,300000000000000000017882,2,-56,865.7,192.168.0.10
1579699409037229,245390003868,3,-61,865.7,192.168.0.10
1579699409038855,30000000000000000001785C,3,-55,865.7,192.168.0.10
1579699409068457,30000000000000000001785C,3,-55,865.7,192.168.0.10
1579699409069877,245390003868,3,-60.5,865.7,192.168.0.10
1579699409104327,300000000000000000017882,4,-58,865.7,192.168.0.10
1579699409106079,30000000000000000001785D,4,-60.5,865.7,192.168.0.10
1579699409107456,300000000000000000017857,4,-57,865.7,192.168.0.10
1579699409133415,300000000000000000017857,4,-57.5,865.7,192.168.0.10
1579699409134769,300000000000000000017882,4,-58,865.7,192.168.0.10
1579699409135849,30000000000000000001785D,4,-60,865.7,192.168.0.10
1579699409189239,300000000000000000017882,1,-63.5,865.7,192.168.0.10
1579699409233992,300000000000000000017882,1,-63.5,865.7,192.168.0.10
1579699409258409,300000000000000000017882,2,-56,865.7,192.168.0.10
1579699409285093,300000000000000000017882,2,-56,865.7,192.168.0.10
1579699409315154,30000000000000000001785C,3,-55,865.7,192.168.0.10
1579699409318271,245390003868,3,-61,865.7,192.168.0.10
1579699409342500,30000000000000000001785C,3,-55,865.7,192.168.0.10
1579699409345732,245390003868,3,-61,865.7,192.168.0.10
1579699409378873,300000000000000000017882,4,-57.5,865.7,192.168.0.10
1579699409381105,300000000000000000017857,4,-57,865.7,192.168.0.10
1579699409383782,30000000000000000001785D,4,-60.5,865.7,192.168.0.10
1579699409412138,300000000000000000017882,4,-58,865.7,192.168.0.10
1579699409413244,300000000000000000017857,4,-57,865.7,192.168.0.10
1579699409414609,30000000000000000001785D,4,-60.5,865.7,192.168.0.10
1579699409499966,300000000000000000017882,2,-56,865.7,192.168.0.10
1579699409529448,300000000000000000017882,2,-55.5,865.7,192.168.0.10
1579699409563646,30000000000000000001785C,3,-55,865.7,192.168.0.10
1579699409564854,245390003868,3,-60.5,865.7,192.168.0.10
1579699409595259,30000000000000000001785C,3,-55,865.7,192.168.0.10
1579699409597536,245390003868,3,-61,865.7,192.168.0.10
1579699409631708,300000000000000000017882,4,-58,865.7,192.168.0.10
1579699409633114,30000000000000000001785D,4,-60.5,865.7,192.168.0.10
1579699409634236,300000000000000000017857,4,-57.5,865.7,192.168.0.10
1579699409660417,30000000000000000001785D,4,-60.5,865.7,192.168.0.10
1579699409663683,300000000000000000017882,4,-58,865.7,192.168.0.10
1579699409665073,300000000000000000017857,4,-57,865.7,192.168.0.10
1579699409716943,300000000000000000017882,1,-63,865.7,192.168.0.10
1579699409790669,300000000000000000017882,2,-56,865.7,192.168.0.10
1579699409824640,30000000000000000001785C,3,-55,865.7,192.168.0.10
1579699409826500,245390003868,3,-61,865.7,192.168.0.10
1579699409853831,245390003868,3,-61.5,865.7,192.168.0.10
1579699409855054,30000000000000000001785C,3,-55,865.7,192.168.0.10
1579699409887838,30000000000000000001785D,4,-60.5,865.7,192.168.0.10
1579699409890016,300000000000000000017857,4,-57.5,865.7,192.168.0.10
1579699409892522,300000000000000000017882,4,-58,865.7,192.168.0.10
1579699409919823,300000000000000000017857,4,-57.5,865.7,192.168.0.10
1579699409920920,300000000000000000017882,4,-58,865.7,192.168.0.10
1579699409924695,30000000000000000001785D,4,-60.5,865.7,192.168.0.10
1579699409972876,300000000000000000017882,1,-63.5,865.7,192.168.0.10
1579699410067914,300000000000000000017882,2,-56,865.7,192.168.0.10
1579699410100367,245390003868,3,-61,865.7,192.168.0.10
1579699410103632,30000000000000000001785C,3,-55,865.7,192.168.0.10
1579699410132601,245390003868,3,-61,865.7,192.168.0.10
1579699410133724,30000000000000000001785C,3,-55,865.7,192.168.0.10
1579699410168026,30000000000000000001785D,4,-60.5,865.7,192.168.0.10
1579699410169950,300000000000000000017882,4,-58,865.7,192.168.0.10
1579699410171029,300000000000000000017857,4,-57,865.7,192.168.0.10
1579699410195713,30000000000000000001785D,4,-60.5,865.7,192.168.0.10
1579699410198691,300000000000000000017857,4,-57,865.7,192.168.0.10
1579699410200187,300000000000000000017882,4,-58,865.7,192.168.0.10
1579699410294033,300000000000000000017882,2,-55.5,865.7,192.168.0.10
1579699410323345,300000000000000000017882,2,-56,865.7,192.168.0.10
1579699410353685,245390003868,3,-61,865.7,192.168.0.10
1579699410359116,30000000000000000001785C,3,-55,865.7,192.168.0.10
1579699410501276,245390003868,3,-61.5,865.7,192.168.0.10
1579699410503506,30000000000000000001785C,3,-55,865.7,192.168.0.10
1579699410542038,300000000000000000017857,4,-57.5,865.7,192.168.0.10
1579699410543796,30000000000000000001785D,4,-60.5,865.7,192.168.0.10
1579699410545109,300000000000000000017882,4,-58.5,865.7,192.168.0.10
1579699410571594,300000000000000000017857,4,-57,865.7,192.168.0.10
1579699410573590,30000000000000000001785D,4,-60.5,865.7,192.168.0.10
1579699410574697,300000000000000000017882,4,-58,865.7,192.168.0.10
1579699410669090,300000000000000000017882,2,-55.5,865.7,192.168.0.10
1579699410696358,300000000000000000017882,2,-55.5,865.7,192.168.0.10
1579699410730758,30000000000000000001785C,3,-55,865.7,192.168.0.10
1579699410734433,245390003868,3,-61.5,865.7,192.168.0.10
1579699410760434,245390003868,3,-61.5,865.7,192.168.0.10
1579699410763272,30000000000000000001785C,3,-55,865.7,192.168.0.10
1579699410799312,30000000000000000001785D,4,-60,865.7,192.168.0.10
1579699410800690,300000000000000000017857,4,-57.5,865.7,192.168.0.10
1579699410802171,300000000000000000017882,4,-58,865.7,192.168.0.10
1579699410825651,30000000000000000001785D,4,-60.5,865.7,192.168.0.10
1579699410828368,300000000000000000017882,4,-58,865.7,192.168.0.10
1579699410831944,300000000000000000017857,4,-57,865.7,192.168.0.10
1579699410880087,300000000000000000017882,1,-63.5,865.7,192.168.0.10
1579699410962374,300000000000000000017882,2,-56,865.7,192.168.0.10
1579699410997913,30000000000000000001785C,3,-55,865.7,192.168.0.10
1579699410999844,245390003868,3,-61.5,865.7,192.168.0.10
1579699411017591,30000000000000000001785C,3,-55,865.7,192.168.0.10
1579699411021019,245390003868,3,-61,865.7,192.168.0.10
1579699411053455,300000000000000000017882,4,-58,865.7,192.168.0.10
1579699411055090,30000000000000000001785D,4,-60.5,865.7,192.168.0.10
1579699411059506,300000000000000000017857,4,-57.5,865.7,192.168.0.10
1579699411087171,300000000000000000017882,4,-58,865.7,192.168.0.10
1579699411089156,300000000000000000017857,4,-57,865.7,192.168.0.10
1579699411090519,30000000000000000001785D,4,-60,865.7,192.168.0.10
1579699411146971,300000000000000000017882,1,-63.5,865.7,192.168.0.10
1579699411186377,300000000000000000017882,1,-63,865.7,192.168.0.10
1579699411210155,300000000000000000017882,2,-56,865.7,192.168.0.10
1579699411238580,300000000000000000017882,2,-55.5,865.7,192.168.0.10
1579699411274074,30000000000000000001785C,3,-55,865.7,192.168.0.10
1579699411276420,245390003868,3,-61.5,865.7,192.168.0.10
1579699411301628,30000000000000000001785C,3,-55,865.7,192.168.0.10
1579699411302874,245390003868,3,-61.5,865.7,192.168.0.10
1579699411332089,30000000000000000001785D,4,-60.5,865.7,192.168.0.10
1579699411334309,300000000000000000017857,4,-57,865.7,192.168.0.10
1579699411335462,300000000000000000017882,4,-58,865.7,192.168.0.10
1579699411363681,300000000000000000017882,4,-58,865.7,192.168.0.10
1579699411367885,30000000000000000001785D,4,-60,865.7,192.168.0.10
1579699411368991,300000000000000000017857,4,-57.5,865.7,192.168.0.10
1579699411418608,300000000000000000017882,1,-63,865.7,192.168.0.10
1579699411463224,300000000000000000017882,1,-63,865.7,192.168.0.10
1579699411489459,300000000000000000017882,2,-56,865.7,192.168.0.10
1579699411517676,300000000000000000017882,2,-55.5,865.7,192.168.0.10
1579699411544404,245390003868,3,-61.5,865.7,192.168.0.10
1579699411546865,30000000000000000001785C,3,-55,865.7,192.168.0.10
1579699411574652,245390003868,3,-61.5,865.7,192.168.0.10
1579699411575992,30000000000000000001785C,3,-55,865.7,192.168.0.10
1579699411612690,300000000000000000017882,4,-58,865.7,192.168.0.10
1579699411614710,300000000000000000017857,4,-57,865.7,192.168.0.10
1579699411615847,30000000000000000001785D,4,-60,865.7,192.168.0.10
1579699411643066,30000000000000000001785D,4,-60.5,865.7,192.168.0.10
1579699411644217,300000000000000000017882,4,-58,865.7,192.168.0.10
1579699411645809,300000000000000000017857,4,-57,865.7,192.168.0.10
1579699411748470,300000000000000000017882,2,-56,865.7,192.168.0.10
1579699411770957,300000000000000000017882,2,-55.5,865.7,192.168.0.10
1579699411808350,245390003868,3,-61,865.7,192.168.0.10
1579699411809730,30000000000000000001785C,3,-55.5,865.7,192.168.0.10
1579699411833845,245390003868,3,-60.5,865.7,192.168.0.10
1579699411839348,30000000000000000001785C,3,-55,865.7,192.168.0.10
1579699411869805,300000000000000000017857,4,-57,865.7,192.168.0.10
1579699411874971,30000000000000000001785D,4,-60.5,865.7,192.168.0.10
1579699411876084,300000000000000000017882,4,-58,865.7,192.168.0.10
1579699411901608,30000000000000000001785D,4,-60.5,865.7,192.168.0.10
1579699411904245,300000000000000000017882,4,-58,865.7,192.168.0.10
1579699411905324,300000000000000000017857,4,-57,865.7,192.168.0.10
1579699411963674,300000000000000000017882,1,-63.5,865.7,192.168.0.10
1579699412040482,300000000000000000017882,2,-56,865.7,192.168.0.10
1579699412071916,30000000000000000001785C,3,-55,865.7,192.168.0.10
1579699412073377,245390003868,3,-61.5,865.7,192.168.0.10
1579699412095431,30000000000000000001785C,3,-55,865.7,192.168.0.10
1579699412097223,245390003868,3,-60.5,865.7,192.168.0.10
1579699412130498,300000000000000000017857,4,-57,865.7,192.168.0.10
1579699412131865,30000000000000000001785D,4,-60.5,865.7,192.168.0.10
1579699412135935,300000000000000000017882,4,-58,865.7,192.168.0.10
1579699412156251,300000000000000000017882,4,-58,865.7,192.168.0.10
1579699412157473,30000000000000000001785D,4,-60,865.7,192.168.0.10
1579699412159705,300000000000000000017857,4,-57,865.7,192.168.0.10
1579699412249701,300000000000000000017882,2,-55.5,865.7,192.168.0.10
1579699412281382,300000000000000000017882,2,-55.5,865.7,192.168.0.10
1579699412314074,30000000000000000001785C,3,-55,865.7,192.168.0.10
1579699412316589,245390003868,3,-61,865.7,192.168.0.10
1579699412337083,245390003868,3,-60.5,865.7,192.168.0.10
1579699412340762,30000000000000000001785C,3,-55,865.7,192.168.0.10
1579699412373387,300000000000000000017857,4,-57,865.7,192.168.0.10
1579699412375414,300000000000000000017882,4,-58,865.7,192.168.0.10
1579699412377961,30000000000000000001785D,4,-60,865.7,192.168.0.10
1579699412402823,30000000000000000001785D,4,-60,865.7,192.168.0.10
1579699412406185,300000000000000000017857,4,-57.5,865.7,192.168.0.10
1579699412408537,300000000000000000017882,4,-58,865.7,192.168.0.10
1579699412502334,300000000000000000017882,2,-56,865.7,192.168.0.10
1579699412533430,300000000000000000017882,2,-55.5,865.7,192.168.0.10
1579699412562203,245390003868,3,-60.5,865.7,192.168.0.10
1579699412563330,30000000000000000001785C,3,-55,865.7,192.168.0.10
1579699412590973,30000000000000000001785C,3,-55,865.7,192.168.0.10
1579699412593520,245390003868,3,-61,865.7,192.168.0.10
1579699412626272,30000000000000000001785D,4,-60,865.7,192.168.0.10
1579699412629021,300000000000000000017882,4,-58,865.7,192.168.0.10
1579699412631847,300000000000000000017857,4,-57,865.7,192.168.0.10
1579699412656180,30000000000000000001785D,4,-60,865.7,192.168.0.10
1579699412661781,300000000000000000017857,4,-57,865.7,192.168.0.10
1579699412675545,300000000000000000017882,4,-58.5,865.7,192.168.0.10
1579699412769269,300000000000000000017882,2,-56,865.7,192.168.0.10
1579699412790189,300000000000000000017882,2,-56,865.7,192.168.0.10
1579699412825025,245390003868,3,-62,865.7,192.168.0.10
1579699412827026,30000000000000000001785C,3,-54.5,865.7,192.168.0.10
1579699412854024,30000000000000000001785C,3,-55,865.7,192.168.0.10
1579699412856644,245390003868,3,-61.5,865.7,192.168.0.10
1579699412891411,300000000000000000017857,4,-57,865.7,192.168.0.10
1579699412892947,30000000000000000001785D,4,-60,865.7,192.168.0.10
1579699412895588,300000000000000000017882,4,-58,865.7,192.168.0.10
1579699412921711,30000000000000000001785D,4,-60,865.7,192.168.0.10
1579699412923177,300000000000000000017857,4,-57,865.7,192.168.0.10
1579699412925386,300000000000000000017882,4,-57.5,865.7,192.168.0.10
1579699413017733,300000000000000000017882,2,-56,865.7,192.168.0.10
1579699413041111,300000000000000000017882,2,-56,865.7,192.168.0.10
1579699413073776,30000000000000000001785C,3,-55,865.7,192.168.0.10
1579699413075635,245390003868,3,-61.5,865.7,192.168.0.10
1579699413104679,245390003868,3,-61,865.7,192.168.0.10
1579699413106071,30000000000000000001785C,3,-55,865.7,192.168.0.10
1579699413139525,300000000000000000017857,4,-57,865.7,192.168.0.10
1579699413141943,30000000000000000001785D,4,-60,865.7,192.168.0.10
1579699413143039,300000000000000000017882,4,-58,865.7,192.168.0.10
1579699413170300,30000000000000000001785D,4,-60,865.7,192.168.0.10
1579699413172461,300000000000000000017857,4,-57.5,865.7,192.168.0.10
1579699413175197,300000000000000000017882,4,-58,865.7,192.168.0.10
1579699413261886,300000000000000000017882,2,-56,865.7,192.168.0.10
1579699413291405,300000000000000000017882,2,-55.5,865.7,192.168.0.10
1579699413322552,30000000000000000001785C,3,-55,865.7,192.168.0.10
1579699413327589,245390003868,3,-61.5,865.7,192.168.0.10
1579699413353035,245390003868,3,-61.5,865.7,192.168.0.10
1579699413355013,30000000000000000001785C,3,-55,865.7,192.168.0.10
1579699413390893,300000000000000000017882,4,-58,865.7,192.168.0.10
1579699413392354,300000000000000000017857,4,-57.5,865.7,192.168.0.10
1579699413394335,30000000000000000001785D,4,-60,865.7,192.168.0.10
1579699413418741,300000000000000000017882,4,-58,865.7,192.168.0.10
1579699413420134,300000000000000000017857,4,-57,865.7,192.168.0.10
1579699413424426,30000000000000000001785D,4,-60.5,865.7,192.168.0.10
1579699413475218,300000000000000000017882,1,-63,865.7,192.168.0.10
1579699413555364,300000000000000000017882,2,-55.5,865.7,192.168.0.10
1579699413589874,30000000000000000001785C,3,-54.5,865.7,192.168.0.10
1579699413592721,245390003868,3,-61,865.7,192.168.0.10
1579699413617360,245390003868,3,-61,865.7,192.168.0.10
1579699413618779,30000000000000000001785C,3,-54.5,865.7,192.168.0.10
1579699413655163,30000000000000000001785D,4,-60.5,865.7,192.168.0.10
1579699413658495,300000000000000000017857,4,-57,865.7,192.168.0.10
1579699413659620,300000000000000000017882,4,-58,865.7,192.168.0.10
1579699413686206,300000000000000000017882,4,-58,865.7,192.168.0.10
1579699413687671,300000000000000000017857,4,-57,865.7,192.168.0.10
1579699413689033,30000000000000000001785D,4,-60.5,865.7,192.168.0.10
1579699413747409,300000000000000000017882,1,-63,865.7,192.168.0.10
1579699413776832,300000000000000000017882,1,-63,865.7,192.168.0.10
1579699413811303,300000000000000000017882,2,-55.5,865.7,192.168.0.10
1579699413839759,300000000000000000017882,2,-55.5,865.7,192.168.0.10
1579699413872249,30000000000000000001785C,3,-55,865.7,192.168.0.10
1579699413876080,245390003868,3,-61,865.7,192.168.0.10
1579699413902861,30000000000000000001785C,3,-55,865.7,192.168.0.10
1579699413903937,245390003868,3,-61.5,865.7,192.168.0.10
1579699413939532,300000000000000000017857,4,-56.5,865.7,192.168.0.10
1579699413942177,300000000000000000017882,4,-58,865.7,192.168.0.10
1579699413943284,30000000000000000001785D,4,-60.5,865.7,192.168.0.10
1579699413969361,300000000000000000017857,4,-57,865.7,192.168.0.10
1579699413971098,300000000000000000017882,4,-57.5,865.7,192.168.0.10
1579699413972436,30000000000000000001785D,4,-60.5,865.7,192.168.0.10
1579699414029092,300000000000000000017882,1,-63.5,865.7,192.168.0.10
1579699414118779,300000000000000000017882,2,-55.5,865.7,192.168.0.10
1579699414152822,245390003868,3,-61,865.7,192.168.0.10
1579699414155346,30000000000000000001785C,3,-55,865.7,192.168.0.10
1579699414180544,30000000000000000001785C,3,-55,865.7,192.168.0.10
1579699414183205,245390003868,3,-61,865.7,192.168.0.10
1579699414216108,300000000000000000017857,4,-57,865.7,192.168.0.10
1579699414218019,300000000000000000017882,4,-58,865.7,192.168.0.10
1579699414220951,30000000000000000001785D,4,-60.5,865.7,192.168.0.10
1579699414247140,300000000000000000017882,4,-58,865.7,192.168.0.10
1579699414249821,30000000000000000001785D,4,-60.5,865.7,192.168.0.10
1579699414250972,300000000000000000017857,4,-56.5,865.7,192.168.0.10
1579699414441599,300000000000000000017882,2,-55.5,865.7,192.168.0.10
1579699414465481,300000000000000000017882,2,-55.5,865.7,192.168.0.10
1579699414500909,245390003868,3,-61,865.7,192.168.0.10
1579699414503414,30000000000000000001785C,3,-55,865.7,192.168.0.10
1579699414531300,30000000000000000001785C,3,-55,865.7,192.168.0.10
1579699414533491,245390003868,3,-61,865.7,192.168.0.10
1579699414564992,30000000000000000001785D,4,-60.5,865.7,192.168.0.10
1579699414566083,300000000000000000017857,4,-57,865.7,192.168.0.10
1579699414569377,300000000000000000017882,4,-58,865.7,192.168.0.10
1579699414595410,30000000000000000001785D,4,-60.5,865.7,192.168.0.10
1579699414598143,300000000000000000017857,4,-57,865.7,192.168.0.10
1579699414600150,300000000000000000017882,4,-58,865.7,192.168.0.10
1579699414698911,300000000000000000017882,2,-55.5,865.7,192.168.0.10
1579699414727612,300000000000000000017882,2,-55.5,865.7,192.168.0.10
1579699414762135,245390003868,3,-61,865.7,192.168.0.10
1579699414765004,30000000000000000001785C,3,-55,865.7,192.168.0.10
1579699414788849,30000000000000000001785C,3,-55.5,865.7,192.168.0.10
1579699414793221,245390003868,3,-61.5,865.7,192.168.0.10
1579699414827584,300000000000000000017857,4,-57,865.7,192.168.0.10
1579699414829908,300000000000000000017882,4,-58,865.7,192.168.0.10
1579699414831502,30000000000000000001785D,4,-60,865.7,192.168.0.10
1579699414858589,300000000000000000017857,4,-57,865.7,192.168.0.10
1579699414874136,300000000000000000017882,4,-58.5,865.7,192.168.0.10
1579699414890680,30000000000000000001785D,4,-60.5,865.7,192.168.0.10
1579699414983401,300000000000000000017882,2,-55.5,865.7,192.168.0.10
1579699415012989,300000000000000000017882,2,-55.5,865.7,192.168.0.10
1579699415048106,245390003868,3,-61,865.7,192.168.0.10
1579699415050339,30000000000000000001785C,3,-55,865.7,192.168.0.10
1579699415077711,245390003868,3,-61,865.7,192.168.0.10
1579699415079165,30000000000000000001785C,3,-55,865.7,192.168.0.10
1579699415111949,300000000000000000017882,4,-58,865.7,192.168.0.10
1579699415116640,300000000000000000017857,4,-57.5,865.7,192.168.0.10
1579699415118246,30000000000000000001785D,4,-60,865.7,192.168.0.10
1579699415142486,300000000000000000017882,4,-58,865.7,192.168.0.10
1579699415145723,300000000000000000017857,4,-57,865.7,192.168.0.10
1579699415147729,30000000000000000001785D,4,-60,865.7,192.168.0.10
1579699415247483,300000000000000000017882,2,-55.5,865.7,192.168.0.10
1579699415275000,300000000000000000017882,2,-55.5,865.7,192.168.0.10
1579699415302820,245390003868,3,-61,865.7,192.168.0.10
1579699415305287,30000000000000000001785C,3,-55.5,865.7,192.168.0.10
1579699415332156,30000000000000000001785C,3,-55,865.7,192.168.0.10
1579699415334232,245390003868,3,-61,865.7,192.168.0.10
1579699415365910,300000000000000000017857,4,-57,865.7,192.168.0.10
1579699415368895,300000000000000000017882,4,-57.5,865.7,192.168.0.10
1579699415371423,30000000000000000001785D,4,-60.5,865.7,192.168.0.10
1579699415398287,300000000000000000017882,4,-58,865.7,192.168.0.10
1579699415400336,30000000000000000001785D,4,-60,865.7,192.168.0.10
1579699415401431,300000000000000000017857,4,-57,865.7,192.168.0.10
1579699415449577,300000000000000000017882,1,-63.5,865.7,192.168.0.10
1579699415489048,300000000000000000017882,1,-63.5,865.7,192.168.0.10
1579699415520795,300000000000000000017882,2,-55.5,865.7,192.168.0.10
1579699415546812,300000000000000000017882,2,-55.5,865.7,192.168.0.10
1579699415581698,245390003868,3,-61.5,865.7,192.168.0.10
1579699415586625,30000000000000000001785C,3,-55,865.7,192.168.0.10
1579699415613108,245390003868,3,-61,865.7,192.168.0.10
1579699415614576,30000000000000000001785C,3,-55.5,865.7,192.168.0.10
1579699415650035,300000000000000000017857,4,-56.5,865.7,192.168.0.10
1579699415652409,300000000000000000017882,4,-58,865.7,192.168.0.10
1579699415653986,30000000000000000001785D,4,-60,865.7,192.168.0.10
1579699415672743,300000000000000000017857,4,-56.5,865.7,192.168.0.10
1579699415674238,30000000000000000001785D,4,-60,865.7,192.168.0.10
1579699415676945,300000000000000000017882,4,-57.5,865.7,192.168.0.10
1579699415724155,300000000000000000017882,1,-63.5,865.7,192.168.0.10
1579699415808716,300000000000000000017882,2,-55.5,865.7,192.168.0.10
1579699415842411,245390003868,3,-61.5,865.7,192.168.0.10
1579699415844368,30000000000000000001785C,3,-55,865.7,192.168.0.10
1579699415869062,245390003868,3,-61,865.7,192.168.0.10
1579699415873594,30000000000000000001785C,3,-55,865.7,192.168.0.10
1579699415908480,30000000000000000001785D,4,-60,865.7,192.168.0.10
1579699415910469,300000000000000000017857,4,-57,865.7,192.168.0.10
1579699415911582,300000000000000000017882,4,-57.5,865.7,192.168.0.10
1579699415937803,300000000000000000017857,4,-57,865.7,192.168.0.10
1579699415940073,300000000000000000017882,4,-58,865.7,192.168.0.10
1579699415942353,30000000000000000001785D,4,-60.5,865.7,192.168.0.10
1579699416036751,300000000000000000017882,2,-55.5,865.7,192.168.0.10
1579699416066360,300000000000000000017882,2,-55.5,865.7,192.168.0.10
1579699416103710,30000000000000000001785C,3,-55,865.7,192.168.0.10
1579699416105300,245390003868,3,-60.5,865.7,192.168.0.10
1579699416130762,245390003868,3,-61,865.7,192.168.0.10
1579699416132102,30000000000000000001785C,3,-54.5,865.7,192.168.0.10
1579699416161894,30000000000000000001785D,4,-60.5,865.7,192.168.0.10
1579699416164729,300000000000000000017882,4,-57.5,865.7,192.168.0.10
1579699416166062,300000000000000000017857,4,-57,865.7,192.168.0.10
1579699416193303,30000000000000000001785D,4,-60,865.7,192.168.0.10
1579699416194699,300000000000000000017882,4,-58,865.7,192.168.0.10
1579699416196090,300000000000000000017857,4,-57,865.7,192.168.0.10
1579699416247483,300000000000000000017882,1,-63,865.7,192.168.0.10
1579699416288991,300000000000000000017882,1,-63,865.7,192.168.0.10
1579699416318655,300000000000000000017882,2,-55.5,865.7,192.168.0.10
1579699416345966,300000000000000000017882,2,-55.5,865.7,192.168.0.10
1579699416380498,30000000000000000001785C,3,-54.5,865.7,192.168.0.10
1579699416382300,245390003868,3,-61,865.7,192.168.0.10
1579699416410818,30000000000000000001785C,3,-54.5,865.7,192.168.0.10
1579699416412935,245390003868,3,-61,865.7,192.168.0.10
1579699416444843,300000000000000000017882,4,-58,865.7,192.168.0.10
1579699416446065,30000000000000000001785D,4,-60.5,865.7,192.168.0.10
1579699416447671,300000000000000000017857,4,-57,865.7,192.168.0.10
1579699416476166,300000000000000000017857,4,-57,865.7,192.168.0.10
1579699416478361,300000000000000000017882,4,-58,865.7,192.168.0.10
1579699416481468,30000000000000000001785D,4,-60,865.7,192.168.0.10
1579699416533964,300000000000000000017882,1,-63,865.7,192.168.0.10
1579699416575323,300000000000000000017882,1,-63,865.7,192.168.0.10
1579699416602561,300000000000000000017882,2,-55.5,865.7,192.168.0.10
1579699416627226,300000000000000000017882,2,-55.5,865.7,192.168.0.10
1579699416657447,245390003868,3,-61.5,865.7,192.168.0.10
1579699416659013,30000000000000000001785C,3,-55,865.7,192.168.0.10
1579699416681557,30000000000000000001785C,3,-55,865.7,192.168.0.10
1579699416682874,245390003868,3,-61,865.7,192.168.0.10
1579699416718380,300000000000000000017857,4,-57,865.7,192.168.0.10
1579699416720331,300000000000000000017882,4,-58,865.7,192.168.0.10
1579699416721925,30000000000000000001785D,4,-60.5,865.7,192.168.0.10
1579699416745847,30000000000000000001785D,4,-60,865.7,192.168.0.10
1579699416749593,300000000000000000017882,4,-58,865.7,192.168.0.10
1579699416751216,300000000000000000017857,4,-57,865.7,192.168.0.10
1579699416807693,300000000000000000017882,1,-63,865.7,192.168.0.10
1579699416841906,300000000000000000017882,1,-63,865.7,192.168.0.10
1579699416869065,300000000000000000017882,2,-55.5,865.7,192.168.0.10
1579699416894424,300000000000000000017882,2,-55.5,865.7,192.168.0.10
1579699416928601,245390003868,3,-61.5,865.7,192.168.0.10
1579699416931866,30000000000000000001785C,3,-54.5,865.7,192.168.0.10
1579699416956920,30000000000000000001785C,3,-54.5,865.7,192.168.0.10
1579699416961124,245390003868,3,-61,865.7,192.168.0.10
1579699416993925,300000000000000000017882,4,-57.5,865.7,192.168.0.10
1579699416995390,30000000000000000001785D,4,-60,865.7,192.168.0.10
1579699416996723,300000000000000000017857,4,-57,865.7,192.168.0.10
1579699417026513,300000000000000000017857,4,-57,865.7,192.168.0.10
1579699417027847,30000000000000000001785D,4,-60.5,865.7,192.168.0.10
1579699417029643,300000000000000000017882,4,-57.5,865.7,192.168.0.10
1579699417078599,300000000000000000017882,1,-63,865.7,192.168.0.10
1579699417116398,300000000000000000017882,1,-63,865.7,192.168.0.10
1579699417146320,300000000000000000017882,2,-55.5,865.7,192.168.0.10
1579699417169016,300000000000000000017882,2,-56,865.7,192.168.0.10
1579699417206237,30000000000000000001785C,3,-55,865.7,192.168.0.10
1579699417208100,245390003868,3,-61,865.7,192.168.0.10
1579699417234455,30000000000000000001785C,3,-55,865.7,192.168.0.10
1579699417235946,245390003868,3,-61.5,865.7,192.168.0.10
1579699417272110,300000000000000000017882,4,-57.5,865.7,192.168.0.10
1579699417273561,30000000000000000001785D,4,-60,865.7,192.168.0.10
1579699417274709,300000000000000000017857,4,-57,865.7,192.168.0.10
1579699417304014,300000000000000000017857,4,-57.5,865.7,192.168.0.10
1579699417305973,30000000000000000001785D,4,-60,865.7,192.168.0.10
1579699417307495,300000000000000000017882,4,-57.5,865.7,192.168.0.10
1579699417355387,300000000000000000017882,1,-62.5,865.7,192.168.0.10
1579699417391231,300000000000000000017882,1,-62.5,865.7,192.168.0.10
1579699417422102,300000000000000000017882,2,-55.5,865.7,192.168.0.10
1579699417453461,300000000000000000017882,2,-55.5,865.7,192.168.0.10
1579699417489793,30000000000000000001785C,3,-55,865.7,192.168.0.10
1579699417490742,245390003868,3,-61,865.7,192.168.0.10
1579699417517496,30000000000000000001785C,3,-54.5,865.7,192.168.0.10
1579699417518701,245390003868,3,-61,865.7,192.168.0.10
1579699417555332,30000000000000000001785D,4,-60,865.7,192.168.0.10
1579699417556483,300000000000000000017857,4,-57,865.7,192.168.0.10
1579699417557824,300000000000000000017882,4,-57.5,865.7,192.168.0.10
1579699417583114,30000000000000000001785D,4,-60.5,865.7,192.168.0.10
1579699417587056,300000000000000000017882,4,-58,865.7,192.168.0.10
1579699417589262,300000000000000000017857,4,-57,865.7,192.168.0.10
1579699417635807,300000000000000000017882,1,-63,865.7,192.168.0.10
1579699417721137,300000000000000000017882,2,-56,865.7,192.168.0.10
1579699417752536,245390003868,3,-62,865.7,192.168.0.10
1579699417754472,30000000000000000001785C,3,-55,865.7,192.168.0.10
1579699417782609,245390003868,3,-62,865.7,192.168.0.10
1579699417786217,30000000000000000001785C,3,-55,865.7,192.168.0.10
1579699417819260,30000000000000000001785D,4,-60.5,865.7,192.168.0.10
1579699417821516,300000000000000000017882,4,-57.5,865.7,192.168.0.10
1579699417823263,300000000000000000017857,4,-57,865.7,192.168.0.10
1579699417850544,300000000000000000017882,4,-57.5,865.7,192.168.0.10
1579699417853062,300000000000000000017857,4,-57,865.7,192.168.0.10
1579699417854525,30000000000000000001785D,4,-60.5,865.7,192.168.0.10
1579699417904168,300000000000000000017882,1,-62.5,865.7,192.168.0.10
1579699417945385,300000000000000000017882,1,-62.5,865.7,192.168.0.10
1579699417974127,300000000000000000017882,2,-56,865.7,192.168.0.10
1579699418001079,300000000000000000017882,2,-56,865.7,192.168.0.10
1579699418035909,245390003868,3,-61,865.7,192.168.0.10
1579699418037919,30000000000000000001785C,3,-54.5,865.7,192.168.0.10
1579699418065083,30000000000000000001785C,3,-55,865.7,192.168.0.10
1579699418066944,245390003868,3,-61,865.7,192.168.0.10
1579699418102759,30000000000000000001785D,4,-60.5,865.7,192.168.0.10
1579699418104751,300000000000000000017857,4,-57.5,865.7,192.168.0.10
1579699418106233,300000000000000000017882,4,-58.5,865.7,192.168.0.10
1579699418130572,30000000000000000001785D,4,-60.5,865.7,192.168.0.10
1579699418132564,300000000000000000017857,4,-57.5,865.7,192.168.0.10
1579699418135080,300000000000000000017882,4,-58.5,865.7,192.168.0.10
1579699418340576,300000000000000000017882,2,-56.5,865.7,192.168.0.10
1579699418369695,300000000000000000017882,2,-56,865.7,192.168.0.10
1579699418405746,245390003868,3,-61,865.7,192.168.0.10
1579699418407327,30000000000000000001785C,3,-55,865.7,192.168.0.10
1579699418437307,245390003868,3,-61.5,865.7,192.168.0.10
1579699418463309,30000000000000000001785C,3,-56.5,865.7,192.168.0.10
1579699418480964,300000000000000000017857,4,-57.5,865.7,192.168.0.10
1579699418483511,30000000000000000001785D,4,-60,865.7,192.168.0.10
1579699418485961,300000000000000000017882,4,-58,865.7,192.168.0.10
1579699418510283,300000000000000000017857,4,-57.5,865.7,192.168.0.10
1579699418511838,300000000000000000017882,4,-58,865.7,192.168.0.10
1579699418515927,30000000000000000001785D,4,-60,865.7,192.168.0.10
1579699418610259,300000000000000000017882,2,-56,865.7,192.168.0.10
1579699418634815,300000000000000000017882,2,-56.5,865.7,192.168.0.10
1579699418671155,245390003868,3,-60.5,865.7,192.168.0.10
1579699418684400,30000000000000000001785C,3,-56,865.7,192.168.0.10
1579699418707780,245390003868,3,-61.5,865.7,192.168.0.10
1579699418711258,30000000000000000001785C,3,-55,865.7,192.168.0.10
1579699418741985,300000000000000000017857,4,-57.5,865.7,192.168.0.10
1579699418746674,300000000000000000017882,4,-57.5,865.7,192.168.0.10
1579699418747723,30000000000000000001785D,4,-60,865.7,192.168.0.10
1579699418772119,300000000000000000017857,4,-57,865.7,192.168.0.10
1579699418776678,300000000000000000017882,4,-57.5,865.7,192.168.0.10
1579699418778197,30000000000000000001785D,4,-60,865.7,192.168.0.10
1579699418874101,300000000000000000017882,2,-55.5,865.7,192.168.0.10
1579699418900600,300000000000000000017882,2,-56,865.7,192.168.0.10
1579699418938090,245390003868,3,-61,865.7,192.168.0.10
1579699418939185,30000000000000000001785C,3,-55,865.7,192.168.0.10
1579699418968203,245390003868,3,-61,865.7,192.168.0.10
1579699418970441,30000000000000000001785C,3,-55.5,865.7,192.168.0.10
1579699419003719,30000000000000000001785D,4,-60,865.7,192.168.0.10
1579699419004882,300000000000000000017857,4,-57.5,865.7,192.168.0.10
1579699419007988,300000000000000000017882,4,-57.5,865.7,192.168.0.10
1579699419034817,300000000000000000017857,4,-57,865.7,192.168.0.10
1579699419037016,300000000000000000017882,4,-57.5,865.7,192.168.0.10
1579699419039850,30000000000000000001785D,4,-59.5,865.7,192.168.0.10
1579699419135123,300000000000000000017882,2,-56,865.7,192.168.0.10
1579699419165925,300000000000000000017882,2,-56,865.7,192.168.0.10
1579699419200440,30000000000000000001785C,3,-55,865.7,192.168.0.10
1579699419203465,245390003868,3,-61.5,865.7,192.168.0.10
1579699419222286,30000000000000000001785C,3,-55,865.7,192.168.0.10
1579699419224932,245390003868,3,-61,865.7,192.168.0.10
1579699419258992,300000000000000000017857,4,-58,865.7,192.168.0.10
1579699419260685,30000000000000000001785D,4,-60,865.7,192.168.0.10
1579699419263281,300000000000000000017882,4,-58,865.7,192.168.0.10
1579699419287070,300000000000000000017882,4,-57.5,865.7,192.168.0.10
1579699419291727,30000000000000000001785D,4,-60,865.7,192.168.0.10
1579699419292879,300000000000000000017857,4,-58,865.7,192.168.0.10
1579699419351822,300000000000000000017882,1,-63,865.7,192.168.0.10
1579699419416307,300000000000000000017882,2,-55.5,865.7,192.168.0.10
1579699419447778,245390003868,3,-61.5,865.7,192.168.0.10
1579699419463356,30000000000000000001785C,3,-56.5,865.7,192.168.0.10
1579699419487584,245390003868,3,-61,865.7,192.168.0.10
1579699419508818,30000000000000000001785C,3,-56.5,865.7,192.168.0.10
1579699419531306,300000000000000000017857,4,-57,865.7,192.168.0.10
1579699419534197,300000000000000000017882,4,-57.5,865.7,192.168.0.10
1579699419535292,30000000000000000001785D,4,-60,865.7,192.168.0.10
1579699419564153,30000000000000000001785D,4,-59.5,865.7,192.168.0.10
1579699419565592,300000000000000000017882,4,-57.5,865.7,192.168.0.10
1579699419566700,300000000000000000017857,4,-57.5,865.7,192.168.0.10
1579699419622015,300000000000000000017882,1,-63,865.7,192.168.0.10
1579699419664814,300000000000000000017882,1,-63,865.7,192.168.0.10
1579699419689563,300000000000000000017882,2,-56,865.7,192.168.0.10
1579699419717663,300000000000000000017882,2,-55.5,865.7,192.168.0.10
1579699419753776,245390003868,3,-60.5,865.7,192.168.0.10
1579699419767883,30000000000000000001785C,3,-57,865.7,192.168.0.10
1579699419792473,245390003868,3,-60.5,865.7,192.168.0.10
1579699419811476,30000000000000000001785C,3,-57.5,865.7,192.168.0.10
1579699419836983,30000000000000000001785D,4,-59.5,865.7,192.168.0.10
1579699419840985,300000000000000000017857,4,-56.5,865.7,192.168.0.10
1579699419843807,300000000000000000017882,4,-57.5,865.7,192.168.0.10
1579699419860995,3000000000000000000178BC,4,-56.5,865.7,192.168.0.10
1579699419883707,300000000000000000017882,4,-58,865.7,192.168.0.10
1579699419900317,30000000000000000001785D,4,-59,865.7,192.168.0.10
1579699419910423,300000000000000000017857,4,-58,865.7,192.168.0.10
1579699419919966,3000000000000000000178BC,4,-55.5,865.7,192.168.0.10
1579699419990160,300000000000000000017882,2,-55.5,865.7,192.168.0.10
1579699420016037,300000000000000000017882,2,-55.5,865.7,192.168.0.10
1579699420041480,30000000000000000001785C,3,-55,865.7,192.168.0.10
1579699420043327,245390003868,3,-60.5,865.7,192.168.0.10
1579699420074864,245390003868,3,-61,865.7,192.168.0.10
1579699420076015,30000000000000000001785C,3,-55,865.7,192.168.0.10
1579699420108624,30000000000000000001785D,4,-60.5,865.7,192.168.0.10
1579699420110888,300000000000000000017857,4,-58.5,865.7,192.168.0.10
1579699420112212,300000000000000000017882,4,-57.5,865.7,192.168.0.10
1579699420139150,300000000000000000017857,4,-59,865.7,192.168.0.10
1579699420140886,30000000000000000001785D,4,-60,865.7,192.168.0.10
1579699420142623,300000000000000000017882,4,-58.5,865.7,192.168.0.10
1579699420202765,300000000000000000017882,1,-62.5,865.7,192.168.0.10
1579699420230176,300000000000000000017882,1,-63,865.7,192.168.0.10
1579699420262408,300000000000000000017882,2,-56,865.7,192.168.0.10
1579699420289987,300000000000000000017882,2,-56,865.7,192.168.0.10
1579699420316306,3000000000000000000178BC,2,-55.5,865.7,192.168.0.10
1579699420336292,30000000000000000001785C,3,-55,865.7,192.168.0.10
1579699420338297,245390003868,3,-59.5,865.7,192.168.0.10
1579699420362426,245390003868,3,-59.5,865.7,192.168.0.10
1579699420364850,30000000000000000001785C,3,-55,865.7,192.168.0.10
1579699420398528,30000000000000000001785D,4,-60,865.7,192.168.0.10
1579699420400492,300000000000000000017857,4,-57,865.7,192.168.0.10
1579699420402117,3000000000000000000178BC,4,-54,865.7,192.168.0.10
1579699420406008,30000000000000000001785E,4,-56,865.7,192.168.0.10
1579699420407136,300000000000000000017882,4,-57.5,865.7,192.168.0.10
1579699420435424,300000000000000000017857,4,-57,865.7,192.168.0.10
1579699420438017,300000000000000000017882,4,-57.5,865.7,192.168.0.10
1579699420439336,30000000000000000001785D,4,-60,865.7,192.168.0.10
1579699420440512,30000000000000000001785E,4,-56.5,865.7,192.168.0.10
1579699420442382,3000000000000000000178BC,4,-53.5,865.7,192.168.0.10
1579699420493120,300000000000000000017882,1,-62,865.7,192.168.0.10
1579699420532697,300000000000000000017882,1,-62.5,865.7,192.168.0.10
1579699420558012,3000000000000000000178BC,2,-52.5,865.7,192.168.0.10
1579699420562045,300000000000000000017882,2,-55.5,865.7,192.168.0.10
1579699420589798,3000000000000000000178BC,2,-53,865.7,192.168.0.10
1579699420592120,300000000000000000017882,2,-55.5,865.7,192.168.0.10
1579699420623831,245390003868,3,-58.5,865.7,192.168.0.10
1579699420625667,300000000000000000017885,3,-57,865.7,192.168.0.10
1579699420644501,30000000000000000001785C,3,-56,865.7,192.168.0.10
1579699420666964,300000000000000000017885,3,-56.5,865.7,192.168.0.10
1579699420669308,245390003868,3,-59,865.7,192.168.0.10
1579699420691132,30000000000000000001785C,3,-56.5,865.7,192.168.0.10
1579699420714866,3000000000000000000178BC,4,-53.5,865.7,192.168.0.10
1579699420716004,300000000000000000017857,4,-59,865.7,192.168.0.10
1579699420717357,300000000000000000017882,4,-58,865.7,192.168.0.10
1579699420718449,30000000000000000001785D,4,-59.5,865.7,192.168.0.10
1579699420720561,30000000000000000001785E,4,-54.5,865.7,192.168.0.10
1579699420739604,300000000000000000017885,4,-65,865.7,192.168.0.10
1579699420757993,300000000000000000017882,4,-58.5,865.7,192.168.0.10
1579699420761174,30000000000000000001785E,4,-55.5,865.7,192.168.0.10
1579699420762298,3000000000000000000178BC,4,-54.5,865.7,192.168.0.10
1579699420763405,30000000000000000001785D,4,-60,865.7,192.168.0.10
1579699420767459,300000000000000000017857,4,-59.5,865.7,192.168.0.10
1579699420821662,300000000000000000017882,1,-63,865.7,192.168.0.10
1579699420876184,30000000000000000001785C,2,-57.5,865.7,192.168.0.10
1579699420890183,300000000000000000017882,2,-55.5,865.7,192.168.0.10
1579699420911105,30000000000000000001785C,2,-58,865.7,192.168.0.10
1579699420938371,30000000000000000001785C,3,-55,865.7,192.168.0.10
1579699420939547,30000000000000000001785E,3,-55.5,865.7,192.168.0.10
1579699420941142,300000000000000000017884,3,-55,865.7,192.168.0.10
1579699420944544,245390003868,3,-61,865.7,192.168.0.10
1579699420973377,30000000000000000001785E,3,-55.5,865.7,192.168.0.10
1579699420974508,245390003868,3,-61.5,865.7,192.168.0.10
1579699420975648,30000000000000000001785C,3,-54.5,865.7,192.168.0.10
1579699420977002,300000000000000000017884,3,-54,865.7,192.168.0.10
1579699420996368,300000000000000000017885,3,-59.5,865.7,192.168.0.10
1579699421021579,30000000000000000001785D,4,-59,865.7,192.168.0.10
1579699421025112,300000000000000000017884,4,-56,865.7,192.168.0.10
1579699421027337,300000000000000000017882,4,-56,865.7,192.168.0.10
1579699421028690,3000000000000000000178BC,4,-54,865.7,192.168.0.10
1579699421048683,30000000000000000001785E,4,-58,865.7,192.168.0.10
1579699421065075,30000000000000000001785D,4,-59,865.7,192.168.0.10
1579699421066400,300000000000000000017882,4,-57,865.7,192.168.0.10
1579699421067553,300000000000000000017884,4,-56,865.7,192.168.0.10
1579699421072029,3000000000000000000178BC,4,-54,865.7,192.168.0.10
1579699421074499,30000000000000000001785E,4,-56.5,865.7,192.168.0.10
1579699421110253,3000000000000000000178BC,1,-55.5,865.7,192.168.0.10
1579699421131014,300000000000000000017861,1,-57.5,865.7,192.168.0.10
1579699421148571,3000000000000000000178BC,1,-54.5,865.7,192.168.0.10
1579699421150441,300000000000000000017861,1,-55,865.7,192.168.0.10
1579699421188966,3000000000000000000178BC,2,-51.5,865.7,192.168.0.10
1579699421190108,30000000000000000001785E,2,-54,865.7,192.168.0.10
1579699421191220,300000000000000000017882,2,-54.5,865.7,192.168.0.10
1579699421192644,300000000000000000017884,2,-54,865.7,192.168.0.10
1579699421202822,30000000000000000001785D,2,-63.5,865.7,192.168.0.10
1579699421211446,245390003869,2,-62,865.7,192.168.0.10
1579699421223607,30000000000000000001785E,2,-54,865.7,192.168.0.10
1579699421225588,3000000000000000000178BC,2,-50.5,865.7,192.168.0.10
1579699421227769,300000000000000000017882,2,-55.5,865.7,192.168.0.10
1579699421229506,300000000000000000017884,2,-53.5,865.7,192.168.0.10
1579699421256281,30000000000000000001785D,2,-63.5,865.7,192.168.0.10
1579699421274116,245390003868,3,-61,865.7,192.168.0.10
1579699421278715,300000000000000000017884,3,-54.5,865.7,192.168.0.10
1579699421280059,30000000000000000001785E,3,-55,865.7,192.168.0.10
1579699421292980,300000000000000000017885,3,-58,865.7,192.168.0.10
1579699421305998,3000000000000000000178BC,3,-58,865.7,192.168.0.10
1579699421326738,245390003868,3,-60.5,865.7,192.168.0.10
1579699421330261,300000000000000000017884,3,-54,865.7,192.168.0.10
1579699421331863,30000000000000000001785E,3,-55.5,865.7,192.168.0.10
1579699421342511,3000000000000000000178BC,3,-56.5,865.7,192.168.0.10
1579699421362396,300000000000000000017885,3,-57.5,865.7,192.168.0.10
1579699421381239,3000000000000000000178BC,4,-53,865.7,192.168.0.10
1579699421382367,30000000000000000001785E,4,-53.5,865.7,192.168.0.10
1579699421385572,30000000000000000001785D,4,-60,865.7,192.168.0.10
1579699421387769,300000000000000000017884,4,-55.5,865.7,192.168.0.10
1579699421389989,300000000000000000017882,4,-58.5,865.7,192.168.0.10
1579699421412804,300000000000000000017885,4,-61,865.7,192.168.0.10
1579699421425310,30000000000000000001785D,4,-60,865.7,192.168.0.10
1579699421427518,300000000000000000017882,4,-58,865.7,192.168.0.10
1579699421429313,3000000000000000000178BC,4,-54.5,865.7,192.168.0.10
1579699421430399,30000000000000000001785E,4,-53,865.7,192.168.0.10
1579699421432911,300000000000000000017884,4,-55,865.7,192.168.0.10
1579699421444357,300000000000000000017885,4,-61,865.7,192.168.0.10
1579699421477884,3000000000000000000178BC,1,-50.5,865.7,192.168.0.10
1579699421480497,300000000000000000017861,1,-54.5,865.7,192.168.0.10
1579699421500703,300000000000000000017882,1,-62.5,865.7,192.168.0.10
1579699421518849,300000000000000000017861,1,-54,865.7,192.168.0.10
1579699421521040,3000000000000000000178BC,1,-50.5,865.7,192.168.0.10
1579699421524090,245390003869,1,-59,865.7,192.168.0.10
1579699421541320,300000000000000000017882,1,-61,865.7,192.168.0.10
1579699421566393,3000000000000000000178BC,2,-51.5,865.7,192.168.0.10
1579699421569044,300000000000000000017882,2,-54.5,865.7,192.168.0.10
1579699421573799,30000000000000000001785E,2,-51,865.7,192.168.0.10
1579699421592656,300000000000000000017884,2,-57.5,865.7,192.168.0.10
1579699421603913,300000000000000000017861,2,-58.5,865.7,192.168.0.10
1579699421618744,300000000000000000017884,2,-55.5,865.7,192.168.0.10
1579699421620981,3000000000000000000178BC,2,-52,865.7,192.168.0.10
1579699421622363,30000000000000000001785E,2,-50.5,865.7,192.168.0.10
1579699421623486,300000000000000000017882,2,-55.5,865.7,192.168.0.10
1579699421633173,300000000000000000017861,2,-58,865.7,192.168.0.10
1579699421658139,300000000000000000017884,3,-55.5,865.7,192.168.0.10
1579699421659303,245390003868,3,-59.5,865.7,192.168.0.10
1579699421662761,300000000000000000017885,3,-55.5,865.7,192.168.0.10
1579699421664731,30000000000000000001785E,3,-52,865.7,192.168.0.10
1579699421691619,300000000000000000017885,3,-55.5,865.7,192.168.0.10
1579699421694613,300000000000000000017884,3,-55.5,865.7,192.168.0.10
1579699421696526,30000000000000000001785E,3,-51.5,865.7,192.168.0.10
1579699421697458,245390003868,3,-60,865.7,192.168.0.10
1579699421725021,300000000000000000017884,4,-55,865.7,192.168.0.10
1579699421727507,30000000000000000001785E,4,-54.5,865.7,192.168.0.10
1579699421728989,300000000000000000017882,4,-57,865.7,192.168.0.10
1579699421731324,3000000000000000000178BC,4,-55.5,865.7,192.168.0.10
1579699421746549,30000000000000000001785D,4,-64,865.7,192.168.0.10
1579699421757708,300000000000000000017885,4,-58.5,865.7,192.168.0.10
1579699421769259,300000000000000000017857,4,-63.5,865.7,192.168.0.10
1579699421776076,300000000000000000017882,4,-56.5,865.7,192.168.0.10
1579699421779887,3000000000000000000178BC,4,-55,865.7,192.168.0.10
1579699421781498,30000000000000000001785E,4,-55.5,865.7,192.168.0.10
1579699421782645,300000000000000000017885,4,-58,865.7,192.168.0.10
1579699421802503,300000000000000000017884,4,-56.5,865.7,192.168.0.10
1579699421813730,30000000000000000001785D,4,-62,865.7,192.168.0.10
1579699421838815,3000000000000000000178BC,1,-50.5,865.7,192.168.0.10
1579699421873163,3000000000000000000178BC,1,-50.5,865.7,192.168.0.10
1579699421904456,30000000000000000001785E,2,-53.5,865.7,192.168.0.10
1579699421907031,3000000000000000000178BC,2,-53,865.7,192.168.0.10
1579699421910878,300000000000000000017882,2,-56.5,865.7,192.168.0.10
1579699421926799,300000000000000000017884,2,-57.5,865.7,192.168.0.10
1579699421947910,30000000000000000001785E,2,-53,865.7,192.168.0.10
1579699421949075,3000000000000000000178BC,2,-52.5,865.7,192.168.0.10
1579699421950713,300000000000000000017882,2,-57,865.7,192.168.0.10
1579699421985680,245390003868,3,-61,865.7,192.168.0.10
1579699421988159,30000000000000000001785E,3,-52,865.7,192.168.0.10
1579699421989605,300000000000000000017885,3,-55,865.7,192.168.0.10
1579699422015029,300000000000000000017885,3,-55,865.7,192.168.0.10
1579699422016139,30000000000000000001785E,3,-52,865.7,192.168.0.10
1579699422020176,300000000000000000017884,3,-55,865.7,192.168.0.10
1579699422021281,245390003868,3,-60.5,865.7,192.168.0.10
1579699422053764,30000000000000000001785D,4,-58.5,865.7,192.168.0.10
1579699422055740,300000000000000000017857,4,-57,865.7,192.168.0.10
1579699422059921,300000000000000000017882,4,-59.5,865.7,192.168.0.10
1579699422199104,30000000000000000001785D,4,-57.5,865.7,192.168.0.10
1579699422200608,300000000000000000017882,4,-56,865.7,192.168.0.10
1579699422202216,300000000000000000017857,4,-57,865.7,192.168.0.10
1579699422235345,30000000000000000001785E,1,-51,865.7,192.168.0.10
1579699422238850,300000000000000000017884,1,-51,865.7,192.168.0.10
1579699422239952,300000000000000000017885,1,-51,865.7,192.168.0.10
1579699422261324,300000000000000000017884,1,-51,865.7,192.168.0.10
1579699422263739,300000000000000000017885,1,-51.5,865.7,192.168.0.10
1579699422265466,30000000000000000001785E,1,-50,865.7,192.168.0.10
1579699422302140,300000000000000000017882,2,-57,865.7,192.168.0.10
1579699422328200,300000000000000000017882,2,-56.5,865.7,192.168.0.10
1579699422361030,245390003868,3,-57.5,865.7,192.168.0.10
1579699422362137,300000000000000000017885,3,-56,865.7,192.168.0.10
1579699422368565,30000000000000000001785C,3,-54,865.7,192.168.0.10
1579699422381634,300000000000000000017884,3,-55.5,865.7,192.168.0.10
1579699422403102,30000000000000000001785C,3,-53.5,865.7,192.168.0.10
1579699422409096,245390003868,3,-57,865.7,192.168.0.10
1579699422410206,300000000000000000017884,3,-54,865.7,192.168.0.10
1579699422425837,300000000000000000017885,3,-58,865.7,192.168.0.10
1579699422452818,300000000000000000017857,4,-57,865.7,192.168.0.10
1579699422453911,30000000000000000001785D,4,-57.5,865.7,192.168.0.10
1579699422457976,300000000000000000017882,4,-58.5,865.7,192.168.0.10
1579699422484736,30000000000000000001785D,4,-58,865.7,192.168.0.10
1579699422487311,300000000000000000017857,4,-57,865.7,192.168.0.10
1579699422488409,300000000000000000017882,4,-57.5,865.7,192.168.0.10
1579699422520782,300000000000000000017885,1,-51,865.7,192.168.0.10
1579699422523600,30000000000000000001785E,1,-50.5,865.7,192.168.0.10
1579699422543496,300000000000000000017884,1,-57.5,865.7,192.168.0.10
1579699422565130,30000000000000000001785E,1,-51,865.7,192.168.0.10
1579699422566812,300000000000000000017885,1,-50.5,865.7,192.168.0.10
1579699422579897,300000000000000000017884,1,-57.5,865.7,192.168.0.10
1579699422675995,30000000000000000001785C,3,-53,865.7,192.168.0.10
1579699422702425,30000000000000000001785C,3,-53.5,865.7,192.168.0.10
1579699422740028,300000000000000000017882,4,-58.5,865.7,192.168.0.10
1579699422743147,300000000000000000017857,4,-56.5,865.7,192.168.0.10
1579699422770397,300000000000000000017857,4,-57,865.7,192.168.0.10
1579699422789839,300000000000000000017882,4,-62,865.7,192.168.0.10
1579699422815938,300000000000000000017882,1,-59,865.7,192.168.0.10
1579699422833481,300000000000000000017885,1,-58.5,865.7,192.168.0.10
1579699422850642,300000000000000000017882,1,-59.5,865.7,192.168.0.10
1579699422943026,245390003868,3,-60,865.7,192.168.0.10
1579699422945602,245390003869,3,-60,865.7,192.168.0.10
1579699422963189,30000000000000000001785C,3,-58,865.7,192.168.0.10
1579699422985522,245390003869,3,-60.5,865.7,192.168.0.10
1579699422996704,30000000000000000001785C,3,-58.5,865.7,192.168.0.10
1579699423001286,245390003868,3,-60.5,865.7,192.168.0.10
1579699423029004,300000000000000000017857,4,-57,865.7,192.168.0.10
1579699423056825,300000000000000000017857,4,-56.5,865.7,192.168.0.10
1579699423163356,245390003868,2,-63.5,865.7,192.168.0.10
1579699423217235,30000000000000000001785C,3,-54,865.7,192.168.0.10
1579699423220198,245390003869,3,-58,865.7,192.168.0.10
1579699423247931,245390003869,3,-58.5,865.7,192.168.0.10
1579699423250723,30000000000000000001785C,3,-54,865.7,192.168.0.10
1579699423282201,300000000000000000017857,4,-56.5,865.7,192.168.0.10
1579699423310639,300000000000000000017857,4,-57,865.7,192.168.0.10
1579699423402103,300000000000000000017882,2,-59.5,865.7,192.168.0.10
1579699423432875,300000000000000000017882,2,-58.5,865.7,192.168.0.10
1579699423459728,30000000000000000001785C,3,-54.5,865.7,192.168.0.10
1579699423489867,30000000000000000001785C,3,-55,865.7,192.168.0.10
1579699423524672,300000000000000000017857,4,-57,865.7,192.168.0.10
1579699423526652,30000000000000000001785D,4,-61.5,865.7,192.168.0.10
1579699423528220,300000000000000000017882,4,-59,865.7,192.168.0.10
1579699423554021,300000000000000000017882,4,-59,865.7,192.168.0.10
1579699423556575,300000000000000000017857,4,-57,865.7,192.168.0.10
1579699423558311,30000000000000000001785D,4,-60.5,865.7,192.168.0.10
1579699423640832,300000000000000000017882,2,-55,865.7,192.168.0.10
1579699423656159,30000000000000000001785D,2,-63,865.7,192.168.0.10
1579699423681238,300000000000000000017882,2,-54.5,865.7,192.168.0.10
1579699423693448,30000000000000000001785D,2,-64,865.7,192.168.0.10
1579699423725548,30000000000000000001785C,3,-54.5,865.7,192.168.0.10
1579699423726487,245390003869,3,-59,865.7,192.168.0.10
1579699423755039,30000000000000000001785C,3,-54.5,865.7,192.168.0.10
1579699423756936,245390003868,3,-61,865.7,192.168.0.10
1579699423759657,245390003869,3,-60,865.7,192.168.0.10
1579699423792174,300000000000000000017882,4,-58.5,865.7,192.168.0.10
1579699423794154,300000000000000000017857,4,-56.5,865.7,192.168.0.10
1579699423796132,30000000000000000001785D,4,-58.5,865.7,192.168.0.10
1579699423821616,300000000000000000017882,4,-58.5,865.7,192.168.0.10
1579699423824141,300000000000000000017857,4,-56.5,865.7,192.168.0.10
1579699423825319,30000000000000000001785D,4,-59.5,865.7,192.168.0.10
1579699423913613,300000000000000000017882,2,-55.5,865.7,192.168.0.10
1579699423932635,30000000000000000001785D,2,-63.5,865.7,192.168.0.10
1579699423955313,300000000000000000017882,2,-56,865.7,192.168.0.10
1579699423966435,30000000000000000001785D,2,-64,865.7,192.168.0.10
1579699423998419,30000000000000000001785C,3,-55,865.7,192.168.0.10
1579699423999381,245390003868,3,-60,865.7,192.168.0.10
1579699424026789,30000000000000000001785C,3,-55,865.7,192.168.0.10
1579699424031323,245390003868,3,-60.5,865.7,192.168.0.10
1579699424064713,300000000000000000017882,4,-59,865.7,192.168.0.10
1579699424066719,300000000000000000017857,4,-57.5,865.7,192.168.0.10
1579699424068683,30000000000000000001785D,4,-59.5,865.7,192.168.0.10
1579699424095083,300000000000000000017882,4,-59,865.7,192.168.0.10
1579699424096250,30000000000000000001785D,4,-59.5,865.7,192.168.0.10
1579699424099832,300000000000000000017857,4,-57.5,865.7,192.168.0.10
1579699424186992,300000000000000000017882,2,-56,865.7,192.168.0.10
1579699424207813,30000000000000000001785D,2,-64.5,865.7,192.168.0.10
1579699424229471,300000000000000000017882,2,-55.5,865.7,192.168.0.10
1579699424246268,30000000000000000001785D,2,-64,865.7,192.168.0.10
1579699424275159,30000000000000000001785C,3,-55,865.7,192.168.0.10
1579699424303265,30000000000000000001785C,3,-55,865.7,192.168.0.10
1579699424337901,300000000000000000017882,4,-58.5,865.7,192.168.0.10
1579699424339885,30000000000000000001785D,4,-60,865.7,192.168.0.10
1579699424341504,300000000000000000017857,4,-57,865.7,192.168.0.10
1579699424367637,30000000000000000001785D,4,-60.5,865.7,192.168.0.10
1579699424370200,300000000000000000017857,4,-57.5,865.7,192.168.0.10
1579699424372439,300000000000000000017882,4,-58,865.7,192.168.0.10
1579699424462512,300000000000000000017882,2,-56,865.7,192.168.0.10
1579699424491244,300000000000000000017882,2,-56,865.7,192.168.0.10
1579699424524469,245390003868,3,-60.5,865.7,192.168.0.10
1579699424527050,30000000000000000001785C,3,-55,865.7,192.168.0.10
1579699424556815,245390003868,3,-60.5,865.7,192.168.0.10
1579699424567559,30000000000000000001785C,3,-57,865.7,192.168.0.10
1579699424588485,300000000000000000017882,4,-58,865.7,192.168.0.10
1579699424591453,300000000000000000017857,4,-57.5,865.7,192.168.0.10
1579699424594899,30000000000000000001785D,4,-59.5,865.7,192.168.0.10
1579699424621162,30000000000000000001785D,4,-60,865.7,192.168.0.10
1579699424622959,300000000000000000017882,4,-58.5,865.7,192.168.0.10
1579699424624069,300000000000000000017857,4,-57,865.7,192.168.0.10
1579699424724937,300000000000000000017882,2,-56,865.7,192.168.0.10
1579699424755513,300000000000000000017882,2,-55.5,865.7,192.168.0.10
1579699424788384,30000000000000000001785C,3,-55,865.7,192.168.0.10
1579699424789337,245390003868,3,-62,865.7,192.168.0.10
1579699424819415,30000000000000000001785C,3,-55,865.7,192.168.0.10
1579699424821221,245390003868,3,-61.5,865.7,192.168.0.10
1579699424856175,300000000000000000017882,4,-58,865.7,192.168.0.10
1579699424857667,30000000000000000001785D,4,-59,865.7,192.168.0.10
1579699424859618,300000000000000000017857,4,-57,865.7,192.168.0.10
1579699424885361,30000000000000000001785D,4,-59.5,865.7,192.168.0.10
1579699424887626,300000000000000000017882,4,-57.5,865.7,192.168.0.10
1579699424890247,300000000000000000017857,4,-57,865.7,192.168.0.10
1579699424981294,300000000000000000017882,2,-56,865.7,192.168.0.10
1579699425012922,300000000000000000017882,2,-56,865.7,192.168.0.10
1579699425038062,245390003868,3,-61.5,865.7,192.168.0.10
1579699425041346,30000000000000000001785C,3,-55,865.7,192.168.0.10
1579699425068886,245390003868,3,-61.5,865.7,192.168.0.10
1579699425070565,30000000000000000001785C,3,-55,865.7,192.168.0.10
1579699425102159,30000000000000000001785D,4,-60,865.7,192.168.0.10
1579699425105931,300000000000000000017857,4,-57.5,865.7,192.168.0.10
1579699425108700,300000000000000000017882,4,-57.5,865.7,192.168.0.10
1579699425125684,300000000000000000017857,4,-57,865.7,192.168.0.10
1579699425128048,300000000000000000017882,4,-57.5,865.7,192.168.0.10
1579699425131326,30000000000000000001785D,4,-60,865.7,192.168.0.10
1579699425228906,300000000000000000017882,2,-56,865.7,192.168.0.10
1579699425255069,300000000000000000017882,2,-55.5,865.7,192.168.0.10
1579699425292381,30000000000000000001785C,3,-55,865.7,192.168.0.10
1579699425293470,245390003868,3,-61.5,865.7,192.168.0.10
1579699425319820,30000000000000000001785C,3,-55,865.7,192.168.0.10
1579699425322137,245390003868,3,-61.5,865.7,192.168.0.10
1579699425354648,30000000000000000001785D,4,-60,865.7,192.168.0.10
1579699425357925,300000000000000000017857,4,-57,865.7,192.168.0.10
1579699425360182,300000000000000000017882,4,-57.5,865.7,192.168.0.10
1579699425380385,300000000000000000017857,4,-57.5,865.7,192.168.0.10
1579699425382150,30000000000000000001785D,4,-60,865.7,192.168.0.10
1579699425383319,300000000000000000017882,4,-57.5,865.7,192.168.0.10
1579699425486154,300000000000000000017882,2,-56,865.7,192.168.0.10
1579699425515014,300000000000000000017882,2,-56,865.7,192.168.0.10
1579699425548477,30000000000000000001785C,3,-55,865.7,192.168.0.10
1579699425550540,245390003868,3,-61.5,865.7,192.168.0.10
1579699425575053,30000000000000000001785C,3,-55,865.7,192.168.0.10
1579699425579625,245390003868,3,-61.5,865.7,192.168.0.10
1579699425612247,30000000000000000001785D,4,-60,865.7,192.168.0.10
1579699425614215,300000000000000000017882,4,-57.5,865.7,192.168.0.10
1579699425618183,300000000000000000017857,4,-57,865.7,192.168.0.10
1579699425642350,30000000000000000001785D,4,-60,865.7,192.168.0.10
1579699425644587,300000000000000000017882,4,-57.5,865.7,192.168.0.10
1579699425645751,300000000000000000017857,4,-57,865.7,192.168.0.10
1579699425742210,300000000000000000017882,2,-56,865.7,192.168.0.10
1579699425769628,300000000000000000017882,2,-56,865.7,192.168.0.10
1579699425803837,30000000000000000001785C,3,-55,865.7,192.168.0.10
1579699425807294,245390003868,3,-61.5,865.7,192.168.0.10
1579699425831622,30000000000000000001785C,3,-55,865.7,192.168.0.10
1579699425836657,245390003868,3,-61,865.7,192.168.0.10
1579699425869766,300000000000000000017857,4,-57.5,865.7,192.168.0.10
1579699425874063,30000000000000000001785D,4,-60,865.7,192.168.0.10
1579699425875146,300000000000000000017882,4,-57,865.7,192.168.0.10
1579699425901131,300000000000000000017882,4,-57.5,865.7,192.168.0.10
1579699425903109,30000000000000000001785D,4,-60,865.7,192.168.0.10
1579699425905428,300000000000000000017857,4,-57,865.7,192.168.0.10
1579699425951225,300000000000000000017882,1,-63,865.7,192.168.0.10
1579699426153491,300000000000000000017882,2,-56,865.7,192.168.0.10
1579699426190050,245390003868,3,-61,865.7,192.168.0.10
1579699426209120,30000000000000000001785C,3,-56,865.7,192.168.0.10
1579699426229154,30000000000000000001785C,3,-55,865.7,192.168.0.10
1579699426231069,245390003868,3,-61.5,865.7,192.168.0.10
1579699426265261,300000000000000000017882,4,-57.5,865.7,192.168.0.10
1579699426266951,300000000000000000017857,4,-57,865.7,192.168.0.10
1579699426268888,30000000000000000001785D,4,-60.5,865.7,192.168.0.10
1579699426296050,30000000000000000001785D,4,-60,865.7,192.168.0.10
1579699426297516,300000000000000000017882,4,-58,865.7,192.168.0.10
1579699426298906,300000000000000000017857,4,-57,865.7,192.168.0.10
1579699426389432,300000000000000000017882,2,-56,865.7,192.168.0.10
1579699426417936,300000000000000000017882,2,-55.5,865.7,192.168.0.10
1579699426454405,245390003868,3,-61.5,865.7,192.168.0.10
1579699426457882,30000000000000000001785C,3,-55.5,865.7,192.168.0.10
1579699426476351,245390003869,3,-62.5,865.7,192.168.0.10
1579699426492907,245390003868,3,-61.5,865.7,192.168.0.10
1579699426498493,30000000000000000001785C,3,-55.5,865.7,192.168.0.10
1579699426507479,245390003869,3,-62.5,865.7,192.168.0.10
1579699426538121,300000000000000000017882,4,-57.5,865.7,192.168.0.10
1579699426541939,30000000000000000001785D,4,-60.5,865.7,192.168.0.10
1579699426543418,300000000000000000017857,4,-57,865.7,192.168.0.10
1579699426570950,300000000000000000017857,4,-57,865.7,192.168.0.10
1579699426572515,300000000000000000017882,4,-57.5,865.7,192.168.0.10
1579699426574322,30000000000000000001785D,4,-60.5,865.7,192.168.0.10
1579699426661306,300000000000000000017882,2,-56,865.7,192.168.0.10
1579699426680967,300000000000000000017882,2,-56,865.7,192.168.0.10
1579699426717220,245390003868,3,-61.5,865.7,192.168.0.10
1579699426720884,30000000000000000001785C,3,-55,865.7,192.168.0.10
1579699426748989,30000000000000000001785C,3,-55,865.7,192.168.0.10
1579699426752319,245390003868,3,-61.5,865.7,192.168.0.10
1579699426785186,30000000000000000001785D,4,-60.5,865.7,192.168.0.10
