1581426657089720,90134BC1F1CE3781AEA1000295,1,-58.5,1
1581426657093818,90134BC1F1CE3781AEA1000995,1,-57.0,1
1581426657095232,90134BC1F1CE3781AEA1001A95,1,-60.5,1
1581426657097016,E2806890000000001834531795,1,-58.5,1
1581426657123546,90134BC1F1CE3781AEA1000995,1,-57.0,1
1581426657124889,90134BC1F1CE3781AEA1001A95,1,-60.5,1
1581426657127056,E2806890000000001834531795,1,-58.5,1
1581426657128473,90134BC1F1CE3781AEA1000295,1,-58.5,1
1581426657162958,90134BC1F1CE3781AEA1002195,2,-60.0,1
1581426657166563,90134BC1F1CE3781AEA1002395,2,-61.0,1
1581426657167929,90134BC1F1CE3781AEA1000995,2,-60.0,1
1581426657196048,90134BC1F1CE3781AEA1000995,2,-59.5,1
1581426657197134,90134BC1F1CE3781AEA1002195,2,-60.5,1
1581426657198940,90134BC1F1CE3781AEA1002395,2,-61.0,1
1581426657233753,90134BC1F1CE3781AEA1001295,3,-62.0,1
1581426657235229,30000000000000000001786A95,3,-59.5,1
1581426657252131,90134BC1F1CE3781AEA1000995,3,-63.0,1
1581426657261900,90134BC1F1CE3781AEA1002395,3,-65.0,1
1581426657281390,90134BC1F1CE3781AEA1001295,3,-62.5,1
1581426657286548,30000000000000000001786A95,3,-59.5,1
1581426657297990,90134BC1F1CE3781AEA1002395,3,-65.0,1
1581426657314465,90134BC1F1CE3781AEA1000995,3,-63.0,1
1581426657406383,90134BC1F1CE3781AEA1000995,1,-57.5,1
1581426657410257,E2806890000000001834531795,1,-58.0,1
1581426657411442,90134BC1F1CE3781AEA1001A95,1,-60.5,1
1581426657412813,90134BC1F1CE3781AEA1000295,1,-58.0,1
1581426657437754,90134BC1F1CE3781AEA1000995,1,-57.0,1
1581426657439954,90134BC1F1CE3781AEA1000295,1,-58.0,1
1581426657442592,E2806890000000001834531795,1,-58.5,1
1581426657444080,90134BC1F1CE3781AEA1001A95,1,-60.5,1
1581426657477022,90134BC1F1CE3781AEA1000995,2,-60.0,1
1581426657478367,90134BC1F1CE3781AEA1002195,2,-60.5,1
1581426657481041,90134BC1F1CE3781AEA1002395,2,-60.5,1
1581426657507053,90134BC1F1CE3781AEA1000995,2,-60.0,1
1581426657508280,90134BC1F1CE3781AEA1002195,2,-60.0,1
1581426657510476,90134BC1F1CE3781AEA1002395,2,-61.0,1
1581426657543306,90134BC1F1CE3781AEA1001295,3,-61.5,1
1581426657547219,30000000000000000001786A95,3,-59.5,1
1581426657571451,90134BC1F1CE3781AEA1000995,3,-63.0,1
1581426657581074,90134BC1F1CE3781AEA1002395,3,-65.0,1
1581426657594511,30000000000000000001786A95,3,-59.0,1
1581426657601382,90134BC1F1CE3781AEA1001295,3,-62.0,1
1581426657620699,90134BC1F1CE3781AEA1002395,3,-65.0,1
1581426657631873,90134BC1F1CE3781AEA1000995,3,-63.0,1
1581426657721061,90134BC1F1CE3781AEA1000995,1,-57.5,1
1581426657723044,90134BC1F1CE3781AEA1001A95,1,-60.0,1
1581426657724115,E2806890000000001834531795,1,-58.0,1
1581426657726533,90134BC1F1CE3781AEA1000295,1,-58.5,1
1581426657753392,90134BC1F1CE3781AEA1001A95,1,-60.0,1
1581426657754506,90134BC1F1CE3781AEA1000295,1,-58.5,1
1581426657755625,90134BC1F1CE3781AEA1000995,1,-57.0,1
1581426657758213,E2806890000000001834531795,1,-58.5,1
1581426657796247,90134BC1F1CE3781AEA1002195,2,-60.5,1
1581426657800895,90134BC1F1CE3781AEA1002395,2,-61.0,1
1581426657816198,90134BC1F1CE3781AEA1000995,2,-61.5,1
1581426657837093,90134BC1F1CE3781AEA1002195,2,-60.5,1
1581426657843218,90134BC1F1CE3781AEA1002395,2,-61.0,1
1581426657865130,90134BC1F1CE3781AEA1000995,2,-61.5,1
1581426657889119,90134BC1F1CE3781AEA1001295,3,-61.5,1
1581426657890781,30000000000000000001786A95,3,-59.5,1
1581426657913951,90134BC1F1CE3781AEA1002395,3,-65.0,1
1581426657923486,90134BC1F1CE3781AEA1000995,3,-63.5,1
1581426657936699,3005FB63AC1F3681EC88155C95,3,-67.5,0
1581426657943888,30000000000000000001786A95,3,-59.5,1
1581426657949909,90134BC1F1CE3781AEA1001295,3,-61.5,1
1581426657970202,90134BC1F1CE3781AEA1002395,3,-65.0,1
1581426658063900,90134BC1F1CE3781AEA1000295,1,-57.5,1
1581426658065245,3005FB63AC1F3681EC8812DB95,1,-61.5,0
1581426658071587,E2806890000000001834531795,1,-58.5,1
1581426658073098,90134BC1F1CE3781AEA1001A95,1,-60.5,1
1581426658086562,90144BC1F1CE3681EA88091295,1,-65.5,1
1581426658099805,2005FB63AC1F3681AB1005CE95,1,-66.5,0
1581426658116086,90134BC1F1CE3781AEA1000295,1,-58.0,1
1581426658120132,3005FB63AC1F3681EC8812DB95,1,-61.5,0
1581426658121231,90134BC1F1CE3781AEA1001A95,1,-60.0,1
1581426658123374,E2806890000000001834531795,1,-58.0,1
1581426658124681,90134BC1F1CE3781AEA1000995,1,-57.0,1
1581426658140474,2005FB63AC1F3681AB1005CE95,1,-67.0,0
1581426658158431,90144BC1F1CE3681EA88091295,1,-65.5,1
1581426658176025,90134BC1F1CE3781AEA1002395,2,-61.5,1
1581426658178344,90134BC1F1CE3781AEA1002195,2,-60.0,1
1581426658204540,90134BC1F1CE3781AEA1000995,2,-62.0,1
1581426658218578,90134BC1F1CE3781AEA1002395,2,-61.5,1
1581426658219634,90134BC1F1CE3781AEA1002195,2,-59.0,1
1581426658237985,90134BC1F1CE3781AEA1000995,2,-62.0,1
1581426658265862,30000000000000000001786A95,3,-59.0,1
1581426658270375,90134BC1F1CE3781AEA1001295,3,-61.0,1
1581426658291004,90134BC1F1CE3781AEA1002395,3,-66.0,1
1581426658310057,30000000000000000001786A95,3,-59.0,1
1581426658311558,90134BC1F1CE3781AEA1001295,3,-61.0,1
1581426658417929,90134BC1F1CE3781AEA1000295,1,-58.5,1
1581426658419405,90134BC1F1CE3781AEA1000995,1,-57.0,1
1581426658422459,E2806890000000001834531795,1,-59.0,1
1581426658424084,90134BC1F1CE3781AEA1001A95,1,-60.5,1
1581426658450002,90134BC1F1CE3781AEA1000995,1,-57.0,1
1581426658452261,90134BC1F1CE3781AEA1000295,1,-58.5,1
1581426658453715,90134BC1F1CE3781AEA1001A95,1,-60.5,1
1581426658454760,E2806890000000001834531795,1,-59.0,1
1581426658487342,90134BC1F1CE3781AEA1002195,2,-60.5,1
1581426658507040,90134BC1F1CE3781AEA1000995,2,-61.5,1
1581426658527120,90134BC1F1CE3781AEA1002395,2,-60.5,1
1581426658528336,90134BC1F1CE3781AEA1002195,2,-59.5,1
1581426658549857,90134BC1F1CE3781AEA1000995,2,-61.5,1
1581426658574014,90134BC1F1CE3781AEA1001295,3,-61.5,1
1581426658575996,30000000000000000001786A95,3,-59.5,1
1581426658599342,90134BC1F1CE3781AEA1002395,3,-65.0,1
1581426658608878,90134BC1F1CE3781AEA1000995,3,-63.0,1
1581426658626738,30000000000000000001786A95,3,-59.0,1
1581426658643252,90134BC1F1CE3781AEA1002395,3,-65.0,1
1581426658652987,90134BC1F1CE3781AEA1001295,3,-62.0,1
1581426658662539,90134BC1F1CE3781AEA1000995,3,-63.0,1
1581426658744389,90134BC1F1CE3781AEA1000295,1,-56.5,1
1581426658745859,90134BC1F1CE3781AEA1001A95,1,-59.5,1
1581426658748486,E2806890000000001834531795,1,-58.5,1
1581426658767157,3005FB63AC1F3681EC8812DB95,1,-66.5,0
1581426658788377,90134BC1F1CE3781AEA1001A95,1,-60.0,1
1581426658791183,E2806890000000001834531795,1,-59.0,1
1581426658792339,90134BC1F1CE3781AEA1000295,1,-56.5,1
1581426658802839,3005FB63AC1F3681EC8812DB95,1,-66.0,0
1581426658822558,90134BC1F1CE3781AEA1000995,1,-57.5,1
1581426658841115,90134BC1F1CE3781AEA1002395,2,-61.5,1
1581426658844055,90134BC1F1CE3781AEA1002195,2,-60.0,1
1581426658860805,90134BC1F1CE3781AEA1000995,2,-63.5,1
1581426658884660,90134BC1F1CE3781AEA1002195,2,-61.0,1
1581426658887648,90134BC1F1CE3781AEA1002395,2,-61.5,1
1581426658909036,90134BC1F1CE3781AEA1000995,2,-63.5,1
1581426658937157,30000000000000000001786A95,3,-59.0,1
1581426658939329,90134BC1F1CE3781AEA1001295,3,-61.5,1
1581426658957522,90134BC1F1CE3781AEA1000995,3,-63.0,1
1581426658972570,90134BC1F1CE3781AEA1002395,3,-65.5,1
1581426658993224,90134BC1F1CE3781AEA1001295,3,-61.5,1
1581426658994344,30000000000000000001786A95,3,-59.0,1
1581426659007308,90134BC1F1CE3781AEA1002395,3,-65.5,1
1581426659029196,90134BC1F1CE3781AEA1000995,3,-63.5,1
1581426659114527,90134BC1F1CE3781AEA1000295,1,-58.5,1
1581426659115604,90134BC1F1CE3781AEA1000995,1,-57.5,1
1581426659116988,90134BC1F1CE3781AEA1001A95,1,-59.5,1
1581426659118371,E2806890000000001834531795,1,-58.5,1
1581426659148010,90134BC1F1CE3781AEA1001A95,1,-59.5,1
1581426659149125,90134BC1F1CE3781AEA1000295,1,-58.0,1
1581426659150459,90134BC1F1CE3781AEA1000995,1,-57.5,1
1581426659153796,E2806890000000001834531795,1,-58.5,1
1581426659187098,90134BC1F1CE3781AEA1002395,2,-60.5,1
1581426659194315,90134BC1F1CE3781AEA1002195,2,-61.0,1
1581426659207485,90134BC1F1CE3781AEA1000995,2,-63.0,1
1581426659231824,90134BC1F1CE3781AEA1002395,2,-60.5,1
1581426659234435,90134BC1F1CE3781AEA1002195,2,-61.0,1
1581426659255850,90134BC1F1CE3781AEA1000995,2,-63.5,1
1581426659284147,30000000000000000001786A95,3,-59.0,1
1581426659285493,90134BC1F1CE3781AEA1001295,3,-61.5,1
1581426659303327,90134BC1F1CE3781AEA1002395,3,-65.5,1
1581426659322483,90134BC1F1CE3781AEA1001295,3,-62.0,1
1581426659327567,30000000000000000001786A95,3,-59.0,1
1581426659351252,90134BC1F1CE3781AEA1002395,3,-65.0,1
1581426659439480,90134BC1F1CE3781AEA1001A95,1,-60.5,1
1581426659441767,E2806890000000001834531795,1,-59.0,1
1581426659442896,90134BC1F1CE3781AEA1000295,1,-57.5,1
1581426659444003,90134BC1F1CE3781AEA1000995,1,-57.5,1
1581426659463576,3005FB63AC1F3681EC8812DB95,1,-66.5,0
1581426659481646,E2806890000000001834531795,1,-58.5,1
1581426659482752,90134BC1F1CE3781AEA1000995,1,-57.5,1
1581426659485166,90134BC1F1CE3781AEA1000295,1,-58.0,1
1581426659488056,90134BC1F1CE3781AEA1001A95,1,-60.0,1
1581426659510671,3005FB63AC1F3681EC8812DB95,1,-63.5,0
1581426659536344,90134BC1F1CE3781AEA1002395,2,-60.5,1
1581426659552025,90134BC1F1CE3781AEA1000995,2,-63.0,1
1581426659563554,7336CEF1C1FE3682DEA1004A95,2,-66.5,0
1581426659576490,90134BC1F1CE3781AEA1002195,2,-61.5,1
1581426659583105,90134BC1F1CE3781AEA1002395,2,-61.0,1
1581426659602690,7336CEF1C1FE3682DEA1004A95,2,-66.5,0
1581426659620784,90134BC1F1CE3781AEA1000995,2,-63.5,1
1581426659645432,30000000000000000001786A95,3,-59.0,1
1581426659648160,90134BC1F1CE3781AEA1001295,3,-62.0,1
1581426659671028,90134BC1F1CE3781AEA1002395,3,-66.0,1
1581426659687319,90134BC1F1CE3781AEA1001295,3,-62.0,1
1581426659691120,30000000000000000001786A95,3,-59.0,1
1581426659712932,90134BC1F1CE3781AEA1002395,3,-65.5,1
1581426659801709,E2806890000000001834531795,1,-59.0,1
1581426659804795,90134BC1F1CE3781AEA1001A95,1,-61.0,1
1581426659810427,3005FB63AC1F3681EC8812DB95,1,-62.5,0
1581426659811498,90134BC1F1CE3781AEA1000295,1,-59.0,1
1581426659812558,90134BC1F1CE3781AEA1000995,1,-56.0,1
1581426659842189,E2806890000000001834362C95,1,-70.5,0
1581426659855418,3005FB63AC1F3681EC88155C95,1,-66.0,0
1581426659862652,3005FB63AC1F3681EC8812DB95,1,-62.0,0
1581426659867638,90134BC1F1CE3781AEA1000995,1,-56.5,1
1581426659868755,90134BC1F1CE3781AEA1000295,1,-59.0,1
1581426659870094,90134BC1F1CE3781AEA1001A95,1,-61.0,1
1581426659871424,E2806890000000001834531795,1,-59.0,1
1581426659894030,E2806890000000001834362C95,1,-70.5,0
1581426659919143,90134BC1F1CE3781AEA1002195,2,-60.5,1
1581426659925627,90134BC1F1CE3781AEA1002395,2,-61.5,1
1581426659957303,90134BC1F1CE3781AEA1000995,2,-62.5,1
1581426659973359,90134BC1F1CE3781AEA1002195,2,-61.0,1
1581426659975977,90134BC1F1CE3781AEA1002395,2,-62.0,1
1581426659997159,90134BC1F1CE3781AEA1000995,2,-63.0,1
1581426660023494,30000000000000000001786A95,3,-58.5,1
1581426660044678,2005FB63AC1F3681AB1004E395,3,-68.0,0
1581426660071573,90134BC1F1CE3781AEA1002395,3,-65.5,1
1581426660077948,30000000000000000001786A95,3,-58.5,1
1581426660103023,2005FB63AC1F3681AB1004E395,3,-67.0,0
1581426660192615,90134BC1F1CE3781AEA1000295,1,-57.0,1
1581426660196484,90134BC1F1CE3781AEA1001095,1,-63.5,0
1581426660198386,E2806890000000001834531795,1,-57.5,1
1581426660199492,90134BC1F1CE3781AEA1000995,1,-57.0,1
1581426660202351,3005FB63AC1F3681EC8812DB95,1,-62.5,0
1581426660203737,90134BC1F1CE3781AEA1001A95,1,-61.0,1
1581426660212960,3005FB63AC1F3681EC88155C95,1,-61.5,0
1581426660225885,7336CEF1C1FE3682DEA1005195,1,-64.0,0
1581426660235490,90134BC1F1CE3781AEA1001395,1,-65.0,0
1581426660248922,90134BC1F1CE3781AEA1001195,1,-66.0,0
1581426660255808,E2806890000000001834531795,1,-57.5,1
1581426660259652,90134BC1F1CE3781AEA1000995,1,-57.0,1
1581426660261282,3005FB63AC1F3681EC88155C95,1,-60.5,0
1581426660262856,90134BC1F1CE3781AEA1000295,1,-58.0,1
1581426660270293,3005FB63AC1F3681EC8812DB95,1,-60.5,0
1581426660271812,90134BC1F1CE3781AEA1001A95,1,-60.5,1
1581426660273419,90134BC1F1CE3781AEA1001095,1,-62.0,0
1581426660287190,7336CEF1C1FE3682DEA1005195,1,-64.0,0
1581426660298743,90134BC1F1CE3781AEA1001395,1,-65.0,0
1581426660326370,90134BC1F1CE3781AEA1002195,2,-61.0,1
1581426660335711,90134BC1F1CE3781AEA1002395,2,-61.5,1
1581426660352750,2005FB63AC1F3681AB1004E395,2,-66.5,0
1581426660371983,90134BC1F1CE3781AEA1000995,2,-63.0,1
1581426660378677,90134BC1F1CE3781AEA1002195,2,-61.0,1
1581426660381700,90134BC1F1CE3781AEA1002395,2,-61.5,1
1581426660385484,2005FB63AC1F3681AB1004E395,2,-65.5,0
1581426660428931,2005FB63EAC13681E4EC0FEC95,3,-66.5,0
1581426660430010,30000000000000000001786A95,3,-59.5,1
1581426660431630,3005FB63AC1F3681EC8814A895,3,-61.0,0
1581426660432982,2005FB63AC1F3681AB1004E395,3,-61.5,0
1581426660439137,90134BC1F1CE3781AEA1000995,3,-60.0,1
1581426660466357,2005FB63EAC13681E5C6028D95,3,-66.5,0
1581426660476020,90134BC1F1CE3781AEA1002395,3,-65.5,1
1581426660489622,2005FB63EAC13681E4EC0FEA95,3,-63.5,0
1581426660497555,30000000000000000001786A95,3,-59.5,1
1581426660500799,3005FB63AC1F3681EC8814A895,3,-60.0,0
1581426660504234,2005FB63AC1F3681AB1004E395,3,-61.0,0
1581426660508968,2005FB63EAC13681E4EC0FEC95,3,-65.5,0
1581426660524458,90134BC1F1CE3781AEA1000995,3,-61.5,1
1581426660534274,2005FB63EAC13681E5C6028D95,3,-66.5,0
1581426660543882,90134BC1F1CE3781AEA1002395,3,-65.0,1
1581426660628256,2005FB63EAC13681E5C602E895,1,-62.0,0
1581426660631405,7336CEF1C1FE3682DEA1005095,1,-64.0,0
1581426660635270,1007CEA7AC1F3681EC88046895,1,-61.0,0
1581426660641271,3005FB63AC1F3681EC88155C95,1,-58.5,0
1581426660644096,7336CEF1C1FE3682DEA1005C95,1,-61.5,0
1581426660647411,2005FB63EAC13681E5C6025A95,1,-60.5,0
1581426660652902,E2806890000000001834362C95,1,-69.0,0
1581426660655925,2005FB63EAC13681E4EC0F4B95,1,-62.5,0
1581426660662049,3005FB63AC1F3681EC8812AB95,1,-62.0,0
1581426660664623,E2806890000000001834531795,1,-57.5,1
1581426660665994,90134BC1F1CE3781AEA1001A95,1,-61.0,1
1581426660667141,90134BC1F1CE3781AEA1000995,1,-57.0,1
1581426660705598,90144BC1F1CE3681EA88081195,1,-66.5,0
1581426660717891,7336CEF1C1FE3682DEA1004B95,1,-63.5,0
1581426660726972,90134BC1F1CE3781AEA1001A95,1,-60.5,1
1581426660728111,7336CEF1C1FE3682DEA1005095,1,-60.5,0
1581426660731760,E2806890000000001834531795,1,-57.5,1
1581426660734276,90134BC1F1CE3781AEA1000995,1,-57.5,1
1581426660737916,3005FB63AC1F3681EC8812AB95,1,-59.0,0
1581426660738985,2005FB63EAC13681E5C6025A95,1,-59.5,0
1581426660742796,3005FB63AC1F3681EC88155C95,1,-57.5,0
1581426660743911,1007CEA7AC1F3681EC88046895,1,-61.5,0
1581426660745134,2005FB63EAC13681E5C602E895,1,-60.0,0
1581426660747069,7336CEF1C1FE3682DEA1005C95,1,-59.0,0
1581426660748646,E2806890000000001834362C95,1,-70.5,0
1581426660771373,90144BC1F1CE3681EA88081195,1,-65.5,0
1581426660782779,2005FB63EAC13681E4EC0F4B95,1,-66.0,0
1581426660802549,2005FB63EAC13681E4EC0FE995,2,-68.0,0
1581426660804097,3005FB63AC1F3681EC8814A895,2,-61.5,0
1581426660819983,2005FB63AC1F3681AB1004E395,2,-65.5,0
1581426660821240,90134BC1F1CE3781AEA1002195,2,-60.0,1
1581426660834212,3005FB63AC1F3681EC88155C95,2,-67.0,0
1581426660846623,7336CEF1C1FE3682DEA1005095,2,-68.0,0
1581426660856369,3005FB63AC1F3681EC88149095,2,-64.5,0
1581426660866102,90134BC1F1CE3781AEA1002395,2,-61.5,1
1581426660868110,90134BC1F1CE3781AEA1002195,2,-60.5,1
1581426660869839,2005FB63AC1F3681AB1004E395,2,-65.0,0
1581426660871796,3005FB63AC1F3681EC8814A895,2,-61.5,0
1581426661017604,7336CEF1C1FE3682DEA1005095,2,-68.0,0
1581426661041919,2005FB63EAC13681E4EC0FEC95,3,-63.0,0
1581426661050001,30000000000000000001786A95,3,-59.0,1
1581426661053040,2005FB63EAC13681E4EC0FE895,3,-58.0,0
1581426661057087,3005FB63AC1F3681EC8814B795,3,-62.5,0
1581426661058981,2005FB63EAC13681E4EC0FEA95,3,-60.0,0
1581426661061954,2005FB63AC1F3681AB1004E395,3,-60.5,0
1581426661071365,3005FB63AC1F3681EC8814A895,3,-59.0,0
1581426661073374,3005FB63AC1F3681EC8814A495,3,-63.5,0
1581426661074829,7336CEF1C1FE3682DEA1004A95,3,-62.5,0
1581426661098972,3005FB63AC1F3681EC88131795,3,-65.0,0
1581426661108814,3005FB63AC1F3681EC8812DB95,3,-62.0,0
1581426661120439,90134BC1F1CE3781AEA1000995,3,-62.5,1
1581426661128036,2005FB63EAC13681E4EC0FE895,3,-58.0,0
1581426661130340,3005FB63AC1F3681EC8812DB95,3,-61.0,0
1581426661132530,3005FB63AC1F3681EC8814B795,3,-62.5,0
1581426661137143,3005FB63AC1F3681EC8814A495,3,-64.0,0
1581426661138764,2005FB63AC1F3681AB1004E395,3,-60.5,0
1581426661140188,2005FB63EAC13681E4EC0FEA95,3,-58.5,0
1581426661142974,2005FB63EAC13681E4EC0FEC95,3,-60.5,0
1581426661144088,7336CEF1C1FE3682DEA1004A95,3,-63.0,0
1581426661145665,30000000000000000001786A95,3,-58.0,1
1581426661146731,3005FB63AC1F3681EC8814A895,3,-58.0,0
1581426661148806,E2806890000000001834362C95,3,-66.5,0
1581426661178098,3005FB63AC1F3681EC88131795,3,-65.0,0
1581426661191380,2005FB63EAC13681E4EC0FE995,3,-79.0,0
1581426661272627,3005FB63AC1F3681EC8814A095,1,-56.0,0
1581426661273710,7336CEF1C1FE3682DEA1004695,1,-63.0,0
1581426661276521,E2806890000000001834531795,1,-61.5,1
1581426661277859,3005FB63AC1F3681EC8812AB95,1,-54.5,0
1581426661279295,2005FB63EAC13681E5C6025A95,1,-52.5,0
1581426661281614,90144BC1F1CE3681EA88081195,1,-63.0,0
1581426661283641,2005FB63EAC13681E5C602E895,1,-61.0,0
1581426661286937,3005FB63AC1F3681EC88145895,1,-58.0,0
1581426661288285,3025AB20CA1F3681CF10111595,1,-60.0,0
1581426661290489,3005FB63AC1F3681EC88131695,1,-60.0,0
1581426661291587,3005FB63AC1F3681EC88134B95,1,-62.5,0
1581426661293145,1007CEA7AC1F3681EAC5106D95,1,-56.5,0
1581426661295128,7336CEF1C1FE3682DEA1004F95,1,-63.0,0
1581426661299798,2005FB63EAC13681E4EC0F5095,1,-52.5,0
1581426661300892,7336CEF1C1FE3682DEA1005095,1,-58.5,0
1581426661304811,3005FB63AC1F3681EC8813AD95,1,-55.5,0
1581426661308382,90134BC1F1CE3781AEA1000E95,1,-62.0,0
1581426661310717,3005FB63AC1F3681EC8813AE95,1,-62.5,0
1581426661313381,2005FB63EAC13681E4EC0F4F95,1,-53.5,0
1581426661314729,3025AB20CA1F3681CF10111895,1,-59.5,1
1581426661317396,3005FB63AC1F3681EC8815B995,1,-55.5,0
1581426661318547,3005FB63AC1F3681EC8811B595,1,-61.5,0
1581426661319646,1007CEA7AC1F3681EC88046895,1,-58.0,0
1581426661322125,2005FB63EAC13681E4EC0F4C95,1,-55.0,0
1581426661323787,90134BC1F1CE3781AEA1000995,1,-56.0,1
1581426661331136,3005FB63AC1F3681EC88131895,1,-62.5,0
1581426661332269,E2806890000000001834362C95,1,-61.5,0
1581426661337479,2005FB63EAC13681E5C6027B95,1,-60.5,0
1581426661338630,3005FB63AC1F3681EC8814A495,1,-60.0,0
1581426661341612,3005FB63AC1F3681EC88145A95,1,-61.5,0
1581426661345734,7336CEF1C1FE3682DEA1006995,1,-62.0,0
1581426661349604,7336CEF1C1FE3682DEA1004B95,1,-60.5,0
1581426661350676,E2806890000000001834316C95,1,-67.5,0
1581426661351768,7336CEF1C1FE3682DEA1004995,1,-62.5,0
1581426661353272,3005FB63AC1F3681EC88137895,1,-61.0,0
1581426661356478,3005FB63AC1F3681EC8814B695,1,-62.0,0
1581426661358544,90134BC1F1CE3781AEA1001595,1,-61.0,0
1581426661360145,3005FB63AC1F3681EC88116695,1,-60.5,0
1581426661364670,90134BC1F1CE3781AEA1001995,1,-60.0,0
1581426661365768,3005FB63AC1F3681EC88129C95,1,-60.0,0
1581426661370166,7336CEF1C1FE3682DEA1005C95,1,-58.0,0
1581426661371494,90134BC1F1CE3781AEA1001A95,1,-61.5,1
1581426661375687,90134BC1F1CE3781AEA1001095,1,-63.0,0
1581426661382099,3005FB63AC1F3681EC8805AA95,1,-60.5,0
1581426661387633,3005FB63AC1F3681EC88149095,1,-62.5,0
1581426661388731,90134BC1F1CE3781AEA1000195,1,-62.0,0
1581426661389818,3005FB63AC1F3681EC8811B095,1,-60.5,0
1581426661390950,90134BC1F1CE3781AEA1000595,1,-61.5,0
1581426661392058,7336CEF1C1FE3682DEA1004C95,1,-63.0,0
1581426661407080,3005FB63AC1F3681EC8805A595,1,-61.0,0
1581426661416952,3005FB63AC1F3681EC88131795,1,-65.5,0
1581426661429612,3005FB63AC1F3681EC88131E95,1,-57.0,0
1581426661435411,2005FB63EAC13681E5C6025A95,1,-51.0,0
1581426661437887,7336CEF1C1FE3682DEA1006995,1,-60.5,0
1581426661439320,90134BC1F1CE3781AEA1001995,1,-60.0,0
1581426661440385,3005FB63AC1F3681EC8814A095,1,-53.5,0
1581426661441492,2005FB63EAC13681E4EC0F4C95,1,-53.5,0
1581426661442559,2005FB63EAC13681E4EC0F5095,1,-50.5,0
1581426661446930,2005FB63EAC13681E4EC0F4F95,1,-53.0,0
1581426661448041,3005FB63AC1F3681EC8812AB95,1,-54.0,0
1581426661450294,3005FB63AC1F3681EC88129C95,1,-60.5,0
1581426661451408,2005FB63EAC13681E4EC0F4B95,1,-55.5,0
1581426661452767,90144BC1F1CE3681EA88081195,1,-63.0,0
1581426661455191,3005FB63AC1F3681EC88134B95,1,-61.0,0
1581426661457214,3005FB63AC1F3681EC8815B995,1,-54.0,0
1581426661458374,1007CEA7AC1F3681EC88046895,1,-58.0,0
1581426661460457,3005FB63AC1F3681EC88131695,1,-58.5,0
1581426661462481,E2806890000000001834531795,1,-64.0,1
1581426661463556,90134BC1F1CE3781AEA1000995,1,-54.5,1
1581426661466193,E2806890000000001834316C95,1,-68.0,0
1581426661468731,1007CEA7AC1F3681EAC5106D95,1,-54.5,0
1581426661469859,3005FB63AC1F3681EC8805AA95,1,-58.5,0
1581426661472070,7336CEF1C1FE3682DEA1004B95,1,-59.5,0
1581426661473161,2005FB63EAC13681E5C602E895,1,-62.0,0
1581426661474266,3025AB20CA1F3681CF10111895,1,-58.5,1
1581426661476546,90134BC1F1CE3781AEA1001A95,1,-61.5,1
1581426661483021,3005FB63AC1F3681EC8814A495,1,-56.0,0
1581426661485094,90134BC1F1CE3781AEA1000E95,1,-60.5,0
1581426661486479,3005FB63AC1F3681EC8813AD95,1,-55.5,0
1581426661487861,7336CEF1C1FE3682DEA1004695,1,-63.0,0
1581426661489456,3005FB63AC1F3681EC88149095,1,-61.0,0
1581426661492602,7336CEF1C1FE3682DEA1005C95,1,-57.0,0
1581426661494845,3025AB20CA1F3681CF10111595,1,-58.5,0
1581426661496242,3005FB63AC1F3681EC88145A95,1,-58.5,0
1581426661499411,3005FB63AC1F3681EC88145895,1,-55.0,0
1581426661502328,3005FB63AC1F3681EC88155C95,1,-54.0,0
1581426661503436,7336CEF1C1FE3682DEA1005095,1,-57.5,0
1581426661504802,90134BC1F1CE3781AEA1001595,1,-59.0,0
1581426661506313,3005FB63AC1F3681EC8805A595,1,-61.0,0
1581426661510125,90134BC1F1CE3781AEA1001095,1,-61.5,0
1581426661511200,E2806890000000001834362C95,1,-65.5,0
1581426661512566,3005FB63AC1F3681EC8813AE95,1,-59.0,0
1581426661513647,2005FB63EAC13681E5C6027B95,1,-59.5,0
1581426661514725,7336CEF1C1FE3682DEA1004995,1,-59.5,0
1581426661516124,3005FB63AC1F3681EC88131895,1,-62.5,0
1581426661517751,3005FB63AC1F3681EC88131795,1,-59.5,0
1581426661518894,3005FB63AC1F3681EC88116695,1,-59.0,0
1581426661521792,90134BC1F1CE3781AEA1000195,1,-61.0,0
1581426661524018,90134BC1F1CE3781AEA1000595,1,-62.0,0
1581426661525126,7336CEF1C1FE3682DEA1004C95,1,-62.0,0
1581426661539129,3005FB63AC1F3681EC88137895,1,-62.0,0
1581426661555728,3005FB63AC1F3681EC8811B595,1,-62.5,0
1581426661572350,7336CEF1C1FE3682DEA1004F95,1,-65.0,0
1581426661588063,3005FB63AC1F3681EC8812DB95,2,-58.0,0
1581426661592585,90134BC1F1CE3781AEA1002195,2,-62.0,1
1581426661596055,90134BC1F1CE3781AEA1002395,2,-62.0,1
1581426661597198,2005FB63AC1F3681AB1005CE95,2,-63.5,0
1581426661603532,3005FB63AC1F3681EC88149095,2,-63.5,0
1581426661630690,90134BC1F1CE3781AEA1001195,2,-67.0,0
1581426661640225,7336CEF1C1FE3682DEA1005195,2,-66.0,0
1581426661650025,3005FB63AC1F3681EC8812B795,2,-67.0,0
1581426661658607,90134BC1F1CE3781AEA1002195,2,-60.0,1
1581426661661017,2005FB63AC1F3681AB1005CE95,2,-62.0,0
1581426661668240,3005FB63AC1F3681EC8812DB95,2,-56.5,0
1581426661670559,3005FB63AC1F3681EC88149095,2,-62.0,0
1581426661671655,90134BC1F1CE3781AEA1002395,2,-62.0,1
1581426661672859,3005FB63AC1F3681EC8811B095,2,-61.5,0
1581426661684448,7336CEF1C1FE3682DEA1004F95,2,-67.5,0
1581426661697167,7336CEF1C1FE3682DEA1005195,2,-65.5,0
1581426661706738,90134BC1F1CE3781AEA1001195,2,-66.0,0
1581426661722273,2005FB63EAC13681E4EC0F4B95,3,-59.5,0
1581426661730386,3005FB63AC1F3681EC8812B795,3,-60.0,0
1581426661734122,3005FB63AC1F3681EC88132C95,3,-58.5,0
1581426661736953,3005FB63AC1F3681EC8812DB95,3,-56.0,0
1581426661742145,3005FB63AC1F3681EC8814A495,3,-60.5,0
1581426661743772,3005FB63AC1F3681EC88134B95,3,-61.5,0
1581426661745202,2005FB63AC1F3681AB1005CE95,3,-57.5,0
1581426661746581,2005FB63EAC13681E4EC0FE895,3,-55.5,0
1581426661762248,3005FB63AC1F3681EC88141F95,3,-60.0,0
1581426661763608,3005FB63AC1F3681EC8811B095,3,-65.5,0
1581426661764730,3005FB63AC1F3681EC8814B795,3,-58.0,0
1581426661768369,2005FB63EAC13681E4EC0FEA95,3,-58.0,0
1581426661769712,90134BC1F1CE3781AEA1002195,3,-62.5,1
1581426661771928,2005FB63EAC13681E5C602A195,3,-59.0,0
1581426661774872,90134BC1F1CE3781AEA1000E95,3,-64.5,0
1581426661775945,90134BC1F1CE3781AEA1001295,3,-61.5,1
1581426661780527,90134BC1F1CE3781AEA1001095,3,-63.0,0
1581426661781848,E2806890000000001834362C95,3,-64.0,0
1581426661784308,2005FB63EAC13681E5C6029395,3,-63.5,0
1581426661786288,2005FB63EAC13681E4EC0FE995,3,-66.0,0
1581426661788082,2005FB63AC1F3681AB1004E395,3,-58.5,0
1581426661789418,3005FB63AC1F3681EC8814A895,3,-55.5,0
1581426661790785,2005FB63EAC13681E4EC0FEC95,3,-59.0,0
1581426661791906,2005FB63EAC13681E4EC0F4F95,3,-63.0,0
1581426661794379,2005FB63CE453265E5C6147395,3,-62.0,0
1581426661799041,3005FB63AC1F3681EC8814C195,3,-57.5,0
1581426661801298,3005FB63AC1F3681EC8814BC95,3,-59.5,0
1581426661805842,3005FB63AC1F3681EC8805A595,3,-61.5,0
1581426661813298,30000000000000000001786A95,3,-60.0,1
1581426661815507,3005FB63AC1F3681EC88131695,3,-62.0,0
1581426661818037,E2806890000000001834329F95,3,-66.5,0
1581426661822258,3005FB63AC1F3681EC88131795,3,-62.0,0
1581426661825616,3005FB63AC1F3681EC88116695,3,-61.5,0
1581426661862953,3025AB20CA1F3681CF10111895,3,-64.0,1
1581426661872777,3005FB63AC1F3681EC8813AD95,3,-63.0,0
1581426661881749,2005FB63EAC13681E5C602A195,3,-59.5,0
1581426661887535,E2806890000000001834362C95,3,-64.0,0
1581426661888633,3005FB63AC1F3681EC8814A895,3,-54.5,0
1581426661890018,3005FB63AC1F3681EC8814BC95,3,-58.5,0
1581426661893420,3005FB63AC1F3681EC8814C195,3,-57.0,0
1581426661897613,2005FB63EAC13681E4EC0F4F95,3,-63.0,0
1581426661900099,3005FB63AC1F3681EC8814B795,3,-57.0,0
1581426661901437,3005FB63AC1F3681EC8814A495,3,-61.5,0
1581426661903080,2005FB63EAC13681E4EC0FEC95,3,-63.0,0
1581426661904224,3005FB63AC1F3681EC88116695,3,-61.5,0
1581426661906118,2005FB63AC1F3681AB1004E395,3,-57.5,0
1581426661907497,2005FB63EAC13681E4EC0FEA95,3,-56.5,0
1581426661909231,3005FB63AC1F3681EC88132C95,3,-59.5,0
1581426661911763,3005FB63AC1F3681EC88134B95,3,-62.5,0
1581426661914847,90134BC1F1CE3781AEA1001095,3,-60.0,0
1581426661921646,30000000000000000001786A95,3,-59.0,1
1581426661922778,3005FB63AC1F3681EC8812B795,3,-63.5,0
1581426661925232,90134BC1F1CE3781AEA1001295,3,-60.0,1
1581426661926335,2005FB63EAC13681E4EC0FE895,3,-55.0,0
1581426661927967,2005FB63AC1F3681AB1005CE95,3,-61.0,0
1581426661929116,3005FB63AC1F3681EC88131795,3,-64.5,0
1581426661933081,3005FB63AC1F3681EC8812DB95,3,-56.5,0
1581426661935776,90134BC1F1CE3781AEA1000E95,3,-60.0,0
1581426661936883,3025AB20CA1F3681CF10111895,3,-62.5,1
1581426661940768,3005FB63AC1F3681EC88141F95,3,-59.5,0
1581426661942750,2005FB63CE453265E5C6147395,3,-63.0,0
1581426661946183,3005FB63AC1F3681EC8805A595,3,-63.0,0
1581426661947230,3005FB63AC1F3681EC8811B095,3,-63.5,0
1581426661964882,90134BC1F1CE3781AEA1001195,3,-66.0,0
1581426661976332,E2806890000000001834329F95,3,-69.5,0
1581426661986095,90134BC1F1CE3781AEA1002195,3,-65.0,1
1581426662066375,1007CEA7AC1F3681EAC5106D95,1,-53.5,0
1581426662068011,2005FB63EAC13681E4EC0F5095,1,-50.0,0
1581426662073826,3005FB63AC1F3681EC8813AD95,1,-53.5,0
1581426662075421,3005FB63AC1F3681EC88155C95,1,-52.5,0
1581426662077721,3005FB63AC1F3681EC88145A95,1,-54.5,0
1581426662078850,3005FB63AC1F3681EC88129C95,1,-59.0,0
1581426662080777,7336CEF1C1FE3682DEA1005095,1,-60.5,0
1581426662082140,2005FB63EAC13681E4EC0F4F95,1,-52.5,0
1581426662083291,3005FB63AC1F3681EC88131E95,1,-51.0,0
1581426662084428,3005FB63AC1F3681EC8805A595,1,-57.5,0
1581426662087721,2005FB63EAC13681E4EC0F4C95,1,-54.5,0
1581426662088845,3005FB63AC1F3681EC8814A095,1,-52.0,0
1581426662090915,3005FB63AC1F3681EC88144895,1,-64.0,0
1581426662092520,90134BC1F1CE3781AEA1001095,1,-61.0,0
1581426662097082,90134BC1F1CE3781AEA1001595,1,-60.5,0
1581426662098190,90134BC1F1CE3781AEA1001395,1,-62.0,0
1581426662099528,3005FB63AC1F3681EC8814A495,1,-53.5,0
1581426662100605,2005FB63EAC13681E5C602E895,1,-56.0,0
1581426662101959,3005FB63AC1F3681EC88149C95,1,-55.5,0
1581426662103607,2005FB63EAC13681E5C6025A95,1,-52.0,0
1581426662106291,2005FB63EAC13681E5C6027B95,1,-55.5,0
1581426662107408,3005FB63AC1F3681EC88145895,1,-56.5,0
1581426662110130,1007CEA7AC1F3681EC88046895,1,-53.5,0
1581426662112350,2005FB63EAC13681E4EC0FE895,1,-57.0,0
1581426662113679,E2806890000000001834531795,1,-60.0,1
1581426662115337,90134BC1F1CE3781AEA1000995,1,-53.5,1
1581426662117828,3005FB63AC1F3681EC88131795,1,-62.0,0
1581426662118935,3005FB63AC1F3681EC8813AE95,1,-54.0,0
1581426662127023,3005FB63AC1F3681EC8805A995,1,-51.5,0
1581426662131829,90134BC1F1CE3781AEA1000E95,1,-62.0,0
1581426662134827,90134BC1F1CE3781AEA1000295,1,-57.5,1
1581426662136184,E2806890000000001834362C95,1,-63.5,0
1581426662137357,3005FB63AC1F3681EC88131895,1,-60.5,0
1581426662138462,7336CEF1C1FE3682DEA1004B95,1,-63.5,0
1581426662143285,7336CEF1C1FE3682DEA1005195,1,-63.0,0
1581426662144352,3005FB63AC1F3681EC8812AB95,1,-57.0,0
1581426662145451,3005FB63AC1F3681EC88134B95,1,-62.5,0
1581426662147938,E28068900000000018344AD195,1,-66.5,0
1581426662151365,3005FB63AC1F3681EC88077195,1,-55.0,0
1581426662153616,3005FB63AC1F3681EC88116695,1,-60.5,0
1581426662158643,3005FB63AC1F3681EC88149095,1,-60.5,0
1581426662163882,3005FB63AC1F3681EC8815B995,1,-54.5,0
1581426662167172,3025AB20CA1F3681CF10111895,1,-62.0,1
1581426662170152,3005FB63AC1F3681EC88137895,1,-64.0,0
1581426662173113,7336CEF1C1FE3682DEA1004995,1,-60.0,0
1581426662174159,E28068900000000018344AC595,1,-64.0,0
1581426662176192,3005FB63AC1F3681EC8805AA95,1,-59.5,0
1581426662182983,7336CEF1C1FE3682DEA1004E95,1,-63.5,0
1581426662184633,3005FB63AC1F3681EC8811B595,1,-62.0,0
1581426662194239,2005FB63EAC13681E4EC0FEC95,1,-60.5,0
1581426662206468,3005FB63AC1F3681EC8814B695,1,-65.5,0
1581426662216090,3005FB63AC1F3681EC88133895,1,-60.0,0
1581426662235982,3005FB63AC1F3681EC8812DB95,1,-61.5,0
1581426662241819,3005FB63AC1F3681EC8813AE95,1,-55.0,0
1581426662245105,1007CEA7AC1F3681EC88046895,1,-52.5,0
1581426662246217,90134BC1F1CE3781AEA1000295,1,-57.5,1
1581426662247289,2005FB63EAC13681E4EC0F4B95,1,-53.5,0
1581426662248441,2005FB63EAC13681E5C6025A95,1,-52.5,0
1581426662251461,3005FB63AC1F3681EC8814A095,1,-52.0,0
1581426662253688,3005FB63AC1F3681EC8805A995,1,-53.0,0
1581426662258262,3005FB63AC1F3681EC8813AD95,1,-53.5,0
1581426662260146,3005FB63AC1F3681EC88131695,1,-55.0,0
1581426662263490,3005FB63AC1F3681EC88149C95,1,-54.0,0
1581426662266000,3005FB63AC1F3681EC8812AB95,1,-57.5,0
1581426662267148,2005FB63EAC13681E5C602E895,1,-55.0,0
1581426662269391,2005FB63EAC13681E4EC0FEC95,1,-60.0,0
1581426662270700,3005FB63AC1F3681EC88077195,1,-54.0,0
1581426662272943,1007CEA7AC1F3681EAC5106D95,1,-55.0,0
1581426662274285,2005FB63EAC13681E4EC0FE995,1,-58.5,0
1581426662275704,3005FB63AC1F3681EC8805A595,1,-58.0,0
1581426662276814,7336CEF1C1FE3682DEA1005095,1,-61.5,0
1581426662278193,2005FB63EAC13681E4EC0F5095,1,-50.5,0
1581426662280485,2005FB63EAC13681E4EC0F4F95,1,-52.5,0
1581426662282104,3005FB63AC1F3681EC88145A95,1,-57.5,0
1581426662286138,2005FB63EAC13681E5C6027B95,1,-54.5,0
1581426662290568,3005FB63AC1F3681EC88134B95,1,-61.0,0
1581426662293297,3005FB63AC1F3681EC88131895,1,-57.0,0
1581426662294874,E2806890000000001834362C95,1,-65.5,0
1581426662297606,7336CEF1C1FE3682DEA1004995,1,-62.0,0
1581426662299796,3005FB63AC1F3681EC88155C95,1,-52.5,0
1581426662301188,7336CEF1C1FE3682DEA1005195,1,-62.0,0
1581426662306261,3005FB63AC1F3681EC88131E95,1,-51.0,0
1581426662310200,2005FB63EAC13681E4EC0F4C95,1,-53.0,0
1581426662313737,3005FB63AC1F3681EC8814A495,1,-55.0,0
1581426662315459,90134BC1F1CE3781AEA1000995,1,-54.0,1
1581426662318770,E2806890000000001834531795,1,-56.5,1
1581426662319888,3005FB63AC1F3681EC88144895,1,-60.5,0
1581426662321005,3025AB20CA1F3681CF10111895,1,-61.0,1
1581426662322146,3005FB63AC1F3681EC88133895,1,-60.0,0
1581426662323204,E28068900000000018344AC595,1,-60.5,0
1581426662325057,3005FB63AC1F3681EC88145895,1,-59.0,0
1581426662328259,3005FB63AC1F3681EC8805AA95,1,-59.5,0
1581426662331058,3005FB63AC1F3681EC8815B995,1,-56.5,0
1581426662332558,90134BC1F1CE3781AEA1001595,1,-63.5,0
1581426662334904,3005FB63AC1F3681EC88149095,1,-62.0,0
1581426662335976,E28068900000000018344AD195,1,-64.0,0
1581426662337324,90134BC1F1CE3781AEA1001095,1,-60.5,0
1581426662338673,90134BC1F1CE3781AEA1001395,1,-62.0,0
1581426662340952,90134BC1F1CE3781AEA1000E95,1,-61.5,0
1581426662353063,3005FB63AC1F3681EC88129C95,1,-60.0,0
1581426662364365,3005FB63AC1F3681EC8811B595,1,-65.5,0
1581426662377366,3005FB63AC1F3681EC88116695,1,-62.5,0
1581426662395779,2005FB63AC1F3681AB1005CE95,2,-62.0,0
1581426662398338,3005FB63AC1F3681EC8812DB95,2,-60.0,0
1581426662400704,3005FB63AC1F3681EC88149C95,2,-61.5,0
1581426662402062,3005FB63AC1F3681EC88149095,2,-60.5,0
1581426662408143,3005FB63AC1F3681EC8812AB95,2,-62.0,0
1581426662410155,3005FB63AC1F3681EC8811B095,2,-59.5,0
1581426662411250,90134BC1F1CE3781AEA1001395,2,-62.5,0
1581426662414468,3005FB63AC1F3681EC88077195,2,-59.0,0
1581426662415562,3005FB63AC1F3681EC8814C195,2,-60.5,0
1581426662419365,90134BC1F1CE3781AEA1001095,2,-62.5,0
1581426662421001,7336CEF1C1FE3682DEA1004F95,2,-64.0,0
1581426662422952,3005FB63AC1F3681EC8812B795,2,-60.5,0
1581426662430864,90134BC1F1CE3781AEA1001195,2,-62.5,0
1581426662432243,2005FB63EAC13681E4EC0F4B95,2,-64.5,0
1581426662436421,2005FB63EAC13681E5C602E895,2,-61.0,0
1581426662437984,90134BC1F1CE3781AEA1002395,2,-60.0,1
1581426662439176,7336CEF1C1FE3682DEA1005195,2,-61.0,0
1581426662446209,2005FB63EAC13681E4EC0FEA95,2,-62.5,0
1581426662457098,3005FB63AC1F3681EC8813AD95,2,-59.5,0
1581426662467993,2005FB63EAC13681E4EC0F4C95,2,-66.0,0
1581426662490827,2005FB63EAC13681E5C6028D95,2,-65.5,0
1581426662501890,90134BC1F1CE3781AEA1001195,2,-62.5,0
1581426662505903,90134BC1F1CE3781AEA1002195,2,-61.0,1
1581426662513504,3005FB63AC1F3681EC8811B095,2,-60.5,0
1581426662514626,90134BC1F1CE3781AEA1001095,2,-63.0,0
1581426662518062,90134BC1F1CE3781AEA1002395,2,-62.0,1
1581426662520828,3005FB63AC1F3681EC88149C95,2,-60.5,0
1581426662524317,7336CEF1C1FE3682DEA1004F95,2,-64.0,0
1581426662525394,2005FB63EAC13681E5C6029395,2,-61.5,0
1581426662527034,3005FB63AC1F3681EC8813AD95,2,-57.0,0
1581426662530647,3005FB63AC1F3681EC8812DB95,2,-56.5,0
1581426662531836,3005FB63AC1F3681EC8812B795,2,-62.0,0
1581426662533187,90134BC1F1CE3781AEA1001395,2,-63.5,0
1581426662534298,3005FB63AC1F3681EC88077195,2,-59.5,0
1581426662535456,3005FB63AC1F3681EC88149095,2,-60.5,0
1581426662537710,2005FB63AC1F3681AB1005CE95,2,-61.0,0
1581426662538924,2005FB63EAC13681E4EC0F4B95,2,-62.0,0
1581426662541507,7336CEF1C1FE3682DEA1005195,2,-63.0,0
1581426662545458,3005FB63AC1F3681EC8812AB95,2,-60.5,0
1581426662579507,7336CEF1C1FE3682DEA1004E95,2,-66.5,0
1581426662607705,2005FB63EAC13681E4EC0FEC95,3,-65.0,0
1581426662610196,3005FB63AC1F3681EC8812DB95,3,-53.0,0
1581426662612141,3005FB63AC1F3681EC8814A895,3,-53.5,0
1581426662613249,3005FB63AC1F3681EC8814B795,3,-58.5,0
1581426662615677,30000000000000000001786A95,3,-59.5,1
1581426662624269,90134BC1F1CE3781AEA1002195,3,-61.5,1
1581426662625649,3005FB63AC1F3681EC88077195,3,-59.0,0
1581426662626716,90134BC1F1CE3781AEA1001095,3,-60.5,0
1581426662630043,3005FB63AC1F3681EC88142895,3,-60.5,0
1581426662631182,3005FB63AC1F3681EC88132C95,3,-62.0,0
1581426662634938,2005FB63AC1F3681AB1005CE95,3,-62.0,0
1581426662636080,3005FB63AC1F3681EC88134B95,3,-60.0,0
1581426662637189,3005FB63AC1F3681EC8814A495,3,-64.0,0
1581426662638269,7336CEF1C1FE3682DEA1005195,3,-63.5,0
1581426662639911,3005FB63AC1F3681EC8815B995,3,-61.0,0
1581426662641964,E28068900000000018343FE395,3,-65.5,0
1581426662644053,E2806890000000001834362C95,3,-65.0,0
1581426662646578,3005FB63AC1F3681EC88144895,3,-60.5,0
1581426662648525,3005FB63AC1F3681EC8811B095,3,-56.5,0
1581426662649661,2005FB63CE453265E5C6147395,3,-60.0,0
1581426662651605,E2806890000000001834411495,3,-65.5,0
1581426662652741,3005FB63AC1F3681EC8811B595,3,-60.0,0
1581426662656213,E2806890000000001834411595,3,-66.0,0
1581426662658785,2005FB63EAC13681E4EC0F5095,3,-57.0,0
1581426662659885,2005FB63EAC13681E5C6028D95,3,-61.5,0
1581426662660962,90134BC1F1CE3781AEA1000E95,3,-60.0,0
1581426662663049,3025AB20CA1F3681CF10111895,3,-62.0,1
1581426662664421,2005FB63AC1F3681AB1004E395,3,-55.5,0
1581426662673591,3005FB63AC1F3681EC88145A95,3,-57.0,0
1581426662675560,1007CEA7AC1F3681EAC5106D95,3,-55.0,0
1581426662679746,3005FB63AC1F3681EC88143C95,3,-59.0,0
1581426662681111,3005FB63AC1F3681EC88141F95,3,-55.5,0
1581426662683610,90134BC1F1CE3781AEA1001295,3,-62.5,1
1581426662686671,E2806890000000001834412095,3,-65.0,0
1581426662688887,2005FB63EAC13681E5C602A195,3,-61.0,0
1581426662692312,3005FB63AC1F3681EC88145895,3,-64.5,0
1581426662703291,90134BC1F1CE3781AEA1001395,3,-62.0,0
1581426662705035,E28068900000000018343C5195,3,-66.0,0
1581426662725402,2005FB63EAC13681E5C6025A95,3,-62.5,0
1581426662746659,E28068900000000018343C5D95,3,-68.5,0
1581426662754823,3005FB63AC1F3681EC8811B095,3,-57.0,0
1581426662755948,2005FB63EAC13681E4EC0FEC95,3,-66.0,0
1581426662758209,30000000000000000001786A95,3,-59.0,1
1581426662759317,2005FB63EAC13681E4EC0FEA95,3,-58.5,0
1581426662760448,90134BC1F1CE3781AEA1000E95,3,-61.5,0
1581426662762077,3005FB63AC1F3681EC88131795,3,-61.0,0
1581426662764515,2005FB63EAC13681E5C6025A95,3,-60.0,0
1581426662765902,1007CEA7AC1F3681EAC5106D95,3,-55.5,0
1581426662769712,2005FB63AC1F3681AB1005CE95,3,-63.5,0
1581426662771065,3005FB63AC1F3681EC88143C95,3,-58.5,0
1581426662774683,3005FB63AC1F3681EC88132C95,3,-63.0,0
1581426662775805,3005FB63AC1F3681EC8814A895,3,-56.0,0
1581426662777216,2005FB63EAC13681E5C6028D95,3,-62.5,0
1581426662778345,3005FB63AC1F3681EC8812DB95,3,-53.5,0
1581426662780656,2005FB63EAC13681E4EC0FE895,3,-59.5,0
1581426662783773,90134BC1F1CE3781AEA1001395,3,-61.5,0
1581426662785151,90134BC1F1CE3781AEA1001095,3,-61.0,0
1581426662787929,3005FB63AC1F3681EC88144895,3,-58.0,0
1581426662789561,2005FB63CE453265E5C6147395,3,-60.0,0
1581426662792125,2005FB63AC1F3681AB1004E395,3,-58.5,0
1581426662797420,3005FB63AC1F3681EC88145895,3,-65.5,0
1581426662800309,3005FB63AC1F3681EC8814C195,3,-58.5,0
1581426662803767,3005FB63AC1F3681EC8815B995,3,-63.0,0
1581426662805371,3005FB63AC1F3681EC8811B595,3,-60.0,0
1581426662807443,3005FB63AC1F3681EC88142895,3,-60.0,0
1581426662808610,3005FB63AC1F3681EC88141F95,3,-56.0,0
1581426662813255,2005FB63EAC13681E4EC0F5095,3,-58.0,0
1581426662815495,7336CEF1C1FE3682DEA1005195,3,-61.5,0
1581426662819150,3005FB63AC1F3681EC8814B795,3,-61.0,0
1581426662820506,3005FB63AC1F3681EC88134B95,3,-56.5,0
1581426662822955,3005FB63AC1F3681EC88145A95,3,-55.0,0
1581426662828654,3025AB20CA1F3681CF10111895,3,-61.5,1
1581426662830327,E2806890000000001834362C95,3,-66.5,0
1581426662854930,90134BC1F1CE3781AEA1002195,3,-65.5,1
1581426662885216,90134BC1F1CE3781AEA1001295,3,-63.0,1
1581426662977244,2005FB63EAC13681E4EC0FEC95,1,-61.0,0
1581426662978897,2005FB63EAC13681E5C6025A95,1,-58.5,0
1581426662985157,2005FB63EAC13681E5C6027B95,1,-60.5,0
1581426662986277,2005FB63EAC13681E4EC0F5095,1,-55.5,0
1581426662987381,2005FB63EAC13681E4EC0FE995,1,-61.0,0
1581426662988985,90134BC1F1CE3781AEA1000995,1,-56.0,1
1581426662990604,3005FB63AC1F3681EC88155C95,1,-60.5,0
1581426662993686,2005FB63EAC13681E4EC0FEA95,1,-61.5,0
1581426662995283,3005FB63AC1F3681EC8811B095,1,-60.5,0
1581426662996408,90134BC1F1CE3781AEA1001A95,1,-59.5,1
1581426662998869,3005FB63AC1F3681EC8805A995,1,-54.5,0
1581426663003650,E2806890000000001834531795,1,-58.5,1
1581426663008346,90134BC1F1CE3781AEA1000295,1,-59.0,1
1581426663009424,3005FB63AC1F3681EC8813AE95,1,-61.0,0
1581426663013874,3005FB63AC1F3681EC88131695,1,-59.5,0
1581426663018576,3005FB63AC1F3681EC88132C95,1,-66.5,0
1581426663019692,3005FB63AC1F3681EC88131895,1,-59.5,0
1581426663026496,1007CEA7AC1F3681EC88046895,1,-61.5,0
1581426663028428,2005FB63EAC13681E4EC0FE895,1,-56.0,0
1581426663048273,3005FB63AC1F3681EC8805A595,1,-62.5,0
1581426663066569,3005FB63AC1F3681EC8811B595,1,-64.0,0
1581426663076436,3005FB63AC1F3681EC88131795,1,-68.0,0
1581426663085765,E2806890000000001834531795,1,-58.5,1
1581426663089369,2005FB63EAC13681E5C602E895,1,-62.5,0
1581426663090744,3005FB63AC1F3681EC8813AE95,1,-64.0,0
1581426663091867,2005FB63EAC13681E4EC0F5095,1,-58.5,0
1581426663093455,2005FB63EAC13681E4EC0FE895,1,-57.0,0
1581426663094561,3005FB63AC1F3681EC88155C95,1,-61.5,0
1581426663095708,3005FB63AC1F3681EC88116695,1,-63.5,0
1581426663096870,2005FB63EAC13681E5C602A195,1,-64.5,0
1581426663099071,3005FB63AC1F3681EC8805A995,1,-55.0,0
1581426663101867,2005FB63EAC13681E4EC0FEA95,1,-60.0,0
1581426663103189,3005FB63AC1F3681EC8811B595,1,-62.5,0
1581426663106618,2005FB63EAC13681E4EC0FE995,1,-60.0,0
1581426663107860,1007CEA7AC1F3681EC88046895,1,-60.5,0
1581426663111146,3005FB63AC1F3681EC8814A495,1,-58.0,0
1581426663112475,3005FB63AC1F3681EC8811B095,1,-60.5,0
1581426663113591,90134BC1F1CE3781AEA1001A95,1,-60.0,1
1581426663117010,3005FB63AC1F3681EC88137895,1,-63.0,0
1581426663118114,90134BC1F1CE3781AEA1000295,1,-58.5,1
1581426663119445,2005FB63EAC13681E5C6027B95,1,-62.5,0
1581426663121389,90134BC1F1CE3781AEA1000995,1,-59.0,1
1581426663123066,2005FB63EAC13681E5C6025A95,1,-62.5,0
1581426663125305,3005FB63AC1F3681EC88131695,1,-59.5,0
1581426663126416,2005FB63EAC13681E4EC0FEC95,1,-60.5,0
1581426663130420,3005FB63AC1F3681EC88131895,1,-60.5,0
1581426663146118,3005FB63AC1F3681EC88132C95,1,-73.0,0
1581426663189417,3005FB63AC1F3681EC88145A95,2,-62.0,0
1581426663191710,3005FB63AC1F3681EC8814B795,2,-60.0,0
1581426663195405,90134BC1F1CE3781AEA1000995,2,-60.0,1
1581426663214057,3005FB63AC1F3681EC8812DB95,2,-61.5,0
1581426663215434,3005FB63AC1F3681EC8813AD95,2,-59.5,0
1581426663216815,3005FB63AC1F3681EC88132C95,2,-60.0,0
1581426663223456,3005FB63AC1F3681EC88131795,2,-60.5,0
1581426663225686,1007CEA7AC1F3681EAC5106D95,2,-61.5,0
1581426663259621,3005FB63AC1F3681EC8812B795,2,-67.0,0
1581426663269405,4001FBCAAC1F3690ED88051295,2,-63.5,1
1581426663286079,7336CEF1C1FE3682DEA1004F95,2,-64.5,0
1581426663294896,3005FB63AC1F3681EC88132C95,2,-63.0,0
1581426663297718,3005FB63AC1F3681EC8813AD95,2,-60.0,0
1581426663298837,1007CEA7AC1F3681EAC5106D95,2,-59.5,0
1581426663302800,3005FB63AC1F3681EC88145A95,2,-65.0,0
1581426663309500,4001FBCAAC1F3690ED88051295,2,-62.5,1
1581426663310907,90134BC1F1CE3781AEA1000995,2,-59.0,1
1581426663324289,3005FB63AC1F3681EC8812DB95,2,-63.5,0
1581426663338591,3005FB63AC1F3681EC8812B795,2,-64.0,0
1581426663387059,3005FB63AC1F3681EC8814C195,3,-57.0,0
1581426663395428,3005FB63AC1F3681EC8815B995,3,-55.0,0
1581426663396483,3005FB63AC1F3681EC88134B95,3,-56.5,0
1581426663398718,1007CEA7AC1F3681EAC5106D95,3,-58.0,0
1581426663399870,3005FB63AC1F3681EC8813AE95,3,-64.5,0
1581426663400997,2005FB63AC1F3681AB1004E395,3,-63.5,0
1581426663402112,3005FB63AC1F3681EC8811B095,3,-57.5,0
1581426663403431,3005FB63AC1F3681EC88155C95,3,-59.0,0
1581426663404564,3005FB63AC1F3681EC88144895,3,-56.0,0
1581426663405645,3005FB63AC1F3681EC8811B595,3,-59.5,0
1581426663410000,90134BC1F1CE3781AEA1001295,3,-61.0,1
1581426663411066,2005FB63EAC13681E5C6025A95,3,-55.5,0
1581426663412144,90134BC1F1CE3781AEA1000995,3,-57.5,1
1581426663413270,2005FB63EAC13681E4EC0F4B95,3,-56.5,0
1581426663418152,2005FB63EAC13681E4EC0FD295,3,-61.0,0
1581426663420774,3005FB63AC1F3681EC8812DB95,3,-55.5,0
1581426663429149,3005FB63AC1F3681EC8814B695,3,-61.0,0
1581426663430285,3005FB63AC1F3681EC8805AA95,3,-60.5,0
1581426663434695,3005FB63AC1F3681EC88143C95,3,-59.5,0
1581426663436219,3005FB63AC1F3681EC88137895,3,-59.5,0
1581426663437313,2005FB63EAC13681E4EC0F5095,3,-59.5,0
1581426663442604,30000000000000000001786A95,3,-57.0,1
1581426663450235,3005FB63AC1F3681EC88145A95,3,-60.5,0
1581426663456960,2005FB63EAC13681E4EC0FEA95,3,-64.5,0
1581426663463288,2005FB63EAC13681E5C602E895,3,-59.5,0
1581426663476838,3005FB63AC1F3681EC88132C95,3,-65.5,0
1581426663490905,3005FB63AC1F3681EC88142895,3,-60.0,0
1581426663508625,3005FB63AC1F3681EC88144895,3,-57.5,0
1581426663513526,3005FB63AC1F3681EC88137895,3,-60.5,0
1581426663516587,2005FB63EAC13681E5C6025A95,3,-56.0,0
1581426663520312,90134BC1F1CE3781AEA1001295,3,-60.5,1
1581426663523518,3005FB63AC1F3681EC88145A95,3,-61.5,0
1581426663526482,2005FB63EAC13681E5C602E895,3,-60.0,0
1581426663529985,3005FB63AC1F3681EC8814B795,3,-61.0,0
1581426663532125,90134BC1F1CE3781AEA1000995,3,-60.0,1
1581426663533206,30000000000000000001786A95,3,-58.5,1
1581426663535465,3005FB63AC1F3681EC88143C95,3,-60.5,0
1581426663538973,2005FB63EAC13681E4EC0F4B95,3,-57.5,0
1581426663540217,3005FB63AC1F3681EC8811B095,3,-60.0,0
1581426663544106,3005FB63AC1F3681EC8815B995,3,-56.0,0
1581426663546889,3005FB63AC1F3681EC88134B95,3,-58.0,0
1581426663548282,3005FB63AC1F3681EC8805AA95,3,-63.0,0
1581426663550801,3005FB63AC1F3681EC8814C195,3,-60.5,0
1581426663551885,3005FB63AC1F3681EC8812DB95,3,-56.5,0
1581426663553376,3005FB63AC1F3681EC88155C95,3,-61.5,0
1581426663557113,2005FB63EAC13681E4EC0FEA95,3,-63.5,0
1581426663559126,1007CEA7AC1F3681EAC5106D95,3,-58.5,0
1581426663560602,3005FB63AC1F3681EC88131795,3,-58.5,0
1581426663567228,3005FB63AC1F3681EC8811B595,3,-62.0,0
1581426663609281,2005FB63EAC13681E4EC0F5095,3,-62.5,0
1581426663619004,2005FB63AC1F3681AB1004E395,3,-64.5,0
1581426663699100,90134BC1F1CE3781AEA1000295,1,-58.5,1
1581426663703007,E2806890000000001834531795,1,-59.0,1
1581426663704350,90134BC1F1CE3781AEA1001A95,1,-61.0,1
1581426663706495,90134BC1F1CE3781AEA1000995,1,-56.5,1
1581426663722376,1007CEA7AC1F3681EC88046895,1,-66.5,0
1581426663733381,3005FB63AC1F3681EC88134B95,1,-65.0,0
1581426663761859,E2806890000000001834531795,1,-58.5,1
1581426663763918,90134BC1F1CE3781AEA1000995,1,-57.0,1
1581426663767155,90134BC1F1CE3781AEA1001A95,1,-60.5,1
1581426663768598,90134BC1F1CE3781AEA1000295,1,-58.5,1
1581426663781151,3005FB63AC1F3681EC88134B95,1,-66.0,0
1581426663823408,3005FB63AC1F3681EC8812AB95,2,-63.0,0
1581426663826405,3005FB63AC1F3681EC8814B795,2,-59.5,0
1581426663827515,90134BC1F1CE3781AEA1002395,2,-62.0,1
1581426663833298,90134BC1F1CE3781AEA1000995,2,-60.0,1
1581426663835273,3005FB63AC1F3681EC8813AD95,2,-62.5,0
1581426663843056,3005FB63AC1F3681EC88134B95,2,-61.0,0
1581426663847426,3005FB63AC1F3681EC88145A95,2,-60.5,0
1581426663892774,3005FB63AC1F3681EC88145895,2,-66.0,0
1581426663900063,3005FB63AC1F3681EC8814B795,2,-59.5,0
1581426663901106,3005FB63AC1F3681EC88134B95,2,-61.0,0
1581426663907059,90134BC1F1CE3781AEA1000995,2,-60.0,1
1581426663908218,3005FB63AC1F3681EC8813AD95,2,-64.5,0
1581426663909316,3005FB63AC1F3681EC8812AB95,2,-66.5,0
1581426663910448,3005FB63AC1F3681EC88145A95,2,-60.5,0
1581426663955681,90134BC1F1CE3781AEA1002395,2,-65.0,1
1581426663969829,3005FB63AC1F3681EC8811B095,3,-61.0,0
1581426663970910,3005FB63AC1F3681EC8814C195,3,-62.0,0
1581426663975260,3005FB63AC1F3681EC8812AB95,3,-63.0,0
1581426663980074,30000000000000000001786A95,3,-58.5,1
1581426663985019,90134BC1F1CE3781AEA1001295,3,-62.0,1
1581426663986135,90134BC1F1CE3781AEA1002195,3,-62.5,1
1581426663999714,3005FB63AC1F3681EC8812DB95,3,-62.0,0
1581426664026031,2005FB63EAC13681E4EC0FEA95,3,-64.5,0
1581426664040217,3005FB63AC1F3681EC88129C95,3,-65.0,0
1581426664047738,90134BC1F1CE3781AEA1002195,3,-62.0,1
1581426664049598,90134BC1F1CE3781AEA1001295,3,-62.0,1
1581426664057065,30000000000000000001786A95,3,-59.5,1
1581426664061791,3005FB63AC1F3681EC8812DB95,3,-63.0,0
1581426664180640,90134BC1F1CE3781AEA1001A95,1,-59.5,1
1581426664182182,E2806890000000001834531795,1,-58.5,1
1581426664185196,90134BC1F1CE3781AEA1000995,1,-56.0,1
1581426664187281,90134BC1F1CE3781AEA1000295,1,-58.0,1
1581426664210944,90134BC1F1CE3781AEA1001A95,1,-60.0,1
1581426664213371,90134BC1F1CE3781AEA1000295,1,-58.0,1
1581426664215003,90134BC1F1CE3781AEA1000995,1,-56.5,1
1581426664218035,E2806890000000001834531795,1,-59.0,1
1581426664252263,3005FB63AC1F3681EC8813AD95,2,-63.0,0
1581426664254579,3005FB63AC1F3681EC88134B95,2,-62.0,0
1581426664256571,90134BC1F1CE3781AEA1002195,2,-62.0,1
1581426664283419,E2806890000000001834362C95,2,-76.0,0
1581426664311075,3005FB63AC1F3681EC88145A95,2,-63.5,0
1581426664333519,90134BC1F1CE3781AEA1002195,2,-61.0,1
1581426664340073,3005FB63AC1F3681EC88134B95,2,-62.0,0
1581426664341522,3005FB63AC1F3681EC88145A95,2,-62.5,0
1581426664344366,90134BC1F1CE3781AEA1002395,2,-62.0,1
1581426664357494,3005FB63AC1F3681EC8813AD95,2,-68.0,0
1581426664370499,3005FB63AC1F3681EC8812AB95,2,-63.0,0
1581426664399886,30000000000000000001786A95,3,-58.5,1
1581426664401173,90134BC1F1CE3781AEA1001295,3,-61.0,1
1581426664430612,90134BC1F1CE3781AEA1000995,3,-61.5,1
1581426664442059,90134BC1F1CE3781AEA1002395,3,-64.0,1
1581426664450742,30000000000000000001786A95,3,-59.0,1
1581426664455418,90134BC1F1CE3781AEA1001295,3,-61.5,1
1581426664472702,90134BC1F1CE3781AEA1000995,3,-61.5,1
1581426664564503,90134BC1F1CE3781AEA1001A95,1,-60.0,1
1581426664567723,90134BC1F1CE3781AEA1000995,1,-56.5,1
1581426664569979,90134BC1F1CE3781AEA1000295,1,-58.5,1
1581426664571467,E2806890000000001834531795,1,-58.0,1
1581426664595802,90134BC1F1CE3781AEA1000995,1,-57.5,1
1581426664598173,E2806890000000001834531795,1,-58.0,1
1581426664600598,90134BC1F1CE3781AEA1001A95,1,-59.5,1
1581426664602585,90134BC1F1CE3781AEA1000295,1,-58.0,1
1581426664640197,90134BC1F1CE3781AEA1002195,2,-60.5,1
1581426664645270,90134BC1F1CE3781AEA1002395,2,-60.5,1
1581426664648275,90134BC1F1CE3781AEA1000995,2,-60.0,1
1581426664664136,3005FB63AC1F3681EC88145A95,2,-63.0,0
1581426664673592,3005FB63AC1F3681EC88134B95,2,-66.0,0
1581426664683164,2005FB63EAC13681E4EC0FD295,2,-66.0,0
1581426664689864,90134BC1F1CE3781AEA1000995,2,-60.0,1
1581426664690968,3005FB63AC1F3681EC88145A95,2,-62.0,0
1581426664696649,90134BC1F1CE3781AEA1002395,2,-60.0,1
1581426664698631,90134BC1F1CE3781AEA1002195,2,-61.0,1
1581426664734840,90134BC1F1CE3781AEA1001295,3,-61.5,1
1581426664738720,30000000000000000001786A95,3,-59.5,1
1581426664759179,2005FB63EAC13681E5C6025A95,3,-65.5,0
1581426664770846,90134BC1F1CE3781AEA1000995,3,-61.0,1
1581426664789466,30000000000000000001786A95,3,-59.0,1
1581426664904536,90134BC1F1CE3781AEA1001295,3,-61.0,1
1581426664925061,2005FB63EAC13681E5C6025A95,3,-66.0,0
1581426664944085,90134BC1F1CE3781AEA1000995,3,-62.5,1
1581426665027052,90134BC1F1CE3781AEA1000295,1,-58.0,1
1581426665028292,90134BC1F1CE3781AEA1001A95,1,-60.0,1
1581426665029408,E2806890000000001834531795,1,-59.0,1
1581426665053390,E2806890000000001834531795,1,-59.0,1
1581426665055246,90134BC1F1CE3781AEA1001A95,1,-60.0,1
1581426665058842,90134BC1F1CE3781AEA1000295,1,-58.5,1
1581426665060533,90134BC1F1CE3781AEA1000995,1,-56.0,1
1581426665093263,90134BC1F1CE3781AEA1002195,2,-61.0,1
1581426665101689,90134BC1F1CE3781AEA1002395,2,-60.5,1
1581426665103463,3005FB63AC1F3681EC8812AB95,2,-64.0,0
1581426665119611,90134BC1F1CE3781AEA1000995,2,-63.0,1
1581426665140365,3005FB63AC1F3681EC88145A95,2,-65.5,0
1581426665149911,3005FB63AC1F3681EC8812AB95,2,-64.5,0
1581426665151539,90134BC1F1CE3781AEA1002195,2,-60.0,1
1581426665152633,90134BC1F1CE3781AEA1002395,2,-61.0,1
1581426665177260,90134BC1F1CE3781AEA1000995,2,-62.0,1
1581426665199042,30000000000000000001786A95,3,-58.5,1
1581426665202011,90134BC1F1CE3781AEA1001295,3,-61.0,1
1581426665216163,90134BC1F1CE3781AEA1000995,3,-61.5,1
1581426665227465,90134BC1F1CE3781AEA1002395,3,-65.5,1
1581426665255684,30000000000000000001786A95,3,-59.0,1
1581426665256786,90134BC1F1CE3781AEA1001295,3,-61.0,1
1581426665270811,90134BC1F1CE3781AEA1000995,3,-61.5,1
1581426665282088,90134BC1F1CE3781AEA1002395,3,-65.5,1
1581426665383883,90134BC1F1CE3781AEA1000295,1,-58.5,1
1581426665388063,90134BC1F1CE3781AEA1000995,1,-56.5,1
1581426665404820,E2806890000000001834531795,1,-58.0,1
1581426665421292,90134BC1F1CE3781AEA1001A95,1,-60.0,1
1581426665433602,90134BC1F1CE3781AEA1000295,1,-58.5,1
1581426665434685,90134BC1F1CE3781AEA1001A95,1,-60.0,1
1581426665436298,90134BC1F1CE3781AEA1000995,1,-56.0,1
1581426665437667,E2806890000000001834531795,1,-58.5,1
1581426665480395,90134BC1F1CE3781AEA1002195,2,-60.5,1
1581426665482894,90134BC1F1CE3781AEA1002395,2,-61.0,1
1581426665506650,90134BC1F1CE3781AEA1000995,2,-62.0,1
1581426665526369,90134BC1F1CE3781AEA1002395,2,-60.5,1
1581426665527877,90134BC1F1CE3781AEA1002195,2,-60.5,1
1581426665539858,90134BC1F1CE3781AEA1000995,2,-61.5,1
1581426665569823,30000000000000000001786A95,3,-59.0,1
1581426665572274,90134BC1F1CE3781AEA1001295,3,-61.5,1
1581426665590443,90134BC1F1CE3781AEA1000995,3,-62.0,1
1581426665605437,90134BC1F1CE3781AEA1002395,3,-65.5,1
1581426665624166,30000000000000000001786A95,3,-59.0,1
1581426665629556,90134BC1F1CE3781AEA1001295,3,-62.0,1
1581426665638267,90134BC1F1CE3781AEA1002395,3,-66.5,1
1581426665645406,90134BC1F1CE3781AEA1000995,3,-62.5,1
1581426665739794,90134BC1F1CE3781AEA1000295,1,-58.0,1
1581426665740932,90134BC1F1CE3781AEA1000995,1,-56.5,1
1581426665743344,90134BC1F1CE3781AEA1001A95,1,-60.0,1
1581426665745243,E2806890000000001834531795,1,-59.0,1
1581426665769299,90134BC1F1CE3781AEA1000295,1,-58.0,1
1581426665772217,90134BC1F1CE3781AEA1000995,1,-56.5,1
1581426665773547,E2806890000000001834531795,1,-58.5,1
1581426665776295,90134BC1F1CE3781AEA1001A95,1,-60.5,1
1581426665803970,90134BC1F1CE3781AEA1002395,2,-61.0,1
1581426665807444,90134BC1F1CE3781AEA1002195,2,-60.5,1
1581426665820358,90134BC1F1CE3781AEA1000995,2,-62.0,1
1581426665845657,90134BC1F1CE3781AEA1002395,2,-60.5,1
1581426665860451,90134BC1F1CE3781AEA1000995,2,-62.5,1
1581426665871960,90134BC1F1CE3781AEA1002195,2,-61.5,1
1581426665899632,30000000000000000001786A95,3,-59.5,1
1581426665907264,90134BC1F1CE3781AEA1001295,3,-61.0,1
1581426665919175,90134BC1F1CE3781AEA1000995,3,-61.5,1
1581426665932246,90134BC1F1CE3781AEA1002395,3,-65.5,1
1581426665954851,30000000000000000001786A95,3,-59.5,1
1581426665955933,90134BC1F1CE3781AEA1001295,3,-61.5,1
1581426665969347,90134BC1F1CE3781AEA1002395,3,-65.5,1
1581426665984073,90134BC1F1CE3781AEA1000995,3,-61.5,1
1581426666076929,90134BC1F1CE3781AEA1000295,1,-58.5,1
1581426666078843,E2806890000000001834531795,1,-59.0,1
1581426666080205,90134BC1F1CE3781AEA1000995,1,-56.5,1
1581426666082672,90134BC1F1CE3781AEA1001A95,1,-60.0,1
1581426666109830,E2806890000000001834531795,1,-58.5,1
1581426666111319,90134BC1F1CE3781AEA1000295,1,-58.0,1
1581426666112664,90134BC1F1CE3781AEA1000995,1,-56.5,1
1581426666115346,90134BC1F1CE3781AEA1001A95,1,-60.0,1
1581426666147206,90134BC1F1CE3781AEA1002195,2,-61.0,1
1581426666150791,90134BC1F1CE3781AEA1002395,2,-60.5,1
1581426666154381,3005FB63AC1F3681EC88134B95,2,-62.0,0
1581426666175752,90134BC1F1CE3781AEA1000995,2,-62.0,1
1581426666192716,90134BC1F1CE3781AEA1002395,2,-61.0,1
1581426666197258,90134BC1F1CE3781AEA1002195,2,-61.0,1
1581426666214933,90134BC1F1CE3781AEA1000995,2,-62.0,1
1581426666228309,3005FB63AC1F3681EC88134B95,2,-65.5,0
1581426666253596,90134BC1F1CE3781AEA1001295,3,-61.5,1
1581426666257178,30000000000000000001786A95,3,-59.0,1
1581426666276605,90134BC1F1CE3781AEA1000995,3,-62.0,1
1581426666286263,90134BC1F1CE3781AEA1002395,3,-66.0,1
1581426666301852,30000000000000000001786A95,3,-59.0,1
1581426666306230,90134BC1F1CE3781AEA1001295,3,-61.0,1
1581426666327480,90134BC1F1CE3781AEA1000995,3,-62.0,1
1581426666342431,90134BC1F1CE3781AEA1002395,3,-66.0,1
1581426666429150,90134BC1F1CE3781AEA1000995,1,-56.5,1
1581426666430267,90134BC1F1CE3781AEA1000295,1,-58.5,1
1581426666432305,E2806890000000001834531795,1,-59.0,1
1581426666433777,90134BC1F1CE3781AEA1001A95,1,-60.0,1
1581426666459927,90134BC1F1CE3781AEA1000995,1,-56.0,1
1581426666461856,90134BC1F1CE3781AEA1000295,1,-58.5,1
1581426666462954,90134BC1F1CE3781AEA1001A95,1,-60.5,1
1581426666464311,E2806890000000001834531795,1,-58.5,1
1581426666501596,90134BC1F1CE3781AEA1002395,2,-60.5,1
1581426666506103,90134BC1F1CE3781AEA1002195,2,-61.0,1
1581426666520730,90134BC1F1CE3781AEA1000995,2,-61.5,1
1581426666545359,90134BC1F1CE3781AEA1002395,2,-61.0,1
1581426666548366,90134BC1F1CE3781AEA1002195,2,-61.5,1
1581426666559187,90134BC1F1CE3781AEA1000995,2,-61.5,1
1581426666589602,30000000000000000001786A95,3,-59.0,1
