1581426501390679,E2806890000000001834531796,1,-59.0,1
1581426501395408,90134BC1F1CE3781AEA1001A96,1,-60.5,1
1581426501396920,90134BC1F1CE3781AEA1000996,1,-58.0,1
1581426501399735,90134BC1F1CE3781AEA1000296,1,-58.5,1
1581426501400910,3005FB63AC1F3681EC8812DB96,1,-63.0,0
1581426501425670,90134BC1F1CE3781AEA1000296,1,-59.0,1
1581426501427829,E2806890000000001834531796,1,-59.0,1
1581426501430706,90134BC1F1CE3781AEA1000996,1,-58.0,1
1581426501433594,90134BC1F1CE3781AEA1001A96,1,-60.0,1
1581426501445321,3005FB63AC1F3681EC8812DB96,1,-63.5,0
1581426501476259,90134BC1F1CE3781AEA1002196,2,-60.5,1
1581426501480079,90134BC1F1CE3781AEA1002396,2,-61.0,1
1581426501502581,90134BC1F1CE3781AEA1000996,2,-63.0,1
1581426501522000,90134BC1F1CE3781AEA1002396,2,-61.0,1
1581426501527795,90134BC1F1CE3781AEA1002196,2,-60.5,1
1581426501546331,90134BC1F1CE3781AEA1000996,2,-62.5,1
1581426501572254,30000000000000000001786A96,3,-59.5,1
1581426501574483,90134BC1F1CE3781AEA1001296,3,-61.5,1
1581426501598284,3005FB63AC1F3681EC8812DB96,3,-67.0,0
1581426501616681,30000000000000000001786A96,3,-59.0,1
1581426501618067,90134BC1F1CE3781AEA1001296,3,-60.5,1
1581426501637462,3005FB63AC1F3681EC8812DB96,3,-67.5,0
1581426501730094,90134BC1F1CE3781AEA1001A96,1,-60.0,1
1581426501732310,90134BC1F1CE3781AEA1000296,1,-58.5,1
1581426501735747,E2806890000000001834531796,1,-59.0,1
1581426501736825,90134BC1F1CE3781AEA1000996,1,-57.0,1
1581426501761235,90134BC1F1CE3781AEA1001A96,1,-60.0,1
1581426501763181,90134BC1F1CE3781AEA1000996,1,-57.0,1
1581426501765980,E2806890000000001834531796,1,-59.0,1
1581426501767297,90134BC1F1CE3781AEA1000296,1,-59.0,1
1581426501801991,90134BC1F1CE3781AEA1002196,2,-60.5,1
1581426501804004,90134BC1F1CE3781AEA1002396,2,-61.5,1
1581426501820395,90134BC1F1CE3781AEA1000996,2,-62.5,1
1581426501842786,90134BC1F1CE3781AEA1002396,2,-61.0,1
1581426501844386,90134BC1F1CE3781AEA1002196,2,-60.5,1
1581426501864981,90134BC1F1CE3781AEA1000996,2,-63.0,1
1581426501887344,90134BC1F1CE3781AEA1001296,3,-60.5,1
1581426501889053,30000000000000000001786A96,3,-59.5,1
1581426501907744,90134BC1F1CE3781AEA1002396,3,-66.0,1
1581426501924322,E28068900000000018345CCE96,3,-74.5,1
1581426501937053,30000000000000000001786A96,3,-59.5,1
1581426501939232,90134BC1F1CE3781AEA1001296,3,-60.5,1
1581426501952926,E28068900000000018345CCE96,3,-74.5,1
1581426501969711,90134BC1F1CE3781AEA1002396,3,-66.0,1
1581426502060024,E2806890000000001834531796,1,-58.5,1
1581426502061957,90134BC1F1CE3781AEA1000996,1,-57.5,1
1581426502063284,90134BC1F1CE3781AEA1001A96,1,-60.0,1
1581426502064384,90134BC1F1CE3781AEA1000296,1,-59.0,1
1581426502093468,90134BC1F1CE3781AEA1000296,1,-59.0,1
1581426502094980,90134BC1F1CE3781AEA1001A96,1,-60.0,1
1581426502097167,E2806890000000001834531796,1,-59.0,1
1581426502100001,90134BC1F1CE3781AEA1000996,1,-58.0,1
1581426502134034,90134BC1F1CE3781AEA1002196,2,-61.5,1
1581426502136936,90134BC1F1CE3781AEA1002396,2,-61.5,1
1581426502155455,90134BC1F1CE3781AEA1000996,2,-63.5,1
1581426502173917,90134BC1F1CE3781AEA1002396,2,-61.5,1
1581426502176130,90134BC1F1CE3781AEA1002196,2,-60.0,1
1581426502189832,90134BC1F1CE3781AEA1000996,2,-63.5,1
1581426502224264,30000000000000000001786A96,3,-59.0,1
1581426502226049,90134BC1F1CE3781AEA1001296,3,-61.5,1
1581426502261410,30000000000000000001786A96,3,-59.0,1
1581426502262738,90134BC1F1CE3781AEA1001296,3,-62.0,1
1581426502362203,90134BC1F1CE3781AEA1000996,1,-58.5,1
1581426502366150,E2806890000000001834531796,1,-59.0,1
1581426502371057,90134BC1F1CE3781AEA1000296,1,-59.0,1
1581426502372755,90134BC1F1CE3781AEA1001A96,1,-61.0,1
1581426502392564,E2806890000000001834316C96,1,-71.0,0
1581426502411966,3005FB63AC1F3681EC8812DB96,1,-64.5,0
1581426502418778,90134BC1F1CE3781AEA1000296,1,-59.0,1
1581426502422365,90134BC1F1CE3781AEA1001A96,1,-61.0,1
1581426502423569,90134BC1F1CE3781AEA1000996,1,-59.0,1
1581426502425472,E2806890000000001834531796,1,-58.0,1
1581426502473267,90134BC1F1CE3781AEA1002196,2,-61.5,1
1581426502475302,90134BC1F1CE3781AEA1002396,2,-61.0,1
1581426502503952,3005FB63AC1F3681EC88155C96,2,-66.0,0
1581426502515119,90134BC1F1CE3781AEA1000996,2,-63.0,1
1581426502523761,90134BC1F1CE3781AEA1002396,2,-61.0,1
1581426502526692,90134BC1F1CE3781AEA1002196,2,-60.5,1
1581426502541476,3005FB63AC1F3681EC88155C96,2,-66.0,0
1581426502574112,90134BC1F1CE3781AEA1001296,3,-62.5,1
1581426502578820,30000000000000000001786A96,3,-59.0,1
1581426502597085,90134BC1F1CE3781AEA1000996,3,-61.5,1
1581426502609996,E28068900000000018345CCE96,3,-74.5,1
1581426502622927,30000000000000000001786A96,3,-58.5,1
1581426502625825,90134BC1F1CE3781AEA1001296,3,-62.0,1
1581426502643251,90134BC1F1CE3781AEA1000996,3,-62.0,1
1581426502654902,E28068900000000018345CCE96,3,-74.5,1
1581426502746777,90134BC1F1CE3781AEA1000296,1,-57.5,1
1581426502749843,90134BC1F1CE3781AEA1000996,1,-57.5,1
1581426502752996,90134BC1F1CE3781AEA1001A96,1,-61.0,1
1581426502754068,E2806890000000001834531796,1,-58.5,1
1581426502774702,3005FB63AC1F3681EC88155C96,1,-67.5,0
1581426502809522,E2806890000000001834531796,1,-59.0,1
1581426502810995,90134BC1F1CE3781AEA1000296,1,-57.5,1
1581426502812102,90134BC1F1CE3781AEA1000996,1,-58.0,1
1581426502838870,90134BC1F1CE3781AEA1001A96,1,-61.5,1
1581426502848471,3005FB63AC1F3681EC88155C96,1,-66.5,0
1581426502864202,90134BC1F1CE3781AEA1002396,2,-61.5,1
1581426502866131,90134BC1F1CE3781AEA1002196,2,-60.5,1
1581426502892179,90134BC1F1CE3781AEA1002396,2,-61.5,1
1581426502894449,90134BC1F1CE3781AEA1002196,2,-61.0,1
1581426502920697,3005FB63AC1F3681EC88155C96,2,-64.5,0
1581426502938581,90134BC1F1CE3781AEA1001296,3,-62.0,1
1581426502943911,90134BC1F1CE3781AEA1000996,3,-60.5,1
1581426502945022,30000000000000000001786A96,3,-59.5,1
1581426502956275,E28068900000000018344AC596,3,-77.5,0
1581426502978846,90134BC1F1CE3781AEA1002396,3,-66.0,1
1581426503002287,30000000000000000001786A96,3,-60.0,1
1581426503015633,90134BC1F1CE3781AEA1000996,3,-61.5,1
1581426503027059,90134BC1F1CE3781AEA1001296,3,-63.5,1
1581426503108357,90134BC1F1CE3781AEA1000996,1,-57.5,1
1581426503112567,2005FB63EAC13681E5C6025A96,1,-60.5,0
1581426503116500,3005FB63AC1F3681EC8812DB96,1,-62.0,0
1581426503117914,90134BC1F1CE3781AEA1000296,1,-58.5,1
1581426503118943,E2806890000000001834531796,1,-58.5,1
1581426503120597,1007CEA7AC1F3681EC88046896,1,-62.0,0
1581426503128454,7336CEF1C1FE3682DEA1004A96,1,-62.5,0
1581426503132735,90134BC1F1CE3781AEA1001A96,1,-60.0,1
1581426503135684,3005FB63AC1F3681EC88155C96,1,-62.5,0
1581426503174717,2005FB63EAC13681E5C6025A96,1,-62.0,0
1581426503176895,E2806890000000001834531796,1,-57.5,1
1581426503178269,90134BC1F1CE3781AEA1000296,1,-59.0,1
1581426503182942,90134BC1F1CE3781AEA1001A96,1,-60.0,1
1581426503184310,3005FB63AC1F3681EC8812DB96,1,-63.5,0
1581426503185426,90134BC1F1CE3781AEA1000996,1,-58.0,1
1581426503189269,3005FB63AC1F3681EC88155C96,1,-63.0,0
1581426503190865,1007CEA7AC1F3681EC88046896,1,-60.5,0
1581426503247331,90134BC1F1CE3781AEA1002396,2,-62.0,1
1581426503250168,90134BC1F1CE3781AEA1002196,2,-60.0,1
1581426503277189,90134BC1F1CE3781AEA1000996,2,-62.0,1
1581426503303164,90134BC1F1CE3781AEA1002196,2,-60.5,1
1581426503304300,90134BC1F1CE3781AEA1002396,2,-62.0,1
1581426503325199,90134BC1F1CE3781AEA1000996,2,-62.0,1
1581426503353006,30000000000000000001786A96,3,-60.0,1
1581426503360428,3005FB63AC1F3681EC88155C96,3,-64.5,0
1581426503372349,3005FB63AC1F3681EC8812DB96,3,-65.0,0
1581426503396328,90134BC1F1CE3781AEA1000996,3,-63.0,1
1581426503408780,3005FB63AC1F3681EC88155C96,3,-63.5,0
1581426503409891,30000000000000000001786A96,3,-59.0,1
1581426503422101,3005FB63AC1F3681EC8812DB96,3,-65.0,0
1581426503538595,3005FB63AC1F3681EC8813AD96,1,-61.5,0
1581426503541131,E2806890000000001834531796,1,-58.5,1
1581426503546610,3005FB63AC1F3681EC8815B996,1,-60.0,0
1581426503554621,1007CEA7AC1F3681EC88046896,1,-61.0,0
1581426503557298,3005FB63AC1F3681EC88149C96,1,-61.5,0
1581426503560137,2005FB63EAC13681E5C602E896,1,-62.5,0
1581426503564343,2005FB63EAC13681E4EC0F5096,1,-57.5,0
1581426503565464,90134BC1F1CE3781AEA1000996,1,-57.0,1
1581426503566816,2005FB63EAC13681E5C6025A96,1,-56.5,0
1581426503573061,2005FB63EAC13681E4EC0F4B96,1,-63.5,0
1581426503575976,90134BC1F1CE3781AEA1001A96,1,-61.5,1
1581426503588313,E280689000000000183444A496,1,-68.0,0
1581426503589388,3005FB63AC1F3681EC88155C96,1,-60.5,0
1581426503590496,90134BC1F1CE3781AEA1000E96,1,-66.0,0
1581426503604331,E2806890000000001834362C96,1,-71.5,0
1581426503620439,90134BC1F1CE3781AEA1000B96,1,-63.5,0
1581426503630067,E28068900000000018343B1796,1,-68.0,0
1581426503635015,E2806890000000001834531796,1,-60.0,1
1581426503636357,90134BC1F1CE3781AEA1001A96,1,-62.5,1
1581426503637665,E280689000000000183444A496,1,-68.0,0
1581426503639026,90134BC1F1CE3781AEA1000996,1,-56.5,1
1581426503641129,2005FB63EAC13681E4EC0F5096,1,-55.0,0
1581426503643025,E2806890000000001834362C96,1,-70.0,0
1581426503644610,3005FB63AC1F3681EC8813AD96,1,-60.5,0
1581426503648098,1007CEA7AC1F3681EC88046896,1,-60.0,0
1581426503650233,2005FB63EAC13681E5C6025A96,1,-55.5,0
1581426503652462,3005FB63AC1F3681EC8815B996,1,-58.0,0
1581426503659756,2005FB63EAC13681E5C602E896,1,-61.5,0
1581426503661026,90134BC1F1CE3781AEA1000B96,1,-62.5,0
1581426503662167,2005FB63EAC13681E4EC0F4B96,1,-62.0,0
1581426503663246,3005FB63AC1F3681EC88155C96,1,-60.0,0
1581426503668624,90134BC1F1CE3781AEA1000E96,1,-63.5,0
1581426503682312,3005FB63AC1F3681EC88149C96,1,-63.0,0
1581426503697226,E28068900000000018344AC596,1,-71.5,0
1581426503724601,3005FB63AC1F3681EC8812DB96,2,-61.5,0
1581426503729800,90134BC1F1CE3781AEA1002196,2,-60.5,1
1581426503737943,90134BC1F1CE3781AEA1002396,2,-60.5,1
1581426503742743,2005FB63AC1F3681AB1004E396,2,-64.0,0
1581426503754869,7336CEF1C1FE3682DEA1004F96,2,-65.0,0
1581426503776772,2005FB63AC1F3681AB1005CE96,2,-67.0,0
1581426503784207,90134BC1F1CE3781AEA1002196,2,-61.0,1
1581426503785961,90134BC1F1CE3781AEA1002396,2,-60.5,1
1581426503787889,3005FB63AC1F3681EC8812DB96,2,-60.5,0
1581426503789841,2005FB63AC1F3681AB1004E396,2,-64.5,0
1581426503804615,7336CEF1C1FE3682DEA1004F96,2,-65.5,0
1581426503846518,30000000000000000001786A96,3,-59.0,1
1581426503851498,2005FB63EAC13681E4EC0F5096,3,-60.5,0
1581426503854595,3005FB63AC1F3681EC8812DB96,3,-60.0,0
1581426503858089,2005FB63AC1F3681AB1005CE96,3,-64.0,0
1581426503862898,E2806890000000001834316B96,3,-69.0,0
1581426503867329,7336CEF1C1FE3682DEA1006996,3,-62.5,0
1581426503872534,90134BC1F1CE3781AEA1001996,3,-62.5,0
1581426503894478,90134BC1F1CE3781AEA1001596,3,-67.0,0
1581426503904188,E2806890000000001834376096,3,-75.5,0
1581426503915628,7336CEF1C1FE3682DEA1004B96,3,-66.5,0
1581426503923653,3005FB63AC1F3681EC8812DB96,3,-58.5,0
1581426503925798,2005FB63AC1F3681AB1005CE96,3,-63.0,0
1581426503927177,90134BC1F1CE3781AEA1001996,3,-62.5,0
1581426503929876,30000000000000000001786A96,3,-59.0,1
1581426503936607,2005FB63EAC13681E4EC0F5096,3,-59.5,0
1581426503937691,7336CEF1C1FE3682DEA1006996,3,-61.5,0
1581426503939833,E2806890000000001834316B96,3,-68.0,0
1581426503953743,E2806890000000001834376096,3,-74.5,0
1581426503970514,90134BC1F1CE3781AEA1001296,3,-63.5,1
1581426504060595,1007CEA7AC1F3681EAC5106D96,1,-52.5,0
1581426504062313,3005FB63AC1F3681EC8812DB96,1,-61.0,0
1581426504068522,2005FB63EAC13681E5C602A196,1,-59.5,0
1581426504070152,2005FB63EAC13681E5C6025A96,1,-59.5,0
1581426504071854,E28068900000000018344AC596,1,-66.0,0
1581426504073219,7336CEF1C1FE3682DEA1004A96,1,-56.5,0
1581426504075521,3005FB63AC1F3681EC8811B096,1,-55.5,0
1581426504077051,E2806890000000001834499496,1,-64.5,0
1581426504078188,3005FB63AC1F3681EC88132C96,1,-61.5,0
1581426504080336,E2806890000000001834329F96,1,-67.0,0
1581426504081427,E2806890000000001834498996,1,-66.0,0
1581426504084616,3005FB63AC1F3681EC88131E96,1,-58.5,0
1581426504085712,3005FB63AC1F3681EC88077196,1,-55.5,0
1581426504086843,1007CEA7AC1F3681EC88046896,1,-57.5,0
1581426504090469,90144BC1F1CE3681EA88081196,1,-61.5,0
1581426504091541,E2806890000000001834412096,1,-68.0,0
1581426504092633,E28068900000000018343B2396,1,-68.0,0
1581426504093743,3005FB63AC1F3681EC88131696,1,-57.5,0
1581426504094838,3005FB63AC1F3681EC8813AE96,1,-59.5,0
1581426504096186,3005FB63AC1F3681EC88142896,1,-61.0,0
1581426504097258,E280689000000000183445D596,1,-65.5,0
1581426504098330,E2806890000000001834411496,1,-67.5,0
1581426504099436,2005FB63EAC13681E4EC0F5096,1,-54.0,0
1581426504103653,E28068900000000018343B1796,1,-67.5,0
1581426504106710,3005FB63AC1F3681EC88137896,1,-63.0,0
1581426504107844,2005FB63EAC13681E5C602E896,1,-60.5,0
1581426504109153,E2806890000000001834411596,1,-66.0,0
1581426504111280,E2806890000000001834376696,1,-66.5,0
1581426504112922,3005FB63AC1F3681EC88145A96,1,-59.5,0
1581426504114289,90134BC1F1CE3781AEA1000996,1,-58.5,1
1581426504115349,E280689000000000183444A496,1,-64.0,0
1581426504117389,3005FB63AC1F3681EC88131796,1,-62.0,0
1581426504118453,90134BC1F1CE3781AEA1000E96,1,-64.0,0
1581426504119532,3005FB63AC1F3681EC88155C96,1,-62.5,0
1581426504122827,2005FB63AC1F3681AB1004E396,1,-62.0,0
1581426504124505,3005FB63AC1F3681EC8812B796,1,-64.0,0
1581426504127149,3005FB63AC1F3681EC88145896,1,-59.0,0
1581426504129271,3005FB63AC1F3681EC8805AA96,1,-59.0,0
1581426504131258,E28068900000000018344AD196,1,-66.5,0
1581426504133065,E28068900000000018343FE296,1,-66.5,0
1581426504135799,7336CEF1C1FE3682DEA1004696,1,-63.0,0
1581426504136931,3005FB63AC1F3681EC8813AD96,1,-57.0,0
1581426504140887,3005FB63AC1F3681EC88149C96,1,-55.0,0
1581426504141924,E28068900000000018343FE396,1,-68.0,0
1581426504143226,E280689000000000183444A596,1,-67.0,0
1581426504144308,2005FB63EAC13681E5C6027B96,1,-54.0,0
1581426504145967,7336CEF1C1FE3682DEA1006996,1,-63.5,0
1581426504147830,3005FB63AC1F3681EC8814A096,1,-62.0,0
1581426504148945,3005FB63AC1F3681EC88116696,1,-58.5,0
1581426504153874,2005FB63AC1F3681AB1005CE96,1,-62.0,0
1581426504155004,90134BC1F1CE3781AEA1001A96,1,-62.5,1
1581426504156330,90134BC1F1CE3781AEA1000196,1,-63.0,0
1581426504160884,E2806890000000001834531796,1,-63.5,1
1581426504165634,E280689000000000183445E096,1,-67.0,0
1581426504167265,E2806890000000001834363296,1,-65.5,0
1581426504170452,2005FB63EAC13681E4EC0F4C96,1,-60.0,0
1581426504174964,E28068900000000018343FEE96,1,-66.0,0
1581426504176286,E280689000000000183444B196,1,-66.5,0
1581426504177645,3005FB63AC1F3681EC88149096,1,-61.0,0
1581426504178717,E28068900000000018342CA496,1,-71.0,0
1581426504180770,E28068900000000018343C5D96,1,-66.0,0
1581426504182847,E28068900000000018343B1896,1,-66.0,0
1581426504184031,90134BC1F1CE3781AEA1001996,1,-61.5,0
1581426504187048,2005FB63EAC13681E4EC0F4B96,1,-55.5,0
1581426504188383,E2806890000000001834498A96,1,-65.0,0
1581426504193002,E280689000000000183444A696,1,-66.0,0
1581426504194137,3025AB20CA1F3681CF10111596,1,-61.0,0
1581426504196045,90134BC1F1CE3781AEA1000596,1,-63.5,0
1581426504197147,E28068900000000018343C5296,1,-65.5,0
1581426504198336,E28068900000000018343C5196,1,-66.0,0
1581426504199718,7336CEF1C1FE3682DEA1004B96,1,-62.0,0
1581426504202770,E2806890000000001834363396,1,-68.5,0
1581426504204861,E28068900000000018343B1196,1,-70.0,0
1581426504206625,E2806890000000001834376796,1,-66.5,0
1581426504207937,E2806890000000001834316B96,1,-66.5,0
1581426504223021,3005FB63AC1F3681EC8814B796,1,-65.5,0
1581426504232585,3005FB63AC1F3681EC8814A496,1,-61.0,0
1581426504243807,1532FB63AC1F3681EC88046896,1,-66.0,0
1581426504251699,2005FB63EAC13681E5C6027B96,1,-52.5,0
1581426504253700,3005FB63AC1F3681EC88145896,1,-58.5,0
1581426504257319,7336CEF1C1FE3682DEA1004B96,1,-62.0,0
1581426504258951,2005FB63EAC13681E4EC0F5096,1,-57.5,0
1581426504261227,E28068900000000018343FEE96,1,-65.5,0
1581426504262550,3005FB63AC1F3681EC88131E96,1,-57.0,0
1581426504263635,E28068900000000018343FE296,1,-65.0,0
1581426504264975,3005FB63AC1F3681EC88149C96,1,-53.0,0
1581426504266173,2005FB63AC1F3681AB1004E396,1,-61.5,0
1581426504267207,E28068900000000018343B2396,1,-66.0,0
1581426504268539,3025AB20CA1F3681CF10111596,1,-61.0,0
1581426504269884,3005FB63AC1F3681EC8812B796,1,-61.0,0
1581426504270940,E2806890000000001834499496,1,-65.0,0
1581426504277775,E28068900000000018343C5296,1,-65.5,0
1581426504278874,E28068900000000018343C5196,1,-65.5,0
1581426504280218,2005FB63AC1F3681AB1005CE96,1,-61.5,0
1581426504281318,E28068900000000018343C5D96,1,-65.0,0
1581426504282471,1007CEA7AC1F3681EC88046896,1,-56.0,0
1581426504283599,7336CEF1C1FE3682DEA1004A96,1,-57.5,0
1581426504287725,90134BC1F1CE3781AEA1000996,1,-58.5,1
1581426504289305,E2806890000000001834329F96,1,-68.0,0
1581426504290856,E2806890000000001834316B96,1,-66.0,0
1581426504291935,E280689000000000183445E096,1,-65.5,0
1581426504293257,3005FB63AC1F3681EC88077196,1,-53.0,0
1581426504299015,E2806890000000001834498996,1,-64.5,0
1581426504300346,90134BC1F1CE3781AEA1001996,1,-61.5,0
1581426504301789,3005FB63AC1F3681EC8813AD96,1,-58.0,0
1581426504302885,3005FB63AC1F3681EC88137896,1,-60.5,0
1581426504305031,3005FB63AC1F3681EC8811B096,1,-58.5,0
1581426504307476,3005FB63AC1F3681EC88155C96,1,-59.0,0
1581426504308580,1007CEA7AC1F3681EAC5106D96,1,-54.0,0
1581426504310859,2005FB63EAC13681E4EC0F4C96,1,-57.5,0
1581426504313614,E280689000000000183444A696,1,-66.0,0
1581426504315035,2005FB63EAC13681E5C602E896,1,-58.5,0
1581426504317571,90134BC1F1CE3781AEA1001A96,1,-62.5,1
1581426504318969,3005FB63AC1F3681EC88116696,1,-58.5,0
1581426504321048,E28068900000000018344AD196,1,-64.0,0
1581426504323148,90144BC1F1CE3681EA88081196,1,-61.0,0
1581426504324486,3005FB63AC1F3681EC8813AE96,1,-59.5,0
1581426504327198,E280689000000000183445D596,1,-65.5,0
1581426504329605,E28068900000000018343B1796,1,-65.5,0
1581426504330760,3005FB63AC1F3681EC8814A096,1,-62.0,0
1581426504332094,7336CEF1C1FE3682DEA1006996,1,-62.5,0
1581426504334017,3005FB63AC1F3681EC88145A96,1,-56.5,0
1581426504335304,E2806890000000001834411496,1,-64.5,0
1581426504336419,E280689000000000183444A596,1,-64.5,0
1581426504337977,E28068900000000018344AC596,1,-64.5,0
1581426504339333,E28068900000000018343B1896,1,-67.0,0
1581426504341706,3005FB63AC1F3681EC8814A496,1,-58.5,0
1581426504342836,2005FB63EAC13681E5C602A196,1,-61.0,0
1581426504344181,90134BC1F1CE3781AEA1000196,1,-63.0,0
1581426504345838,90134BC1F1CE3781AEA1001596,1,-63.5,0
1581426504346960,3005FB63AC1F3681EC88131696,1,-55.5,0
1581426504349029,3005FB63AC1F3681EC8805AA96,1,-61.0,0
1581426504352146,3005FB63AC1F3681EC88131796,1,-60.5,0
1581426504354156,E2806890000000001834412096,1,-64.0,0
1581426504355250,E2806890000000001834498A96,1,-65.5,0
1581426504357155,2005FB63EAC13681E4EC0F4B96,1,-55.5,0
1581426504358737,E2806890000000001834531796,1,-61.5,1
1581426504361241,E28068900000000018343FE396,1,-64.5,0
1581426504362326,90134BC1F1CE3781AEA1000596,1,-61.5,0
1581426504363819,3005FB63AC1F3681EC88142896,1,-58.0,0
1581426504366033,E280689000000000183444A496,1,-63.5,0
1581426504367423,E2806890000000001834411596,1,-63.0,0
1581426504369519,E280689000000000183444B196,1,-65.5,0
1581426504370645,7336CEF1C1FE3682DEA1004696,1,-61.5,0
1581426504372714,3005FB63AC1F3681EC8814B796,1,-62.0,0
1581426504376963,2005FB63EAC13681E5C6025A96,1,-58.5,0
1581426504391477,E28068900000000018342CA496,1,-72.5,0
1581426504404514,3005FB63AC1F3681EC88132C96,1,-65.0,0
1581426504414199,E2806890000000001834363396,1,-71.5,0
1581426504431185,2005FB63AC1F3681AB1004E396,2,-59.0,0
1581426504435073,3005FB63AC1F3681EC88150196,2,-59.0,0
1581426504436268,3005FB63AC1F3681EC8811B596,2,-65.0,0
1581426504440458,2005FB63EAC13681E4EC0F4B96,2,-58.5,0
1581426504441570,3005FB63AC1F3681EC8805A996,2,-61.5,0
1581426504443900,1007CEA7AC1F3681EC88046896,2,-63.5,0
1581426504445972,3005FB63AC1F3681EC8814A896,2,-58.0,0
1581426504449285,90144BC1F1CE3681EA88081196,2,-64.0,0
1581426504450411,90134BC1F1CE3781AEA1002396,2,-62.0,1
1581426504454828,2005FB63AC1F3681AB1005CE96,2,-63.5,0
1581426504456240,2005FB63EAC13681E4EC0FE996,2,-62.0,0
1581426504463379,E28068900000000018343C5196,2,-67.5,0
1581426504464757,2005FB63EAC13681E4EC0FE896,2,-58.5,0
1581426504472055,7336CEF1C1FE3682DEA1004A96,2,-61.5,0
1581426504473715,2005FB63EAC13681E5C6029396,2,-63.0,0
1581426504478381,E28068900000000018343C5296,2,-67.5,0
1581426504479545,3005FB63AC1F3681EC8814C196,2,-58.0,0
1581426504482108,2005FB63EAC13681E4EC0FEA96,2,-57.5,0
1581426504486945,3005FB63AC1F3681EC8805A596,2,-66.5,0
1581426504488946,E28068900000000018343B1796,2,-66.5,0
1581426504493365,E2806890000000001834316B96,2,-67.5,0
1581426504495533,E28068900000000018343C5D96,2,-67.0,0
1581426504496606,E28068900000000018343FEE96,2,-68.0,0
1581426504498579,E28068900000000018343FE396,2,-67.5,0
1581426504511676,90134BC1F1CE3781AEA1002196,2,-60.0,1
1581426504514763,E28068900000000018343B1896,2,-68.5,0
1581426504540809,7336CEF1C1FE3682DEA1005C96,2,-61.5,0
1581426504553838,3005FB63AC1F3681EC88149C96,2,-69.0,0
1581426504565108,3005FB63AC1F3681EC8812AB96,2,-68.5,0
1581426504574065,E28068900000000018343FEE96,2,-67.0,0
1581426504576022,2005FB63EAC13681E4EC0FEA96,2,-56.5,0
1581426504577558,3005FB63AC1F3681EC8812DB96,2,-54.5,0
1581426504580237,90134BC1F1CE3781AEA1002196,2,-61.5,1
1581426504581375,3005FB63AC1F3681EC8811B596,2,-64.0,0
1581426504582452,E28068900000000018343C5296,2,-66.5,0
1581426504584715,3005FB63AC1F3681EC8805A596,2,-64.0,0
1581426504586841,2005FB63AC1F3681AB1005CE96,2,-61.0,0
1581426504588456,2005FB63EAC13681E4EC0F4B96,2,-58.5,0
1581426504589860,3005FB63AC1F3681EC8814A896,2,-58.5,0
1581426504590972,2005FB63AC1F3681AB1004E396,2,-59.5,0
1581426504592111,90134BC1F1CE3781AEA1002396,2,-60.0,1
1581426504593466,3005FB63AC1F3681EC8805A996,2,-60.0,0
1581426504594539,3005FB63AC1F3681EC88150196,2,-58.5,0
1581426504595878,3005FB63AC1F3681EC8814C196,2,-59.0,0
1581426504597939,2005FB63EAC13681E4EC0FE896,2,-59.0,0
1581426504599895,E28068900000000018343B1896,2,-67.5,0
1581426504603512,7336CEF1C1FE3682DEA1004A96,2,-59.0,0
1581426504605373,2005FB63EAC13681E5C6029396,2,-60.0,0
1581426504606503,1007CEA7AC1F3681EC88046896,2,-62.5,0
1581426504607656,E28068900000000018343FE396,2,-67.0,0
1581426504608742,E2806890000000001834316B96,2,-67.0,0
1581426504611181,90144BC1F1CE3681EA88081196,2,-62.5,0
1581426504613414,E28068900000000018343C5196,2,-66.5,0
1581426504615390,E28068900000000018343C5D96,2,-67.0,0
1581426504617798,E28068900000000018343B1796,2,-66.0,0
1581426504620030,2005FB63EAC13681E4EC0FE996,2,-63.0,0
1581426504634952,7336CEF1C1FE3682DEA1005C96,2,-61.5,0
1581426504649633,E2806890000000001834376796,2,-72.0,0
1581426504660991,3005FB63AC1F3681EC88149C96,2,-64.5,0
1581426504678617,3005FB63AC1F3681EC8812DB96,3,-55.0,0
1581426504680147,7336CEF1C1FE3682DEA1005196,3,-63.0,0
1581426504681272,2005FB63AC1F3681AB1004E396,3,-57.5,0
1581426504686479,90134BC1F1CE3781AEA1001296,3,-59.0,1
1581426504691172,3005FB63AC1F3681EC8814A896,3,-57.5,0
1581426504693549,3005FB63AC1F3681EC8814BC96,3,-63.0,0
1581426504699993,3005FB63AC1F3681EC8814B796,3,-62.0,0
1581426504702797,90134BC1F1CE3781AEA1001196,3,-64.0,0
1581426504708209,30000000000000000001786A96,3,-59.5,1
1581426504709574,3005FB63AC1F3681EC8814A496,3,-60.0,0
1581426504713565,2005FB63EAC13681E5C6028D96,3,-59.0,0
1581426504717025,7336CEF1C1FE3682DEA1006996,3,-61.5,0
1581426504718091,90134BC1F1CE3781AEA1001596,3,-64.0,0
1581426504719958,3005FB63AC1F3681EC8812B796,3,-63.5,0
1581426504725024,7336CEF1C1FE3682DEA1004B96,3,-64.0,0
1581426504727188,3025AB20CA1F3681CF10111596,3,-62.0,0
1581426504732705,2005FB63EAC13681E4EC0F5096,3,-57.5,0
1581426504734033,90134BC1F1CE3781AEA1000596,3,-60.0,0
1581426504736375,7336CEF1C1FE3682DEA1004A96,3,-60.0,0
1581426504737740,3005FB63AC1F3681EC8814C196,3,-59.0,0
1581426504744930,7336CEF1C1FE3682DEA1004C96,3,-62.5,0
1581426504749479,2005FB63AC1F3681AB1005CE96,3,-61.5,0
1581426504750964,3005FB63AC1F3681EC8805A596,3,-62.5,0
1581426504752594,90144BC1F1CE3681EA88081196,3,-60.0,0
1581426504756310,90134BC1F1CE3781AEA1001996,3,-62.0,0
1581426504758899,7336CEF1C1FE3682DEA1004696,3,-61.0,0
1581426504760059,3005FB63AC1F3681EC88131796,3,-61.0,0
1581426504762811,3005FB63AC1F3681EC8811B096,3,-62.5,0
1581426504764165,90134BC1F1CE3781AEA1000196,3,-61.5,0
1581426504788402,2005FB63EAC13681E5C602A196,3,-65.0,0
1581426504803038,E280689000000000183444B196,3,-70.0,0
1581426504812595,3005FB63AC1F3681EC88132C96,3,-63.0,0
1581426504821363,7336CEF1C1FE3682DEA1004696,3,-59.5,0
1581426504823799,3005FB63AC1F3681EC88131796,3,-59.0,0
1581426504827058,90134BC1F1CE3781AEA1001296,3,-59.0,1
1581426504828431,2005FB63EAC13681E5C602A196,3,-63.0,0
1581426504830881,2005FB63AC1F3681AB1005CE96,3,-61.5,0
1581426504832013,90144BC1F1CE3681EA88081196,3,-59.5,0
1581426504833167,7336CEF1C1FE3682DEA1004A96,3,-57.0,0
1581426504834251,2005FB63EAC13681E5C6028D96,3,-57.5,0
1581426504837842,30000000000000000001786A96,3,-58.5,1
1581426504839189,7336CEF1C1FE3682DEA1004C96,3,-61.5,0
1581426504840292,90134BC1F1CE3781AEA1000196,3,-61.0,0
1581426504841391,3005FB63AC1F3681EC8814BC96,3,-61.5,0
1581426504845582,3005FB63AC1F3681EC8814A496,3,-60.0,0
1581426504846940,90134BC1F1CE3781AEA1000596,3,-59.0,0
1581426504848065,3005FB63AC1F3681EC8805A596,3,-64.0,0
1581426504850043,90134BC1F1CE3781AEA1001996,3,-63.0,0
1581426504851930,3005FB63AC1F3681EC8814B796,3,-59.5,0
1581426504856408,3005FB63AC1F3681EC8812DB96,3,-57.0,0
1581426504861188,3005FB63AC1F3681EC8814C196,3,-57.5,0
1581426504864339,2005FB63AC1F3681AB1004E396,3,-58.0,0
1581426504865411,3005FB63AC1F3681EC8811B096,3,-60.5,0
1581426504870812,3005FB63AC1F3681EC8814A896,3,-60.0,0
1581426504875543,7336CEF1C1FE3682DEA1006996,3,-61.5,0
1581426504876651,3025AB20CA1F3681CF10111596,3,-64.0,0
1581426504877952,3005FB63AC1F3681EC8812B796,3,-62.0,0
1581426504897826,7336CEF1C1FE3682DEA1005196,3,-68.5,0
1581426504989513,3025AB20CA1F3681CF10111596,1,-62.0,0
1581426504992358,1007CEA7AC1F3681EAC5106D96,1,-56.5,0
1581426504993665,2005FB63EAC13681E5C602E896,1,-59.0,0
1581426504995060,2005FB63EAC13681E4EC0FEC96,1,-61.5,0
1581426504996203,3005FB63AC1F3681EC88077196,1,-53.5,0
1581426505001711,3005FB63AC1F3681EC8814A496,1,-58.5,0
1581426505003329,3005FB63AC1F3681EC8813AE96,1,-59.0,0
1581426505006109,3005FB63AC1F3681EC88144896,1,-55.0,0
1581426505007200,90134BC1F1CE3781AEA1000996,1,-54.0,1
1581426505009964,2005FB63EAC13681E5C6027B96,1,-53.0,0
1581426505011572,3005FB63AC1F3681EC8814A896,1,-61.5,0
1581426505014048,1007CEA7AC1F3681EC88046896,1,-63.5,0
1581426505016546,3005FB63AC1F3681EC88155C96,1,-60.0,0
1581426505024042,2005FB63EAC13681E5C6025A96,1,-58.0,0
1581426505026053,3005FB63AC1F3681EC88116696,1,-60.5,0
1581426505029416,3005FB63AC1F3681EC8815B996,1,-59.5,0
1581426505036929,E2806890000000001834531796,1,-57.0,1
1581426505038269,7336CEF1C1FE3682DEA1004A96,1,-60.0,0
1581426505041960,3005FB63AC1F3681EC88137896,1,-58.5,0
1581426505047604,3005FB63AC1F3681EC88142896,1,-60.5,0
1581426505051039,2005FB63EAC13681E4EC0F4C96,1,-60.5,0
1581426505052692,3005FB63AC1F3681EC88131696,1,-60.5,0
1581426505055049,3005FB63AC1F3681EC8805A996,1,-58.5,0
1581426505056359,3005FB63AC1F3681EC8812AB96,1,-61.5,0
1581426505057423,3005FB63AC1F3681EC88131E96,1,-60.0,0
1581426505060866,90134BC1F1CE3781AEA1000296,1,-59.5,1
1581426505068175,90134BC1F1CE3781AEA1001996,1,-62.5,0
1581426505071226,2005FB63EAC13681E4EC0FE996,1,-61.0,0
1581426505073714,2005FB63EAC13681E5C602A196,1,-62.0,0
1581426505075845,3005FB63AC1F3681EC8811B596,1,-58.5,0
1581426505079075,3005FB63AC1F3681EC8814B796,1,-64.5,0
1581426505084577,90134BC1F1CE3781AEA1001A96,1,-60.5,1
1581426505086172,3005FB63AC1F3681EC8805A596,1,-62.0,0
1581426505088392,3005FB63AC1F3681EC8811B096,1,-54.5,0
1581426505092086,2005FB63EAC13681E4EC0FE896,1,-64.0,0
1581426505131369,E2806890000000001834411496,1,-68.0,0
1581426505139949,3005FB63AC1F3681EC88116696,1,-61.5,0
1581426505141272,2005FB63EAC13681E5C6027B96,1,-53.5,0
1581426505142367,2005FB63EAC13681E5C6025A96,1,-57.5,0
1581426505143976,3005FB63AC1F3681EC88137896,1,-59.5,0
1581426505145074,90134BC1F1CE3781AEA1001A96,1,-59.5,1
1581426505146886,E2806890000000001834531796,1,-57.0,1
1581426505151531,90134BC1F1CE3781AEA1000996,1,-56.0,1
1581426505153895,1007CEA7AC1F3681EAC5106D96,1,-56.0,0
1581426505154994,3005FB63AC1F3681EC88077196,1,-55.5,0
1581426505156364,3005FB63AC1F3681EC8811B096,1,-54.0,0
1581426505157507,90134BC1F1CE3781AEA1001996,1,-61.5,0
1581426505159952,3005FB63AC1F3681EC88144896,1,-56.5,0
1581426505164503,3005FB63AC1F3681EC88155C96,1,-67.5,0
1581426505169577,E2806890000000001834376696,1,-67.0,0
1581426505172231,3005FB63AC1F3681EC8813AE96,1,-59.5,0
1581426505173358,3005FB63AC1F3681EC8811B596,1,-60.5,0
1581426505175884,3005FB63AC1F3681EC8805A596,1,-63.5,0
1581426505182908,3025AB20CA1F3681CF10111596,1,-61.0,0
1581426505309410,1007CEA7AC1F3681EC88046896,1,-63.5,0
1581426505319923,90134BC1F1CE3781AEA1000296,1,-59.5,1
1581426505321659,2005FB63EAC13681E5C602E896,1,-63.0,0
1581426505339673,3005FB63AC1F3681EC8815B996,1,-60.5,0
1581426505354346,2005FB63EAC13681E4EC0FE896,1,-65.0,0
1581426505383010,2005FB63AC1F3681AB1004E396,2,-57.5,0
1581426505384139,3005FB63AC1F3681EC8812DB96,2,-57.0,0
1581426505385499,2005FB63EAC13681E5C6029396,2,-61.0,0
1581426505389254,3005FB63AC1F3681EC88155C96,2,-63.5,0
1581426505398076,3005FB63AC1F3681EC8811B596,2,-65.5,0
1581426505404364,7336CEF1C1FE3682DEA1005096,2,-61.0,0
1581426505405436,E28068900000000018344AD196,2,-67.0,0
1581426505407294,3005FB63AC1F3681EC8814BC96,2,-60.5,0
1581426505408916,2005FB63EAC13681E4EC0F4B96,2,-59.5,0
1581426505414812,E2806890000000001834376096,2,-67.5,0
1581426505419553,2005FB63EAC13681E5C6025A96,2,-57.5,0
1581426505420688,3005FB63AC1F3681EC88150196,2,-60.5,0
1581426505421786,3005FB63AC1F3681EC88143C96,2,-62.0,0
1581426505422864,E280689000000000183432A096,2,-67.5,0
1581426505427671,2005FB63EAC13681E4EC0FE896,2,-56.0,0
1581426505430719,3005FB63AC1F3681EC88137896,2,-61.5,0
1581426505445168,1007CEA7AC1F3681EAC5106D96,2,-53.5,0
1581426505447219,2005FB63EAC13681E4EC0FEA96,2,-56.5,0
1581426505449597,3005FB63AC1F3681EC88145896,2,-66.0,0
1581426505451818,3005FB63AC1F3681EC8814C196,2,-54.0,0
1581426505452920,3005FB63AC1F3681EC88116696,2,-61.5,0
1581426505474814,2005FB63AC1F3681AB1005CE96,2,-67.5,0
1581426505485585,E2806890000000001834316B96,2,-68.5,0
1581426505521868,90134BC1F1CE3781AEA1000996,2,-60.0,1
1581426505541534,3005FB63AC1F3681EC88149096,2,-65.5,0
1581426505547934,3005FB63AC1F3681EC8814BC96,2,-59.5,0
1581426505549074,3005FB63AC1F3681EC8812DB96,2,-58.5,0
1581426505550171,2005FB63AC1F3681AB1004E396,2,-57.5,0
1581426505552278,2005FB63EAC13681E5C6029396,2,-63.0,0
1581426505553357,3005FB63AC1F3681EC88137896,2,-59.5,0
1581426505555609,2005FB63EAC13681E4EC0F4B96,2,-59.5,0
1581426505556658,3005FB63AC1F3681EC8814B796,2,-57.5,0
1581426505558232,2005FB63EAC13681E5C602A196,2,-61.0,0
1581426505559634,2005FB63EAC13681E4EC0FEA96,2,-57.0,0
1581426505563022,3005FB63AC1F3681EC8814C196,2,-53.5,0
1581426505564085,90134BC1F1CE3781AEA1000996,2,-59.0,1
1581426505570115,1007CEA7AC1F3681EAC5106D96,2,-53.5,0
1581426505571239,2005FB63EAC13681E5C6025A96,2,-55.0,0
1581426505573954,3005FB63AC1F3681EC8814A896,2,-56.5,0
1581426505578001,E2806890000000001834316B96,2,-71.5,0
1581426505586011,3005FB63AC1F3681EC8811B596,2,-62.0,0
1581426505588524,3005FB63AC1F3681EC88142896,2,-59.0,0
1581426505589611,3005FB63AC1F3681EC88131696,2,-61.0,0
1581426505590686,3005FB63AC1F3681EC88116696,2,-60.0,0
1581426505591762,2005FB63EAC13681E4EC0FE896,2,-57.0,0
1581426505596015,3005FB63AC1F3681EC88143C96,2,-63.5,0
1581426505597154,2005FB63EAC13681E4EC0FEC96,2,-66.0,0
1581426505598226,7336CEF1C1FE3682DEA1004A96,2,-62.0,0
1581426505602011,7336CEF1C1FE3682DEA1005096,2,-59.5,0
1581426505603134,2005FB63AC1F3681AB1005CE96,2,-68.0,0
1581426505630353,3005FB63AC1F3681EC8814A496,2,-64.5,0
1581426505640213,E28068900000000018344AD196,2,-71.5,0
1581426505649970,3005FB63AC1F3681EC8805A996,2,-64.5,0
1581426505663269,90134BC1F1CE3781AEA1000596,3,-61.0,0
1581426505665557,3005FB63AC1F3681EC8814B796,3,-56.5,0
1581426505666959,3005FB63AC1F3681EC8811B096,3,-58.5,0
1581426505669159,7336CEF1C1FE3682DEA1005C96,3,-55.5,0
1581426505670252,3005FB63AC1F3681EC8805A596,3,-64.5,0
1581426505672749,2005FB63EAC13681E5C6028D96,3,-57.0,0
1581426505677959,90134BC1F1CE3781AEA1000196,3,-63.0,0
1581426505679036,90134BC1F1CE3781AEA1000996,3,-59.0,1
1581426505680376,2005FB63EAC13681E4EC0F4B96,3,-58.5,0
1581426505681510,3005FB63AC1F3681EC8814A496,3,-59.5,0
1581426505682908,3005FB63AC1F3681EC88131696,3,-57.0,0
1581426505686013,3005FB63AC1F3681EC8814A896,3,-61.5,0
1581426505688228,3005FB63AC1F3681EC88131796,3,-60.0,0
1581426505690827,3005FB63AC1F3681EC88132C96,3,-60.0,0
1581426505693502,7336CEF1C1FE3682DEA1004A96,3,-57.0,0
1581426505694651,90144BC1F1CE3681EA88081196,3,-58.5,0
1581426505695766,3005FB63AC1F3681EC88149096,3,-59.0,0
1581426505698260,2005FB63EAC13681E4EC0F4F96,3,-61.5,0
1581426505702976,2005FB63EAC13681E4EC0FE896,3,-57.5,0
1581426505704316,3005FB63AC1F3681EC8815B996,3,-60.5,0
1581426505706398,3005FB63AC1F3681EC8814B696,3,-58.5,0
1581426505707527,3005FB63AC1F3681EC8812DB96,3,-58.5,0
1581426505708837,7336CEF1C1FE3682DEA1004696,3,-60.5,0
1581426505710465,3005FB63AC1F3681EC8814BC96,3,-56.5,0
1581426505714168,30000000000000000001786A96,3,-59.0,1
1581426505719481,3005FB63AC1F3681EC8814C196,3,-63.0,0
1581426505720572,3005FB63AC1F3681EC88116696,3,-62.5,0
1581426505723359,2005FB63EAC13681E4EC0FEA96,3,-60.5,0
1581426505724512,7336CEF1C1FE3682DEA1005096,3,-62.0,0
1581426505727014,2005FB63AC1F3681AB1004E396,3,-58.5,0
1581426505731538,3005FB63AC1F3681EC88149C96,3,-59.5,0
1581426505738335,3005FB63AC1F3681EC8805AA96,3,-64.5,0
1581426505741270,90134BC1F1CE3781AEA1001296,3,-60.0,1
1581426505742374,2005FB63EAC13681E5C602A196,3,-61.0,0
1581426505754144,3025AB20CA1F3681CF10111596,3,-64.5,0
1581426505771438,E28068900000000018344AC596,3,-70.0,0
1581426505791547,3005FB63AC1F3681EC88149096,3,-58.5,0
1581426505793460,30000000000000000001786A96,3,-58.5,1
1581426505795281,7336CEF1C1FE3682DEA1005C96,3,-58.5,0
1581426505796415,2005FB63EAC13681E4EC0FEA96,3,-60.5,0
1581426505797465,90134BC1F1CE3781AEA1000996,3,-59.0,1
1581426505799904,3005FB63AC1F3681EC88132C96,3,-60.0,0
1581426505802961,2005FB63EAC13681E4EC0F4B96,3,-58.0,0
1581426505804085,3005FB63AC1F3681EC8814A496,3,-61.0,0
1581426505805425,3005FB63AC1F3681EC8814B696,3,-57.5,0
1581426505806791,3005FB63AC1F3681EC8815B996,3,-60.5,0
1581426505808848,3005FB63AC1F3681EC88116696,3,-61.0,0
1581426505810730,3005FB63AC1F3681EC8805AA96,3,-65.5,0
1581426505811833,2005FB63EAC13681E4EC0FE896,3,-58.0,0
1581426505814249,7336CEF1C1FE3682DEA1005096,3,-63.0,0
1581426505820050,3005FB63AC1F3681EC88149C96,3,-59.5,0
1581426505821418,3005FB63AC1F3681EC8812AB96,3,-61.0,0
1581426505822547,3005FB63AC1F3681EC88131796,3,-59.0,0
1581426505823652,3005FB63AC1F3681EC88131E96,3,-58.5,0
1581426505825003,2005FB63EAC13681E5C6028D96,3,-57.5,0
1581426505826136,3005FB63AC1F3681EC8814BC96,3,-56.5,0
1581426505828577,3005FB63AC1F3681EC88131696,3,-57.0,0
1581426505829630,2005FB63EAC13681E4EC0F4C96,3,-61.0,0
1581426505831206,3005FB63AC1F3681EC88155C96,3,-60.5,0
1581426505833983,2005FB63EAC13681E4EC0F5096,3,-56.5,0
1581426505835979,3005FB63AC1F3681EC8812DB96,3,-58.5,0
1581426505837099,2005FB63EAC13681E5C602A196,3,-61.0,0
1581426505838394,3005FB63AC1F3681EC8814C196,3,-61.5,0
1581426505839986,3005FB63AC1F3681EC8814A896,3,-60.0,0
1581426505841107,3005FB63AC1F3681EC8814B796,3,-56.0,0
1581426505851483,2005FB63EAC13681E4EC0F4F96,3,-62.0,0
1581426505856492,3005FB63AC1F3681EC8811B096,3,-60.0,0
1581426505864253,7336CEF1C1FE3682DEA1004696,3,-62.5,0
1581426505865580,90134BC1F1CE3781AEA1001296,3,-60.0,1
1581426505867859,2005FB63AC1F3681AB1004E396,3,-60.5,0
1581426505869993,7336CEF1C1FE3682DEA1004A96,3,-60.0,0
1581426505884526,90144BC1F1CE3681EA88081196,3,-61.5,0
1581426505897832,90134BC1F1CE3781AEA1000596,3,-65.0,0
1581426506011669,90134BC1F1CE3781AEA1000996,1,-57.5,1
1581426506013013,90134BC1F1CE3781AEA1000296,1,-59.5,1
1581426506016625,E2806890000000001834531796,1,-59.0,1
1581426506017753,90134BC1F1CE3781AEA1001A96,1,-60.0,1
1581426506036868,2005FB63EAC13681E5C6027B96,1,-64.5,0
1581426506055747,90134BC1F1CE3781AEA1001A96,1,-60.0,1
1581426506061458,90134BC1F1CE3781AEA1000296,1,-59.5,1
1581426506062784,E2806890000000001834531796,1,-60.0,1
1581426506063933,90134BC1F1CE3781AEA1000996,1,-58.0,1
1581426506089285,2005FB63EAC13681E5C6027B96,1,-66.0,0
1581426506114790,2005FB63EAC13681E4EC0F4B96,2,-59.0,0
1581426506116937,3005FB63AC1F3681EC8812DB96,2,-60.5,0
1581426506119583,3005FB63AC1F3681EC88132C96,2,-62.5,0
1581426506124849,3005FB63AC1F3681EC8814B796,2,-57.5,0
1581426506126230,3005FB63AC1F3681EC8811B596,2,-63.0,0
1581426506129434,3005FB63AC1F3681EC88131796,2,-64.0,0
1581426506130838,3005FB63AC1F3681EC8814BC96,2,-60.0,0
1581426506133825,3005FB63AC1F3681EC88137896,2,-63.0,0
1581426506146775,1007CEA7AC1F3681EAC5106D96,2,-57.5,0
1581426506155881,3005FB63AC1F3681EC8805AA96,2,-64.0,0
1581426506157535,3005FB63AC1F3681EC88131696,2,-62.0,0
1581426506158928,2005FB63EAC13681E5C602A196,2,-61.5,0
1581426506160261,3005FB63AC1F3681EC88131E96,2,-63.5,0
1581426506161919,3005FB63AC1F3681EC8814C196,2,-58.0,0
1581426506168323,90134BC1F1CE3781AEA1002396,2,-62.0,1
1581426506175145,2005FB63EAC13681E4EC0FEA96,2,-62.0,0
1581426506176905,3005FB63AC1F3681EC88116696,2,-66.0,0
1581426506181731,3005FB63AC1F3681EC8813AD96,2,-64.0,0
1581426506192788,2005FB63AC1F3681AB1004E396,2,-62.5,0
1581426506219971,3005FB63AC1F3681EC8814A896,2,-62.5,0
1581426506234837,3005FB63AC1F3681EC88149C96,2,-67.0,0
1581426506243573,3005FB63AC1F3681EC88131796,2,-61.5,0
1581426506246197,3005FB63AC1F3681EC8814B796,2,-56.5,0
1581426506251439,3005FB63AC1F3681EC88131696,2,-63.0,0
1581426506252586,3005FB63AC1F3681EC8814BC96,2,-60.5,0
1581426506255827,2005FB63EAC13681E4EC0F4B96,2,-58.5,0
1581426506257474,3005FB63AC1F3681EC8814C196,2,-57.0,0
1581426506259061,2005FB63EAC13681E5C602A196,2,-61.0,0
1581426506261513,1007CEA7AC1F3681EAC5106D96,2,-58.5,0
1581426506263154,2005FB63AC1F3681AB1004E396,2,-62.5,0
1581426506270985,3005FB63AC1F3681EC88132C96,2,-62.0,0
1581426506272193,2005FB63EAC13681E4EC0FEA96,2,-61.0,0
1581426506281768,3005FB63AC1F3681EC8813AD96,2,-65.0,0
1581426506283510,3005FB63AC1F3681EC8805AA96,2,-65.5,0
1581426506311798,3005FB63AC1F3681EC8814A896,2,-64.0,0
1581426506349422,90134BC1F1CE3781AEA1001296,3,-59.5,1
1581426506350546,2005FB63AC1F3681AB1004E396,3,-63.0,0
1581426506351684,3005FB63AC1F3681EC8814C196,3,-59.5,0
1581426506353293,30000000000000000001786A96,3,-59.0,1
1581426506354428,2005FB63EAC13681E4EC0FE896,3,-62.5,0
1581426506360088,2005FB63EAC13681E4EC0F4B96,3,-63.0,0
1581426506377900,2005FB63EAC13681E4EC0FEA96,3,-66.5,0
1581426506390742,90134BC1F1CE3781AEA1000996,3,-62.5,1
1581426506400448,3005FB63AC1F3681EC8812AB96,3,-67.5,0
1581426506407712,2005FB63EAC13681E4EC0FE896,3,-63.5,0
1581426506410708,2005FB63AC1F3681AB1004E396,3,-62.5,0
1581426506411878,90134BC1F1CE3781AEA1001296,3,-61.0,1
1581426506415077,30000000000000000001786A96,3,-59.0,1
1581426506423317,2005FB63EAC13681E4EC0F4B96,3,-62.0,0
1581426506539766,90134BC1F1CE3781AEA1000296,1,-58.5,1
1581426506541393,90134BC1F1CE3781AEA1001A96,1,-61.0,1
1581426506544576,E2806890000000001834531796,1,-58.5,1
1581426506570384,90134BC1F1CE3781AEA1000296,1,-59.0,1
1581426506572769,E2806890000000001834531796,1,-58.5,1
1581426506574958,90134BC1F1CE3781AEA1000996,1,-58.0,1
1581426506576072,90134BC1F1CE3781AEA1001A96,1,-61.0,1
1581426506624480,1007CEA7AC1F3681EAC5106D96,2,-61.5,0
1581426506627182,3005FB63AC1F3681EC8814B796,2,-58.5,0
1581426506630114,90134BC1F1CE3781AEA1002196,2,-61.0,1
1581426506635220,2005FB63EAC13681E4EC0F4B96,2,-62.5,0
1581426506652511,7336CEF1C1FE3682DEA1004A96,2,-66.5,0
1581426506666400,3005FB63AC1F3681EC8805AA96,2,-68.5,0
1581426506677712,3005FB63AC1F3681EC88131696,2,-64.5,0
1581426506684718,3005FB63AC1F3681EC8812DB96,2,-62.5,0
1581426506691994,3005FB63AC1F3681EC8814B796,2,-58.0,0
1581426506695343,3005FB63AC1F3681EC8814C196,2,-57.0,0
1581426506697075,90134BC1F1CE3781AEA1002196,2,-60.0,1
1581426506699746,2005FB63EAC13681E4EC0F4B96,2,-62.5,0
1581426506707430,1007CEA7AC1F3681EAC5106D96,2,-61.5,0
1581426506724550,90134BC1F1CE3781AEA1002396,2,-64.5,1
1581426506740921,3005FB63AC1F3681EC8805AA96,2,-67.5,0
1581426506780595,90134BC1F1CE3781AEA1001296,3,-60.0,1
1581426506784473,30000000000000000001786A96,3,-59.5,1
1581426506794719,90134BC1F1CE3781AEA1000996,3,-63.0,1
1581426506804476,90134BC1F1CE3781AEA1002196,3,-64.0,1
1581426506830343,E28068900000000018345CCE96,3,-74.0,1
1581426506838565,90134BC1F1CE3781AEA1001296,3,-61.0,1
1581426506841238,30000000000000000001786A96,3,-59.0,1
1581426506865231,90134BC1F1CE3781AEA1000996,3,-62.5,1
1581426506957810,90134BC1F1CE3781AEA1000996,1,-57.5,1
1581426506959164,90134BC1F1CE3781AEA1001A96,1,-60.0,1
1581426506960480,E2806890000000001834531796,1,-59.0,1
1581426506961598,90134BC1F1CE3781AEA1000296,1,-57.5,1
1581426506990242,90134BC1F1CE3781AEA1000996,1,-57.5,1
1581426506994043,90134BC1F1CE3781AEA1001A96,1,-60.5,1
1581426506996477,E2806890000000001834531796,1,-59.5,1
1581426506997647,90134BC1F1CE3781AEA1000296,1,-58.0,1
1581426507031218,90134BC1F1CE3781AEA1002396,2,-60.5,1
1581426507032309,90134BC1F1CE3781AEA1000996,2,-60.0,1
1581426507040077,3005FB63AC1F3681EC8814C196,2,-59.5,0
1581426507055156,E2806890000000001834545596,2,-74.5,1
1581426507066460,3005FB63AC1F3681EC8814B796,2,-65.0,0
1581426507077812,2005FB63EAC13681E4EC0F4B96,2,-64.5,0
1581426507087917,90134BC1F1CE3781AEA1002196,2,-60.5,1
1581426507090442,3005FB63AC1F3681EC8814C196,2,-59.5,0
1581426507091809,90134BC1F1CE3781AEA1002396,2,-60.0,1
1581426507107625,2005FB63EAC13681E4EC0FEA96,2,-66.0,0
1581426507138189,30000000000000000001786A96,3,-58.0,1
1581426507142517,90134BC1F1CE3781AEA1001296,3,-61.0,1
1581426507163178,E28068900000000018345CCE96,3,-74.5,1
1581426507181547,30000000000000000001786A96,3,-58.0,1
1581426507183312,90134BC1F1CE3781AEA1001296,3,-60.5,1
1581426507202078,90134BC1F1CE3781AEA1000996,3,-62.0,1
1581426507294403,E2806890000000001834531796,1,-59.0,1
1581426507295986,90134BC1F1CE3781AEA1000296,1,-58.0,1
1581426507298220,90134BC1F1CE3781AEA1000996,1,-57.5,1
1581426507301531,90134BC1F1CE3781AEA1001A96,1,-60.0,1
1581426507328116,90134BC1F1CE3781AEA1000296,1,-58.0,1
1581426507329220,90134BC1F1CE3781AEA1000996,1,-57.5,1
1581426507332359,E2806890000000001834531796,1,-59.0,1
1581426507334956,90134BC1F1CE3781AEA1001A96,1,-60.5,1
1581426507366973,90134BC1F1CE3781AEA1002396,2,-62.0,1
1581426507375098,90134BC1F1CE3781AEA1002196,2,-61.0,1
1581426507420063,90134BC1F1CE3781AEA1002196,2,-60.5,1
1581426507421762,90134BC1F1CE3781AEA1002396,2,-60.5,1
1581426507473159,30000000000000000001786A96,3,-58.0,1
1581426507475799,90134BC1F1CE3781AEA1001296,3,-61.5,1
1581426507486193,3005FB63AC1F3681EC8812AB96,3,-66.0,0
1581426507498977,90134BC1F1CE3781AEA1000996,3,-62.5,1
1581426507537875,30000000000000000001786A96,3,-59.0,1
1581426507539275,90134BC1F1CE3781AEA1001296,3,-61.5,1
1581426507554120,90134BC1F1CE3781AEA1000996,3,-63.5,1
1581426507565758,E28068900000000018345CCE96,3,-74.5,1
1581426507578736,3005FB63AC1F3681EC8812AB96,3,-67.5,0
1581426507658533,E2806890000000001834531796,1,-59.5,1
1581426507660607,90134BC1F1CE3781AEA1000996,1,-57.0,1
1581426507663121,90134BC1F1CE3781AEA1001A96,1,-60.5,1
1581426507666805,90134BC1F1CE3781AEA1000296,1,-58.5,1
1581426507690527,90134BC1F1CE3781AEA1000996,1,-57.5,1
1581426507692713,E2806890000000001834531796,1,-59.0,1
1581426507694359,90134BC1F1CE3781AEA1000296,1,-58.5,1
1581426507695684,90134BC1F1CE3781AEA1001A96,1,-60.5,1
1581426507729629,90134BC1F1CE3781AEA1002196,2,-62.0,1
1581426507735465,90134BC1F1CE3781AEA1002396,2,-61.0,1
1581426507756255,90134BC1F1CE3781AEA1000996,2,-61.5,1
1581426507774100,90134BC1F1CE3781AEA1002196,2,-62.0,1
1581426507778105,90134BC1F1CE3781AEA1002396,2,-60.5,1
1581426507795738,90134BC1F1CE3781AEA1000996,2,-61.5,1
1581426507822230,30000000000000000001786A96,3,-59.5,1
1581426507825922,90134BC1F1CE3781AEA1001296,3,-61.0,1
1581426507848331,90134BC1F1CE3781AEA1000996,3,-63.5,1
1581426507868598,90134BC1F1CE3781AEA1002196,3,-65.0,1
1581426507878275,90134BC1F1CE3781AEA1002396,3,-65.0,1
1581426507885794,90134BC1F1CE3781AEA1001296,3,-61.0,1
1581426507889903,30000000000000000001786A96,3,-58.5,1
1581426507903283,90134BC1F1CE3781AEA1000996,3,-63.5,1
1581426507920058,90134BC1F1CE3781AEA1002196,3,-65.0,1
1581426508010069,E2806890000000001834531796,1,-59.0,1
1581426508011753,90134BC1F1CE3781AEA1000296,1,-59.0,1
1581426508013749,90134BC1F1CE3781AEA1000996,1,-56.5,1
1581426508015647,90134BC1F1CE3781AEA1001A96,1,-59.5,1
1581426508039119,E2806890000000001834531796,1,-59.5,1
1581426508042290,90134BC1F1CE3781AEA1000996,1,-57.5,1
1581426508043489,90134BC1F1CE3781AEA1001A96,1,-59.5,1
1581426508044619,90134BC1F1CE3781AEA1000296,1,-60.0,1
1581426508082607,90134BC1F1CE3781AEA1002196,2,-60.5,1
1581426508083716,90134BC1F1CE3781AEA1002396,2,-61.0,1
1581426508104641,90134BC1F1CE3781AEA1000996,2,-62.0,1
1581426508122414,90134BC1F1CE3781AEA1002396,2,-60.0,1
1581426508127988,90134BC1F1CE3781AEA1002196,2,-59.5,1
1581426508139920,90134BC1F1CE3781AEA1000996,2,-62.5,1
1581426508169172,30000000000000000001786A96,3,-59.5,1
1581426508174689,90134BC1F1CE3781AEA1001296,3,-60.5,1
1581426508188480,90134BC1F1CE3781AEA1000996,3,-62.5,1
1581426508199886,90134BC1F1CE3781AEA1002396,3,-65.5,1
1581426508229808,90134BC1F1CE3781AEA1001296,3,-61.0,1
1581426508232699,30000000000000000001786A96,3,-60.0,1
1581426508244811,90134BC1F1CE3781AEA1000996,3,-62.5,1
1581426508343281,E2806890000000001834531796,1,-59.0,1
1581426508345510,90134BC1F1CE3781AEA1000296,1,-59.5,1
1581426508347114,90134BC1F1CE3781AEA1000996,1,-57.0,1
1581426508348258,90134BC1F1CE3781AEA1001A96,1,-60.0,1
1581426508374303,90134BC1F1CE3781AEA1000296,1,-59.5,1
1581426508376029,90134BC1F1CE3781AEA1001A96,1,-60.0,1
1581426508378794,90134BC1F1CE3781AEA1000996,1,-57.0,1
1581426508380681,E2806890000000001834531796,1,-58.5,1
1581426508411923,90134BC1F1CE3781AEA1002196,2,-60.0,1
1581426508432438,90134BC1F1CE3781AEA1000996,2,-62.5,1
1581426508453143,90134BC1F1CE3781AEA1002396,2,-60.0,1
1581426508459027,90134BC1F1CE3781AEA1002196,2,-60.5,1
1581426508469225,90134BC1F1CE3781AEA1000996,2,-62.0,1
1581426508501406,90134BC1F1CE3781AEA1001296,3,-61.0,1
1581426508502512,30000000000000000001786A96,3,-59.0,1
1581426508524164,90134BC1F1CE3781AEA1002396,3,-66.0,1
1581426508535536,90134BC1F1CE3781AEA1000996,3,-63.0,1
1581426508550405,90134BC1F1CE3781AEA1001296,3,-61.0,1
1581426508557490,30000000000000000001786A96,3,-59.0,1
1581426508567766,90134BC1F1CE3781AEA1000996,3,-62.5,1
1581426508589525,90134BC1F1CE3781AEA1002396,3,-65.5,1
1581426508674807,90134BC1F1CE3781AEA1001A96,1,-60.0,1
1581426508676268,90134BC1F1CE3781AEA1000296,1,-59.5,1
1581426508678154,E2806890000000001834531796,1,-59.0,1
1581426508679484,90134BC1F1CE3781AEA1000996,1,-57.5,1
1581426508700916,90134BC1F1CE3781AEA1000996,1,-57.0,1
1581426508702035,90134BC1F1CE3781AEA1000296,1,-59.5,1
1581426508706693,E2806890000000001834531796,1,-59.0,1
1581426508707878,90134BC1F1CE3781AEA1001A96,1,-60.0,1
1581426508739960,90134BC1F1CE3781AEA1002396,2,-61.0,1
1581426508742442,90134BC1F1CE3781AEA1000996,2,-60.5,1
1581426508743569,90134BC1F1CE3781AEA1002196,2,-60.0,1
1581426508769721,90134BC1F1CE3781AEA1002396,2,-60.5,1
1581426508772707,90134BC1F1CE3781AEA1002196,2,-60.0,1
1581426508799707,90134BC1F1CE3781AEA1000996,2,-61.5,1
1581426508822087,30000000000000000001786A96,3,-59.5,1
1581426508823429,90134BC1F1CE3781AEA1001296,3,-60.5,1
1581426508839432,90134BC1F1CE3781AEA1002396,3,-66.0,1
1581426508850679,90134BC1F1CE3781AEA1000996,3,-61.5,1
1581426508871281,90134BC1F1CE3781AEA1001296,3,-60.5,1
1581426508873259,30000000000000000001786A96,3,-59.0,1
1581426508890240,90134BC1F1CE3781AEA1000996,3,-61.5,1
1581426508907055,90134BC1F1CE3781AEA1002396,3,-66.0,1
1581426508991529,90134BC1F1CE3781AEA1000296,1,-59.0,1
1581426508993740,90134BC1F1CE3781AEA1001A96,1,-60.0,1
1581426508995923,E2806890000000001834531796,1,-59.0,1
1581426508997296,90134BC1F1CE3781AEA1000996,1,-57.0,1
1581426509021058,90134BC1F1CE3781AEA1000996,1,-57.0,1
1581426509024251,90134BC1F1CE3781AEA1001A96,1,-60.0,1
1581426509026874,E2806890000000001834531796,1,-59.0,1
1581426509028248,90134BC1F1CE3781AEA1000296,1,-59.0,1
1581426509059748,90134BC1F1CE3781AEA1002196,2,-60.5,1
1581426509061944,90134BC1F1CE3781AEA1002396,2,-60.5,1
1581426509084727,90134BC1F1CE3781AEA1000996,2,-62.0,1
1581426509226323,90134BC1F1CE3781AEA1002396,2,-61.5,1
1581426509230415,90134BC1F1CE3781AEA1002196,2,-59.5,1
1581426509256479,90134BC1F1CE3781AEA1000996,2,-62.5,1
1581426509273823,30000000000000000001786A96,3,-58.5,1
1581426509278404,90134BC1F1CE3781AEA1001296,3,-61.5,1
1581426509297535,90134BC1F1CE3781AEA1002396,3,-66.0,1
1581426509308743,90134BC1F1CE3781AEA1000996,3,-62.5,1
1581426509323927,90134BC1F1CE3781AEA1001296,3,-61.0,1
1581426509329409,30000000000000000001786A96,3,-59.0,1
1581426509342525,90134BC1F1CE3781AEA1002396,3,-66.0,1
1581426509360843,90134BC1F1CE3781AEA1000996,3,-62.5,1
1581426509447348,90134BC1F1CE3781AEA1000996,1,-57.0,1
1581426509449862,90134BC1F1CE3781AEA1000296,1,-59.5,1
1581426509451306,E2806890000000001834531796,1,-59.0,1
1581426509452890,90134BC1F1CE3781AEA1001A96,1,-60.5,1
1581426509476486,90134BC1F1CE3781AEA1001A96,1,-60.0,1
1581426509479929,E2806890000000001834531796,1,-59.0,1
1581426509481947,90134BC1F1CE3781AEA1000296,1,-59.5,1
1581426509483409,90134BC1F1CE3781AEA1000996,1,-57.5,1
1581426509517712,90134BC1F1CE3781AEA1002196,2,-60.0,1
1581426509519062,90134BC1F1CE3781AEA1002396,2,-60.5,1
1581426509534072,90134BC1F1CE3781AEA1000996,2,-62.5,1
1581426509555485,90134BC1F1CE3781AEA1002396,2,-61.0,1
1581426509559776,90134BC1F1CE3781AEA1002196,2,-60.5,1
1581426509583739,90134BC1F1CE3781AEA1000996,2,-63.0,1
1581426509607178,30000000000000000001786A96,3,-59.0,1
